{
  "type": "FeatureCollection",
  "generator": "overpass-turbo",
  "copyright": "The data included in this document is from www.openstreetmap.org. The data is made available under ODbL.",
  "timestamp": "2026-08-20T11:19:26Z",
  "features": [
    {
      "type": "Feature",
      "properties": {
        "@id": "relation/1790775",
        "natural": "water",
        "source:position": "Bing Imagery 2011",
        "source:tracer": "scanaerial",
        "source:zoomlevel": "16",
        "type": "multipolygon"
      },
      "geometry": {
        "type": "Polygon",
        "coordinates": [
          [
            [
              72.7980494,
              22.8392003
            ],
            [
              72.7979851,
              22.8390224
            ],
            [
              72.7979636,
              22.8388444
            ],
            [
              72.7981997,
              22.8385477
            ],
            [
              72.7984142,
              22.8385477
            ],
            [
              72.7984571,
              22.8385082
            ],
            [
              72.7987146,
              22.8385477
            ],
            [
              72.7988219,
              22.8386862
            ],
            [
              72.7988219,
              22.8388048
            ],
            [
              72.7988648,
              22.8388444
            ],
            [
              72.7988219,
              22.838963
            ],
            [
              72.7989078,
              22.8390421
            ],
            [
              72.7989078,
              22.8392794
            ],
            [
              72.7990365,
              22.8395167
            ],
            [
              72.7990794,
              22.84011
            ],
            [
              72.7991223,
              22.8401495
            ],
            [
              72.7991652,
              22.8403077
            ],
            [
              72.7991009,
              22.8404857
            ],
            [
              72.7989292,
              22.8404857
            ],
            [
              72.7988219,
              22.8403868
            ],
            [
              72.7987576,
              22.8402484
            ],
            [
              72.7985859,
              22.840288
            ],
            [
              72.7983928,
              22.8400704
            ],
            [
              72.7983928,
              22.8399913
            ],
            [
              72.7983069,
              22.8399122
            ],
            [
              72.7982211,
              22.839754
            ],
            [
              72.7982211,
              22.8395958
            ],
            [
              72.798264,
              22.8395167
            ],
            [
              72.7981997,
              22.839497
            ],
            [
              72.7980494,
              22.839319
            ],
            [
              72.7980494,
              22.8392003
            ]
          ],
          [
            [
              72.7984571,
              22.8390619
            ],
            [
              72.7983713,
              22.8389828
            ],
            [
              72.7983069,
              22.8390421
            ],
            [
              72.7985001,
              22.839141
            ],
            [
              72.7985215,
              22.8390817
            ],
            [
              72.7984571,
              22.8390619
            ]
          ]
        ]
      },
      "id": "relation/1790775"
    },
    {
      "type": "Feature",
      "properties": {
        "@id": "relation/1817070",
        "name": "Aslali lake",
        "natural": "water",
        "source:position": "Bing Imagery 2011",
        "source:tracer": "scanaerial",
        "source:zoomlevel": "16",
        "type": "multipolygon"
      },
      "geometry": {
        "type": "Polygon",
        "coordinates": [
          [
            [
              72.5948238,
              22.9182984
            ],
            [
              72.5947595,
              22.918081
            ],
            [
              72.5947595,
              22.918002
            ],
            [
              72.5948024,
              22.9179625
            ],
            [
              72.5947165,
              22.9178439
            ],
            [
              72.5947595,
              22.9175672
            ],
            [
              72.5946736,
              22.9174486
            ],
            [
              72.5947165,
              22.9174091
            ],
            [
              72.5946307,
              22.9172114
            ],
            [
              72.5946307,
              22.9171324
            ],
            [
              72.5946736,
              22.9170929
            ],
            [
              72.5946736,
              22.9170138
            ],
            [
              72.5946307,
              22.9169743
            ],
            [
              72.5946736,
              22.9167371
            ],
            [
              72.5946093,
              22.9166778
            ],
            [
              72.5944376,
              22.9166778
            ],
            [
              72.5943303,
              22.9165395
            ],
            [
              72.5945449,
              22.9162628
            ],
            [
              72.5945449,
              22.9161837
            ],
            [
              72.5944591,
              22.9160651
            ],
            [
              72.594502,
              22.9157884
            ],
            [
              72.5944161,
              22.9156698
            ],
            [
              72.5944161,
              22.9155117
            ],
            [
              72.5943303,
              22.9154327
            ],
            [
              72.5944161,
              22.9153141
            ],
            [
              72.5944161,
              22.9151164
            ],
            [
              72.5943303,
              22.9149583
            ],
            [
              72.5943947,
              22.9149386
            ],
            [
              72.5944805,
              22.9150176
            ],
            [
              72.5946093,
              22.9150176
            ],
            [
              72.5943672,
              22.9147314
            ],
            [
              72.5944161,
              22.9146026
            ],
            [
              72.5942874,
              22.914563
            ],
            [
              72.5943732,
              22.9144049
            ],
            [
              72.5942016,
              22.9141282
            ],
            [
              72.5942016,
              22.913812
            ],
            [
              72.5942659,
              22.9137527
            ],
            [
              72.5943947,
              22.9137527
            ],
            [
              72.5945234,
              22.9136736
            ],
            [
              72.594738,
              22.9137922
            ],
            [
              72.5948238,
              22.9137922
            ],
            [
              72.5949526,
              22.9139108
            ],
            [
              72.5952959,
              22.9140689
            ],
            [
              72.5955963,
              22.9143456
            ],
            [
              72.5958109,
              22.9143852
            ],
            [
              72.5958967,
              22.9144642
            ],
            [
              72.5960255,
              22.9144642
            ],
            [
              72.5961113,
              22.9145828
            ],
            [
              72.596283,
              22.9145433
            ],
            [
              72.5963044,
              22.9148002
            ],
            [
              72.5963902,
              22.9148793
            ],
            [
              72.5963902,
              22.9149583
            ],
            [
              72.596519,
              22.9150769
            ],
            [
              72.5964332,
              22.915235
            ],
            [
              72.5964975,
              22.9152943
            ],
            [
              72.5966048,
              22.9152746
            ],
            [
              72.5966048,
              22.9154327
            ],
            [
              72.5966808,
              22.915633
            ],
            [
              72.5966438,
              22.9157833
            ],
            [
              72.5966233,
              22.9158947
            ],
            [
              72.5965834,
              22.9160454
            ],
            [
              72.5964975,
              22.9160058
            ],
            [
              72.596283,
              22.9160058
            ],
            [
              72.5961542,
              22.9160454
            ],
            [
              72.5961328,
              22.9161442
            ],
            [
              72.5961757,
              22.9161837
            ],
            [
              72.5961113,
              22.916243
            ],
            [
              72.5959826,
              22.9161639
            ],
            [
              72.5957036,
              22.9164604
            ],
            [
              72.5957465,
              22.916579
            ],
            [
              72.5958109,
              22.9166383
            ],
            [
              72.5958967,
              22.9166383
            ],
            [
              72.5960469,
              22.9168162
            ],
            [
              72.596004,
              22.9168952
            ],
            [
              72.5961328,
              22.9169743
            ],
            [
              72.5961328,
              22.9170533
            ],
            [
              72.5961757,
              22.9170929
            ],
            [
              72.5961757,
              22.9172114
            ],
            [
              72.5961328,
              22.9172905
            ],
            [
              72.5962112,
              22.9173899
            ],
            [
              72.5962045,
              22.9175111
            ],
            [
              72.5961757,
              22.9176067
            ],
            [
              72.596163,
              22.9177214
            ],
            [
              72.5961255,
              22.9179003
            ],
            [
              72.5959396,
              22.9181799
            ],
            [
              72.5958967,
              22.9181799
            ],
            [
              72.5958753,
              22.9182392
            ],
            [
              72.5955749,
              22.9184763
            ],
            [
              72.5955749,
              22.918674
            ],
            [
              72.5952959,
              22.9189704
            ],
            [
              72.5951457,
              22.9189902
            ],
            [
              72.5951242,
              22.9191681
            ],
            [
              72.5950599,
              22.9190692
            ],
            [
              72.5951028,
              22.9190297
            ],
            [
              72.5951028,
              22.9189111
            ],
            [
              72.5951457,
              22.9187925
            ],
            [
              72.5949311,
              22.9185554
            ],
            [
              72.5948882,
              22.9183577
            ],
            [
              72.5948238,
              22.9182984
            ]
          ],
          [
            [
              72.5957251,
              22.9177451
            ],
            [
              72.5956607,
              22.9178044
            ],
            [
              72.5958323,
              22.9178044
            ],
            [
              72.5958109,
              22.9177451
            ],
            [
              72.5957251,
              22.9177451
            ]
          ]
        ]
      },
      "id": "relation/1817070"
    },
    {
      "type": "Feature",
      "properties": {
        "@id": "relation/1817071",
        "natural": "water",
        "source:position": "Bing Imagery 2011",
        "source:tracer": "scanaerial",
        "source:zoomlevel": "16",
        "type": "multipolygon"
      },
      "geometry": {
        "type": "Polygon",
        "coordinates": [
          [
            [
              72.6122689,
              23.1619443
            ],
            [
              72.6122475,
              23.1621613
            ],
            [
              72.6121187,
              23.1621613
            ],
            [
              72.6119471,
              23.1622402
            ],
            [
              72.6119256,
              23.1621416
            ],
            [
              72.6120543,
              23.1621021
            ],
            [
              72.6121402,
              23.1618259
            ],
            [
              72.6118612,
              23.1616089
            ],
            [
              72.6117754,
              23.1616089
            ],
            [
              72.6117325,
              23.1615694
            ],
            [
              72.6115823,
              23.1615497
            ],
            [
              72.6116252,
              23.1614708
            ],
            [
              72.6114964,
              23.1611946
            ],
            [
              72.6115608,
              23.1611749
            ],
            [
              72.6116252,
              23.1610368
            ],
            [
              72.6116037,
              23.1610171
            ],
            [
              72.6115608,
              23.1610565
            ],
            [
              72.6115179,
              23.1610171
            ],
            [
              72.611475,
              23.1610565
            ],
            [
              72.6114106,
              23.1609973
            ],
            [
              72.6114106,
              23.1609184
            ],
            [
              72.6115394,
              23.160879
            ],
            [
              72.6114106,
              23.1607606
            ],
            [
              72.6116252,
              23.1606028
            ],
            [
              72.6115179,
              23.1605436
            ],
            [
              72.6113677,
              23.1605633
            ],
            [
              72.6113248,
              23.1603266
            ],
            [
              72.6113677,
              23.1601687
            ],
            [
              72.6114321,
              23.1601096
            ],
            [
              72.6115179,
              23.1601096
            ],
            [
              72.6116037,
              23.1599912
            ],
            [
              72.6117754,
              23.1599912
            ],
            [
              72.61199,
              23.1599123
            ],
            [
              72.6120114,
              23.1598925
            ],
            [
              72.6118827,
              23.1598136
            ],
            [
              72.6119471,
              23.159715
            ],
            [
              72.61199,
              23.159715
            ],
            [
              72.6121402,
              23.1598531
            ],
            [
              72.6121831,
              23.1599715
            ],
            [
              72.6122904,
              23.1600306
            ],
            [
              72.6124406,
              23.1601687
            ],
            [
              72.6124406,
              23.1602082
            ],
            [
              72.6123762,
              23.1602674
            ],
            [
              72.6123333,
              23.1602279
            ],
            [
              72.6122689,
              23.1603266
            ],
            [
              72.6124406,
              23.1605633
            ],
            [
              72.6126552,
              23.1607211
            ],
            [
              72.6126552,
              23.160879
            ],
            [
              72.6126981,
              23.1609184
            ],
            [
              72.6126552,
              23.1612341
            ],
            [
              72.612741,
              23.1613524
            ],
            [
              72.612741,
              23.1614708
            ],
            [
              72.6126981,
              23.1615103
            ],
            [
              72.6128268,
              23.1616286
            ],
            [
              72.6127195,
              23.1616484
            ],
            [
              72.6126337,
              23.1615694
            ],
            [
              72.6124191,
              23.1615694
            ],
            [
              72.6122904,
              23.1616484
            ],
            [
              72.612226,
              23.161747
            ],
            [
              72.6123548,
              23.161747
            ],
            [
              72.6123548,
              23.1617865
            ],
            [
              72.6122689,
              23.1618259
            ],
            [
              72.6122689,
              23.1619443
            ]
          ],
          [
            [
              72.6120114,
              23.1601293
            ],
            [
              72.6120973,
              23.1601293
            ],
            [
              72.6120543,
              23.1600898
            ],
            [
              72.6120973,
              23.1600504
            ],
            [
              72.61199,
              23.1599912
            ],
            [
              72.6119685,
              23.1600504
            ],
            [
              72.6120114,
              23.1601293
            ]
          ]
        ]
      },
      "id": "relation/1817071"
    },
    {
      "type": "Feature",
      "properties": {
        "@id": "relation/5449576",
        "natural": "water",
        "type": "multipolygon"
      },
      "geometry": {
        "type": "Polygon",
        "coordinates": [
          [
            [
              72.4924187,
              23.0360278
            ],
            [
              72.4924048,
              23.0359205
            ],
            [
              72.4924364,
              23.035917
            ],
            [
              72.4924326,
              23.0358871
            ],
            [
              72.4924009,
              23.0358906
            ],
            [
              72.4923864,
              23.0357781
            ],
            [
              72.4926396,
              23.0357504
            ],
            [
              72.4926488,
              23.0358215
            ],
            [
              72.4927177,
              23.0358139
            ],
            [
              72.4927255,
              23.0358743
            ],
            [
              72.4926325,
              23.0358845
            ],
            [
              72.4926386,
              23.0359321
            ],
            [
              72.4926628,
              23.0359294
            ],
            [
              72.4926719,
              23.0360001
            ],
            [
              72.492598,
              23.0360081
            ],
            [
              72.4926047,
              23.0360602
            ],
            [
              72.4925127,
              23.0360703
            ],
            [
              72.492506,
              23.0360182
            ],
            [
              72.4924187,
              23.0360278
            ]
          ],
          [
            [
              72.4925023,
              23.0359245
            ],
            [
              72.4925757,
              23.0359165
            ],
            [
              72.4925869,
              23.035829
            ],
            [
              72.4924941,
              23.035861
            ],
            [
              72.4925023,
              23.0359245
            ]
          ]
        ]
      },
      "id": "relation/5449576"
    },
    {
      "type": "Feature",
      "properties": {
        "@id": "relation/8015876",
        "landuse": "reservoir",
        "natural": "water",
        "source:position": "Bing",
        "source:tracer": "scanaerial",
        "source:zoomlevel": "15",
        "type": "multipolygon"
      },
      "geometry": {
        "type": "Polygon",
        "coordinates": [
          [
            [
              72.4152231,
              23.0591806
            ],
            [
              72.4153948,
              23.0591806
            ],
            [
              72.4154592,
              23.0590819
            ],
            [
              72.4156094,
              23.0590227
            ],
            [
              72.4156737,
              23.058924
            ],
            [
              72.4156308,
              23.0587265
            ],
            [
              72.4155664,
              23.0587068
            ],
            [
              72.4153304,
              23.0584501
            ],
            [
              72.4153304,
              23.0581737
            ],
            [
              72.4151587,
              23.0579763
            ],
            [
              72.4151587,
              23.0578973
            ],
            [
              72.4150944,
              23.0578381
            ],
            [
              72.4149656,
              23.0578381
            ],
            [
              72.4148583,
              23.0576999
            ],
            [
              72.4148583,
              23.057463
            ],
            [
              72.4149442,
              23.057384
            ],
            [
              72.4149013,
              23.0571076
            ],
            [
              72.4149871,
              23.0569496
            ],
            [
              72.4149871,
              23.0567522
            ],
            [
              72.4151158,
              23.0565943
            ],
            [
              72.415266,
              23.0564955
            ],
            [
              72.4153948,
              23.0564955
            ],
            [
              72.4154806,
              23.056614
            ],
            [
              72.4155235,
              23.0565745
            ],
            [
              72.4156737,
              23.0567127
            ],
            [
              72.4156737,
              23.0567522
            ],
            [
              72.4158025,
              23.0568312
            ],
            [
              72.4158025,
              23.0570681
            ],
            [
              72.4158454,
              23.0571076
            ],
            [
              72.4158883,
              23.0574235
            ],
            [
              72.4159312,
              23.057463
            ],
            [
              72.4159312,
              23.0575419
            ],
            [
              72.4158883,
              23.0575814
            ],
            [
              72.4160171,
              23.0576604
            ],
            [
              72.4160171,
              23.0577394
            ],
            [
              72.4161887,
              23.0578973
            ],
            [
              72.4161887,
              23.0580553
            ],
            [
              72.4162745,
              23.0581342
            ],
            [
              72.4162316,
              23.0584501
            ],
            [
              72.4161243,
              23.0584699
            ],
            [
              72.41606,
              23.0585686
            ],
            [
              72.4163175,
              23.0588845
            ],
            [
              72.4162745,
              23.058924
            ],
            [
              72.4162745,
              23.0591609
            ],
            [
              72.4161243,
              23.0591806
            ],
            [
              72.41606,
              23.0592794
            ],
            [
              72.41606,
              23.0593583
            ],
            [
              72.4159527,
              23.0594176
            ],
            [
              72.4159098,
              23.0594176
            ],
            [
              72.4158669,
              23.0593386
            ],
            [
              72.4158454,
              23.0593978
            ],
            [
              72.4157381,
              23.059457
            ],
            [
              72.4156523,
              23.0594176
            ],
            [
              72.4155664,
              23.0594176
            ],
            [
              72.4155235,
              23.059457
            ],
            [
              72.4151373,
              23.059457
            ],
            [
              72.4150729,
              23.0593978
            ],
            [
              72.4150729,
              23.0593188
            ],
            [
              72.4152231,
              23.0591806
            ]
          ],
          [
            [
              72.4151373,
              23.0571668
            ],
            [
              72.4150944,
              23.0572063
            ],
            [
              72.41503,
              23.057226
            ],
            [
              72.41503,
              23.057305
            ],
            [
              72.4152231,
              23.0574037
            ],
            [
              72.4152875,
              23.0573445
            ],
            [
              72.4152875,
              23.057226
            ],
            [
              72.4152231,
              23.0571668
            ],
            [
              72.4151373,
              23.0571668
            ]
          ]
        ]
      },
      "id": "relation/8015876"
    },
    {
      "type": "Feature",
      "properties": {
        "@id": "relation/9398509",
        "natural": "water",
        "type": "multipolygon"
      },
      "geometry": {
        "type": "Polygon",
        "coordinates": [
          [
            [
              72.4132061,
              23.144543
            ],
            [
              72.4127769,
              23.1446022
            ],
            [
              72.4123692,
              23.14476
            ],
            [
              72.4112963,
              23.14549
            ],
            [
              72.4104595,
              23.1458255
            ],
            [
              72.4091291,
              23.1458452
            ],
            [
              72.4085068,
              23.1465358
            ],
            [
              72.4083566,
              23.1469106
            ],
            [
              72.408421,
              23.1473052
            ],
            [
              72.4080133,
              23.1474631
            ],
            [
              72.4069834,
              23.1482523
            ],
            [
              72.4065542,
              23.1482326
            ],
            [
              72.4052667,
              23.1479366
            ],
            [
              72.4043655,
              23.1472461
            ],
            [
              72.403636,
              23.1463976
            ],
            [
              72.4029493,
              23.1458847
            ],
            [
              72.4018121,
              23.1446416
            ],
            [
              72.401061,
              23.1442076
            ],
            [
              72.4006533,
              23.144247
            ],
            [
              72.4014044,
              23.1453322
            ],
            [
              72.4017262,
              23.1456282
            ],
            [
              72.4020266,
              23.1463976
            ],
            [
              72.402842,
              23.1474236
            ],
            [
              72.4029922,
              23.1478182
            ],
            [
              72.4027562,
              23.1481734
            ],
            [
              72.4021125,
              23.1487061
            ],
            [
              72.4017262,
              23.1488639
            ],
            [
              72.4008894,
              23.1488837
            ],
            [
              72.4004602,
              23.1488245
            ],
            [
              72.3972845,
              23.1472954
            ],
            [
              72.3945272,
              23.1464174
            ],
            [
              72.3944628,
              23.1446811
            ],
            [
              72.3940229,
              23.1441681
            ],
            [
              72.3933685,
              23.1441385
            ],
            [
              72.3930895,
              23.1440004
            ],
            [
              72.39295,
              23.1430336
            ],
            [
              72.3930144,
              23.1391564
            ],
            [
              72.3932934,
              23.134993
            ],
            [
              72.3935401,
              23.1347167
            ],
            [
              72.3939586,
              23.1346181
            ],
            [
              72.3966944,
              23.1349042
            ],
            [
              72.3971772,
              23.1348154
            ],
            [
              72.4006855,
              23.1334933
            ],
            [
              72.4016297,
              23.1332565
            ],
            [
              72.4038505,
              23.1329408
            ],
            [
              72.4093222,
              23.1323883
            ],
            [
              72.4169236,
              23.1302227
            ],
            [
              72.4173206,
              23.1302128
            ],
            [
              72.4175674,
              23.1303361
            ],
            [
              72.4219179,
              23.1365222
            ],
            [
              72.4217891,
              23.136907
            ],
            [
              72.4206733,
              23.1373411
            ],
            [
              72.419815,
              23.1374989
            ],
            [
              72.4194503,
              23.1377357
            ],
            [
              72.4199223,
              23.1384263
            ],
            [
              72.4197721,
              23.1388012
            ],
            [
              72.4193859,
              23.1389985
            ],
            [
              72.4188065,
              23.1396299
            ],
            [
              72.4186349,
              23.1400048
            ],
            [
              72.4188065,
              23.1403797
            ],
            [
              72.4191284,
              23.140656
            ],
            [
              72.4195146,
              23.1408928
            ],
            [
              72.4199223,
              23.1413466
            ],
            [
              72.419638,
              23.1417214
            ],
            [
              72.4187851,
              23.1421013
            ],
            [
              72.4181038,
              23.1419336
            ],
            [
              72.4176639,
              23.1420322
            ],
            [
              72.4180931,
              23.1424022
            ],
            [
              72.4181896,
              23.1429448
            ],
            [
              72.4176317,
              23.1432555
            ],
            [
              72.4192571,
              23.144543
            ],
            [
              72.4190426,
              23.1448981
            ],
            [
              72.4191713,
              23.1453125
            ],
            [
              72.4189567,
              23.1456874
            ],
            [
              72.4185705,
              23.1458255
            ],
            [
              72.4179911,
              23.145569
            ],
            [
              72.4164033,
              23.1443062
            ],
            [
              72.4159741,
              23.1442865
            ],
            [
              72.415545,
              23.1444443
            ],
            [
              72.4153089,
              23.1447797
            ],
            [
              72.4149442,
              23.1450165
            ],
            [
              72.4147296,
              23.1453519
            ],
            [
              72.414515,
              23.1461412
            ],
            [
              72.4140858,
              23.1468909
            ],
            [
              72.4136567,
              23.147029
            ],
            [
              72.4127769,
              23.1469501
            ],
            [
              72.4123478,
              23.1467331
            ],
            [
              72.4126482,
              23.1459438
            ],
            [
              72.413013,
              23.1456874
            ],
            [
              72.4138498,
              23.1453322
            ],
            [
              72.4139571,
              23.1449179
            ],
            [
              72.4136352,
              23.1446219
            ],
            [
              72.4132061,
              23.144543
            ]
          ]
        ]
      },
      "id": "relation/9398509"
    },
    {
      "type": "Feature",
      "properties": {
        "@id": "relation/13498663",
        "addr:postcode": "380060",
        "name": "Lapkaman Lake",
        "natural": "water",
        "type": "multipolygon",
        "water": "lake"
      },
      "geometry": {
        "type": "Polygon",
        "coordinates": [
          [
            [
              72.4979669,
              23.1306814
            ],
            [
              72.4980414,
              23.1306099
            ],
            [
              72.4982189,
              23.1305261
            ],
            [
              72.498474,
              23.1304609
            ],
            [
              72.4986808,
              23.1304532
            ],
            [
              72.4989368,
              23.1305175
            ],
            [
              72.4991141,
              23.130601
            ],
            [
              72.4992677,
              23.1306954
            ],
            [
              72.4994027,
              23.1308463
            ],
            [
              72.4994277,
              23.1309704
            ],
            [
              72.499378,
              23.1310912
            ],
            [
              72.4993553,
              23.1312433
            ],
            [
              72.4993128,
              23.1313511
            ],
            [
              72.4992169,
              23.1315531
            ],
            [
              72.4991896,
              23.1317313
            ],
            [
              72.4991595,
              23.131926
            ],
            [
              72.4991649,
              23.1320504
            ],
            [
              72.4991587,
              23.1321933
            ],
            [
              72.4991245,
              23.1323908
            ],
            [
              72.499053,
              23.1325086
            ],
            [
              72.4988564,
              23.1325514
            ],
            [
              72.4986714,
              23.1325675
            ],
            [
              72.4984974,
              23.1325221
            ],
            [
              72.4984047,
              23.1324574
            ],
            [
              72.4982282,
              23.1323539
            ],
            [
              72.4980823,
              23.1322583
            ],
            [
              72.4979331,
              23.1321426
            ],
            [
              72.4978539,
              23.1320514
            ],
            [
              72.4978044,
              23.1318566
            ],
            [
              72.4977374,
              23.1317298
            ],
            [
              72.4976502,
              23.1315478
            ],
            [
              72.4975982,
              23.1314065
            ],
            [
              72.4975904,
              23.1311626
            ],
            [
              72.4976601,
              23.1310122
            ],
            [
              72.4977765,
              23.1308417
            ],
            [
              72.4979669,
              23.1306814
            ]
          ],
          [
            [
              72.498169,
              23.1313491
            ],
            [
              72.4981818,
              23.1314283
            ],
            [
              72.4982355,
              23.1314912
            ],
            [
              72.498295,
              23.1314976
            ],
            [
              72.498339,
              23.1315656
            ],
            [
              72.4983762,
              23.1316401
            ],
            [
              72.4984075,
              23.1316762
            ],
            [
              72.4985298,
              23.1317462
            ],
            [
              72.4986006,
              23.1317863
            ],
            [
              72.4986812,
              23.131778
            ],
            [
              72.4987654,
              23.1316691
            ],
            [
              72.4987783,
              23.131478
            ],
            [
              72.4988239,
              23.131298
            ],
            [
              72.4987892,
              23.1311848
            ],
            [
              72.4987217,
              23.1311626
            ],
            [
              72.4986444,
              23.1312641
            ],
            [
              72.4985917,
              23.1312339
            ],
            [
              72.4986287,
              23.1311319
            ],
            [
              72.4985864,
              23.1311203
            ],
            [
              72.4984132,
              23.1311305
            ],
            [
              72.4983078,
              23.131174
            ],
            [
              72.4982474,
              23.1312157
            ],
            [
              72.4981673,
              23.1312861
            ],
            [
              72.498169,
              23.1313491
            ]
          ]
        ]
      },
      "id": "relation/13498663"
    },
    {
      "type": "Feature",
      "properties": {
        "@id": "relation/17699329",
        "natural": "water",
        "type": "multipolygon",
        "water": "pond"
      },
      "geometry": {
        "type": "Polygon",
        "coordinates": [
          [
            [
              72.6622921,
              23.0128946
            ],
            [
              72.6622908,
              23.0128514
            ],
            [
              72.662327,
              23.0127576
            ],
            [
              72.6623659,
              23.0126995
            ],
            [
              72.6624249,
              23.0126699
            ],
            [
              72.6624772,
              23.0126452
            ],
            [
              72.6625791,
              23.01266
            ],
            [
              72.66261,
              23.0126798
            ],
            [
              72.6626019,
              23.0127316
            ],
            [
              72.6625375,
              23.0128032
            ],
            [
              72.6624987,
              23.0128773
            ],
            [
              72.6624772,
              23.012976
            ],
            [
              72.6624343,
              23.0130476
            ],
            [
              72.6623981,
              23.0131081
            ],
            [
              72.6623511,
              23.0131131
            ],
            [
              72.6623109,
              23.0130662
            ],
            [
              72.6623002,
              23.0129859
            ],
            [
              72.6622921,
              23.0128946
            ]
          ],
          [
            [
              72.6624195,
              23.0127946
            ],
            [
              72.6624463,
              23.0128205
            ],
            [
              72.6624785,
              23.0128168
            ],
            [
              72.6624946,
              23.0127835
            ],
            [
              72.6625027,
              23.0127539
            ],
            [
              72.6624919,
              23.0127255
            ],
            [
              72.6624544,
              23.0127205
            ],
            [
              72.6624303,
              23.0127415
            ],
            [
              72.6624115,
              23.0127699
            ],
            [
              72.6624195,
              23.0127946
            ]
          ]
        ]
      },
      "id": "relation/17699329"
    },
    {
      "type": "Feature",
      "properties": {
        "@id": "way/29328587",
        "natural": "water",
        "water": "river"
      },
      "geometry": {
        "type": "Polygon",
        "coordinates": [
          [
            [
              72.6497296,
              23.1250768
            ],
            [
              72.6502189,
              23.1249979
            ],
            [
              72.6530819,
              23.1253538
            ],
            [
              72.6531604,
              23.1253646
            ],
            [
              72.6532681,
              23.1253795
            ],
            [
              72.6544943,
              23.1255308
            ],
            [
              72.656124,
              23.125732
            ],
            [
              72.6655225,
              23.1267976
            ],
            [
              72.6663551,
              23.126837
            ],
            [
              72.6671962,
              23.1267976
            ],
            [
              72.6679687,
              23.1267186
            ],
            [
              72.6686811,
              23.1265844
            ],
            [
              72.6696424,
              23.1262845
            ],
            [
              72.682517,
              23.1208774
            ],
            [
              72.6950483,
              23.1156202
            ],
            [
              72.69554,
              23.1154163
            ],
            [
              72.6967048,
              23.1149334
            ],
            [
              72.6977176,
              23.1146413
            ],
            [
              72.6985759,
              23.1144518
            ],
            [
              72.6994685,
              23.1143413
            ],
            [
              72.7002668,
              23.1142861
            ],
            [
              72.7010392,
              23.1143413
            ],
            [
              72.7052813,
              23.114597
            ],
            [
              72.7121715,
              23.1150123
            ],
            [
              72.7174243,
              23.1153123
            ],
            [
              72.718377,
              23.1153518
            ],
            [
              72.7261008,
              23.115107
            ],
            [
              72.727201,
              23.1149491
            ],
            [
              72.728262,
              23.1146931
            ],
            [
              72.7308655,
              23.1139668
            ],
            [
              72.7311792,
              23.1139444
            ],
            [
              72.7312913,
              23.1143091
            ],
            [
              72.7314029,
              23.1146721
            ],
            [
              72.7311578,
              23.1147907
            ],
            [
              72.7283935,
              23.1155343
            ],
            [
              72.7275673,
              23.115739
            ],
            [
              72.7264232,
              23.1159176
            ],
            [
              72.723712,
              23.1160118
            ],
            [
              72.7183727,
              23.1161535
            ],
            [
              72.7170639,
              23.1160983
            ],
            [
              72.7011422,
              23.1151623
            ],
            [
              72.7001123,
              23.1151386
            ],
            [
              72.6990823,
              23.1152176
            ],
            [
              72.6979236,
              23.1154544
            ],
            [
              72.6968936,
              23.1157701
            ],
            [
              72.6868085,
              23.1199697
            ],
            [
              72.6711187,
              23.1265608
            ],
            [
              72.6702003,
              23.1269396
            ],
            [
              72.6690416,
              23.1272869
            ],
            [
              72.6678657,
              23.1275632
            ],
            [
              72.6667499,
              23.1276658
            ],
            [
              72.6655482,
              23.1276421
            ],
            [
              72.6583985,
              23.1267976
            ],
            [
              72.6500558,
              23.1257714
            ],
            [
              72.6496438,
              23.1256293
            ],
            [
              72.6496861,
              23.1253571
            ],
            [
              72.6497296,
              23.1250768
            ]
          ]
        ]
      },
      "id": "way/29328587"
    },
    {
      "type": "Feature",
      "properties": {
        "@id": "way/29329061",
        "natural": "water",
        "water": "canal"
      },
      "geometry": {
        "type": "Polygon",
        "coordinates": [
          [
            [
              72.7418603,
              23.1117757
            ],
            [
              72.7338346,
              23.1140778
            ],
            [
              72.7336978,
              23.1140571
            ],
            [
              72.7334403,
              23.1141124
            ],
            [
              72.733321,
              23.1137596
            ],
            [
              72.7332,
              23.1134019
            ],
            [
              72.7334403,
              23.113323
            ],
            [
              72.7336007,
              23.1132174
            ],
            [
              72.7416886,
              23.1111442
            ],
            [
              72.7513703,
              23.1085075
            ],
            [
              72.759344,
              23.1063681
            ],
            [
              72.7701844,
              23.103455
            ],
            [
              72.7785186,
              23.1011734
            ],
            [
              72.7856769,
              23.0992786
            ],
            [
              72.7869987,
              23.0989549
            ],
            [
              72.7917537,
              23.097976
            ],
            [
              72.7983283,
              23.0966101
            ],
            [
              72.801238,
              23.0960022
            ],
            [
              72.8021735,
              23.0957811
            ],
            [
              72.8032722,
              23.0954653
            ],
            [
              72.8043365,
              23.0950074
            ],
            [
              72.8100127,
              23.0918006
            ],
            [
              72.8130569,
              23.0900807
            ],
            [
              72.8151168,
              23.0889122
            ],
            [
              72.8160266,
              23.0885332
            ],
            [
              72.8168506,
              23.0882805
            ],
            [
              72.8177947,
              23.0881068
            ],
            [
              72.8186874,
              23.0880437
            ],
            [
              72.8195457,
              23.0880832
            ],
            [
              72.8205156,
              23.0881858
            ],
            [
              72.8213481,
              23.0883753
            ],
            [
              72.8222407,
              23.0886832
            ],
            [
              72.8233136,
              23.0891491
            ],
            [
              72.8234424,
              23.0892675
            ],
            [
              72.823242,
              23.0896449
            ],
            [
              72.8230819,
              23.0899465
            ],
            [
              72.8228244,
              23.0899307
            ],
            [
              72.8218288,
              23.0894649
            ],
            [
              72.8210735,
              23.0891964
            ],
            [
              72.8203696,
              23.0890385
            ],
            [
              72.81958,
              23.088928
            ],
            [
              72.818756,
              23.0888964
            ],
            [
              72.8177776,
              23.0889754
            ],
            [
              72.8169707,
              23.0891096
            ],
            [
              72.8162669,
              23.0893149
            ],
            [
              72.8154773,
              23.0896623
            ],
            [
              72.8124732,
              23.0913203
            ],
            [
              72.8050403,
              23.0955285
            ],
            [
              72.8042163,
              23.0959706
            ],
            [
              72.8030404,
              23.0963575
            ],
            [
              72.8017272,
              23.0966575
            ],
            [
              72.7948178,
              23.0980628
            ],
            [
              72.7870073,
              23.0996655
            ],
            [
              72.7856855,
              23.0999813
            ],
            [
              72.7833079,
              23.1006208
            ],
            [
              72.7719611,
              23.1036918
            ],
            [
              72.760786,
              23.1067391
            ],
            [
              72.7478341,
              23.1102364
            ],
            [
              72.7418603,
              23.1117757
            ]
          ]
        ]
      },
      "id": "way/29329061"
    },
    {
      "type": "Feature",
      "properties": {
        "@id": "way/29329273",
        "natural": "water",
        "water": "canal"
      },
      "geometry": {
        "type": "Polygon",
        "coordinates": [
          [
            [
              72.6388806,
              23.1236797
            ],
            [
              72.6440906,
              23.1243032
            ],
            [
              72.6446571,
              23.1244927
            ],
            [
              72.6446433,
              23.124718
            ],
            [
              72.644597,
              23.1250452
            ],
            [
              72.6440047,
              23.1250926
            ],
            [
              72.6388549,
              23.1244848
            ],
            [
              72.6377563,
              23.1243743
            ],
            [
              72.6367349,
              23.1243901
            ],
            [
              72.6357221,
              23.1244848
            ],
            [
              72.6348123,
              23.1246742
            ],
            [
              72.6336793,
              23.1250373
            ],
            [
              72.6324691,
              23.1255504
            ],
            [
              72.6208476,
              23.130752
            ],
            [
              72.6107453,
              23.1352589
            ],
            [
              72.6057243,
              23.1374531
            ],
            [
              72.6008147,
              23.1396473
            ],
            [
              72.5943603,
              23.1427332
            ],
            [
              72.5899142,
              23.1448326
            ],
            [
              72.5840434,
              23.1475948
            ],
            [
              72.5807904,
              23.1491653
            ],
            [
              72.580078,
              23.1496073
            ],
            [
              72.5795373,
              23.1500335
            ],
            [
              72.5784387,
              23.1510042
            ],
            [
              72.5734605,
              23.1555025
            ],
            [
              72.5689372,
              23.1596139
            ],
            [
              72.5645599,
              23.1635911
            ],
            [
              72.5598306,
              23.1678681
            ],
            [
              72.5591611,
              23.1684441
            ],
            [
              72.5585174,
              23.1689491
            ],
            [
              72.5577277,
              23.1696041
            ],
            [
              72.5567063,
              23.1704089
            ],
            [
              72.5514844,
              23.1745771
            ],
            [
              72.5498056,
              23.175885
            ],
            [
              72.5492305,
              23.1762795
            ],
            [
              72.5486039,
              23.1766188
            ],
            [
              72.5479259,
              23.1769423
            ],
            [
              72.5469817,
              23.1772895
            ],
            [
              72.5461492,
              23.1775183
            ],
            [
              72.5452308,
              23.177684
            ],
            [
              72.5443124,
              23.1777866
            ],
            [
              72.5433511,
              23.1778023
            ],
            [
              72.5424585,
              23.1777313
            ],
            [
              72.5412654,
              23.1775656
            ],
            [
              72.5339183,
              23.1765557
            ],
            [
              72.5263137,
              23.1754747
            ],
            [
              72.5215415,
              23.1748119
            ],
            [
              72.5159883,
              23.1740465
            ],
            [
              72.5129241,
              23.1736283
            ],
            [
              72.5064696,
              23.1725631
            ],
            [
              72.5041694,
              23.1721685
            ],
            [
              72.5038175,
              23.1719713
            ],
            [
              72.5038837,
              23.171679
            ],
            [
              72.5039132,
              23.1714754
            ],
            [
              72.504341,
              23.1713953
            ],
            [
              72.5050234,
              23.1715086
            ],
            [
              72.5103749,
              23.1723974
            ],
            [
              72.513894,
              23.1729339
            ],
            [
              72.5219535,
              23.1740702
            ],
            [
              72.5223346,
              23.1741241
            ],
            [
              72.5307082,
              23.175309
            ],
            [
              72.5372914,
              23.1762178
            ],
            [
              72.5422525,
              23.176895
            ],
            [
              72.5431966,
              23.1769896
            ],
            [
              72.5440034,
              23.1770054
            ],
            [
              72.5448531,
              23.1769739
            ],
            [
              72.5454969,
              23.1768634
            ],
            [
              72.5463809,
              23.1766582
            ],
            [
              72.5471276,
              23.1764136
            ],
            [
              72.5478486,
              23.1761059
            ],
            [
              72.5485696,
              23.1757666
            ],
            [
              72.5493592,
              23.1752695
            ],
            [
              72.5507862,
              23.1741155
            ],
            [
              72.5523891,
              23.1728235
            ],
            [
              72.5583285,
              23.168089
            ],
            [
              72.5594529,
              23.1670948
            ],
            [
              72.5636501,
              23.1632992
            ],
            [
              72.5712718,
              23.1564258
            ],
            [
              72.5764302,
              23.1517302
            ],
            [
              72.5785073,
              23.1498441
            ],
            [
              72.5790567,
              23.1493784
            ],
            [
              72.5796489,
              23.1489444
            ],
            [
              72.5803012,
              23.1485655
            ],
            [
              72.581417,
              23.1479815
            ],
            [
              72.5862922,
              23.1456691
            ],
            [
              72.5922317,
              23.1428832
            ],
            [
              72.5981969,
              23.1400656
            ],
            [
              72.6022395,
              23.1381871
            ],
            [
              72.6073293,
              23.1359061
            ],
            [
              72.6159124,
              23.132086
            ],
            [
              72.6211738,
              23.1297338
            ],
            [
              72.6264438,
              23.1273895
            ],
            [
              72.6325034,
              23.1246821
            ],
            [
              72.6333532,
              23.1243269
            ],
            [
              72.6342372,
              23.1240112
            ],
            [
              72.6352929,
              23.1237744
            ],
            [
              72.6360568,
              23.1236481
            ],
            [
              72.6369924,
              23.1235691
            ],
            [
              72.6379537,
              23.1236086
            ],
            [
              72.6388806,
              23.1236797
            ]
          ]
        ]
      },
      "id": "way/29329273"
    },
    {
      "type": "Feature",
      "properties": {
        "@id": "way/29329527",
        "natural": "water",
        "water": "canal"
      },
      "geometry": {
        "type": "Polygon",
        "coordinates": [
          [
            [
              72.4996719,
              23.171411
            ],
            [
              72.4982042,
              23.1711822
            ],
            [
              72.4971055,
              23.1710402
            ],
            [
              72.496067,
              23.1709849
            ],
            [
              72.49514,
              23.1710402
            ],
            [
              72.4943933,
              23.1711585
            ],
            [
              72.4936294,
              23.17134
            ],
            [
              72.4926852,
              23.171632
            ],
            [
              72.4917068,
              23.172066
            ],
            [
              72.4896125,
              23.173147
            ],
            [
              72.4882821,
              23.1739124
            ],
            [
              72.4873637,
              23.1745831
            ],
            [
              72.4866771,
              23.1752143
            ],
            [
              72.4861707,
              23.175814
            ],
            [
              72.485733,
              23.1764452
            ],
            [
              72.4840507,
              23.1791989
            ],
            [
              72.4805745,
              23.1848798
            ],
            [
              72.4775066,
              23.190284
            ],
            [
              72.473021,
              23.1978023
            ],
            [
              72.4684295,
              23.2059915
            ],
            [
              72.4644727,
              23.2130832
            ],
            [
              72.4640865,
              23.2136984
            ],
            [
              72.463623,
              23.2143689
            ],
            [
              72.4631251,
              23.2149369
            ],
            [
              72.4626102,
              23.2154338
            ],
            [
              72.4619922,
              23.2159387
            ],
            [
              72.4590224,
              23.2182656
            ],
            [
              72.4523448,
              23.2235268
            ],
            [
              72.4466113,
              23.2280226
            ],
            [
              72.4400796,
              23.2331099
            ],
            [
              72.4306382,
              23.2405156
            ],
            [
              72.4268531,
              23.2434731
            ],
            [
              72.4262609,
              23.2438989
            ],
            [
              72.4257201,
              23.2442223
            ],
            [
              72.4248532,
              23.2446481
            ],
            [
              72.413824,
              23.2493956
            ],
            [
              72.4134635,
              23.2487253
            ],
            [
              72.4185104,
              23.2465724
            ],
            [
              72.4245528,
              23.2439541
            ],
            [
              72.4253425,
              23.2435756
            ],
            [
              72.4259948,
              23.2431734
            ],
            [
              72.4275998,
              23.2419115
            ],
            [
              72.4349984,
              23.2361621
            ],
            [
              72.4412555,
              23.2312643
            ],
            [
              72.4495382,
              23.2248046
            ],
            [
              72.4572629,
              23.2187231
            ],
            [
              72.461769,
              23.2151893
            ],
            [
              72.4623698,
              23.2146608
            ],
            [
              72.4628934,
              23.2140692
            ],
            [
              72.4633483,
              23.2134934
            ],
            [
              72.4637431,
              23.212815
            ],
            [
              72.4656314,
              23.2094309
            ],
            [
              72.4690217,
              23.2033014
            ],
            [
              72.4703435,
              23.2009347
            ],
            [
              72.4729613,
              23.1962644
            ],
            [
              72.4754504,
              23.1919253
            ],
            [
              72.4789352,
              23.1861106
            ],
            [
              72.482849,
              23.1797039
            ],
            [
              72.4850806,
              23.1760349
            ],
            [
              72.4858789,
              23.1749855
            ],
            [
              72.486823,
              23.1740781
            ],
            [
              72.488119,
              23.1731549
            ],
            [
              72.4895524,
              23.1723658
            ],
            [
              72.4914922,
              23.1713558
            ],
            [
              72.4924964,
              23.1709376
            ],
            [
              72.4933976,
              23.1706456
            ],
            [
              72.4943847,
              23.1704405
            ],
            [
              72.4955262,
              23.1703063
            ],
            [
              72.4964961,
              23.1702984
            ],
            [
              72.4972943,
              23.1703537
            ],
            [
              72.4998178,
              23.1707245
            ],
            [
              72.5031909,
              23.171198
            ],
            [
              72.5036115,
              23.1714268
            ],
            [
              72.5035852,
              23.1716344
            ],
            [
              72.5035257,
              23.1719082
            ],
            [
              72.5031308,
              23.1719555
            ],
            [
              72.4996719,
              23.171411
            ]
          ]
        ]
      },
      "id": "way/29329527"
    },
    {
      "type": "Feature",
      "properties": {
        "@id": "way/29329538",
        "natural": "water",
        "water": "canal"
      },
      "geometry": {
        "type": "Polygon",
        "coordinates": [
          [
            [
              72.5036115,
              23.1714268
            ],
            [
              72.5039132,
              23.1714754
            ],
            [
              72.5038837,
              23.171679
            ],
            [
              72.5038175,
              23.1719713
            ],
            [
              72.5035257,
              23.1719082
            ],
            [
              72.5035852,
              23.1716344
            ],
            [
              72.5036115,
              23.1714268
            ]
          ]
        ]
      },
      "id": "way/29329538"
    },
    {
      "type": "Feature",
      "properties": {
        "@id": "way/29340465",
        "intermittent": "no",
        "name": "Kankaria Lake",
        "natural": "water",
        "water": "lake",
        "wikidata": "Q16384",
        "wikimedia_commons": "Category:Kankaria Lake",
        "wikipedia": "en:Kankaria Lake"
      },
      "geometry": {
        "type": "Polygon",
        "coordinates": [
          [
            [
              72.600848,
              23.0035934
            ],
            [
              72.6010861,
              23.0035827
            ],
            [
              72.6011503,
              23.0035839
            ],
            [
              72.6011546,
              23.0038901
            ],
            [
              72.6011268,
              23.0038968
            ],
            [
              72.6011035,
              23.00391
            ],
            [
              72.6010848,
              23.0039309
            ],
            [
              72.6010675,
              23.0039653
            ],
            [
              72.601085,
              23.0057262
            ],
            [
              72.6010728,
              23.0057799
            ],
            [
              72.6010362,
              23.0058091
            ],
            [
              72.6009645,
              23.0058199
            ],
            [
              72.6008158,
              23.005831
            ],
            [
              72.6007738,
              23.0058442
            ],
            [
              72.6007275,
              23.0058698
            ],
            [
              72.6007155,
              23.0066488
            ],
            [
              72.600746,
              23.0067093
            ],
            [
              72.6007839,
              23.0067374
            ],
            [
              72.6008373,
              23.0067452
            ],
            [
              72.6016169,
              23.0067432
            ],
            [
              72.6016723,
              23.0067244
            ],
            [
              72.6017069,
              23.0066639
            ],
            [
              72.6017409,
              23.0059737
            ],
            [
              72.6017295,
              23.0059051
            ],
            [
              72.6017108,
              23.0058588
            ],
            [
              72.6016529,
              23.005814
            ],
            [
              72.6015887,
              23.0058085
            ],
            [
              72.6013896,
              23.0058136
            ],
            [
              72.6013706,
              23.005801
            ],
            [
              72.6013573,
              23.0057822
            ],
            [
              72.6013551,
              23.0057603
            ],
            [
              72.6013673,
              23.0039798
            ],
            [
              72.60136,
              23.003956
            ],
            [
              72.6013381,
              23.0039305
            ],
            [
              72.6013171,
              23.0039166
            ],
            [
              72.6012852,
              23.0038962
            ],
            [
              72.6012257,
              23.0038823
            ],
            [
              72.6012292,
              23.0035899
            ],
            [
              72.6012629,
              23.0035739
            ],
            [
              72.6014066,
              23.0035785
            ],
            [
              72.6015915,
              23.003601
            ],
            [
              72.6019073,
              23.0036505
            ],
            [
              72.6022029,
              23.0037327
            ],
            [
              72.6026373,
              23.0039058
            ],
            [
              72.6030235,
              23.0041418
            ],
            [
              72.6034153,
              23.0045069
            ],
            [
              72.6037344,
              23.0049531
            ],
            [
              72.6039517,
              23.0054313
            ],
            [
              72.6040805,
              23.0059647
            ],
            [
              72.6040914,
              23.006313
            ],
            [
              72.6040649,
              23.0066835
            ],
            [
              72.6040251,
              23.006923
            ],
            [
              72.6039492,
              23.0071243
            ],
            [
              72.6037425,
              23.0075847
            ],
            [
              72.6034679,
              23.0079646
            ],
            [
              72.6030564,
              23.0083384
            ],
            [
              72.60266,
              23.0086073
            ],
            [
              72.6024098,
              23.0087107
            ],
            [
              72.6021069,
              23.008827
            ],
            [
              72.6015319,
              23.0089569
            ],
            [
              72.6013289,
              23.0089544
            ],
            [
              72.6013228,
              23.0089161
            ],
            [
              72.6012913,
              23.0089155
            ],
            [
              72.6012866,
              23.0087692
            ],
            [
              72.6011646,
              23.0087686
            ],
            [
              72.6011699,
              23.0089198
            ],
            [
              72.6011404,
              23.0089223
            ],
            [
              72.6011364,
              23.0089569
            ],
            [
              72.6008118,
              23.008922
            ],
            [
              72.6003607,
              23.008841
            ],
            [
              72.5998016,
              23.0086093
            ],
            [
              72.5993359,
              23.0083087
            ],
            [
              72.5989328,
              23.0079224
            ],
            [
              72.5986378,
              23.0074692
            ],
            [
              72.5984073,
              23.0069758
            ],
            [
              72.5983185,
              23.0064754
            ],
            [
              72.5983194,
              23.005955
            ],
            [
              72.5984526,
              23.0054401
            ],
            [
              72.5986616,
              23.0049669
            ],
            [
              72.5990703,
              23.0044359
            ],
            [
              72.5992439,
              23.0043
            ],
            [
              72.5994105,
              23.0041665
            ],
            [
              72.5998566,
              23.0038912
            ],
            [
              72.6003691,
              23.0036993
            ],
            [
              72.600848,
              23.0035934
            ]
          ]
        ]
      },
      "id": "way/29340465"
    },
    {
      "type": "Feature",
      "properties": {
        "@id": "way/29349715",
        "natural": "water",
        "water": "river"
      },
      "geometry": {
        "type": "Polygon",
        "coordinates": [
          [
            [
              72.6471781,
              23.1100727
            ],
            [
              72.6510978,
              23.1100889
            ],
            [
              72.6510537,
              23.1110128
            ],
            [
              72.6512081,
              23.1124022
            ],
            [
              72.6511738,
              23.1135231
            ],
            [
              72.651088,
              23.1150388
            ],
            [
              72.6510193,
              23.1164676
            ],
            [
              72.6506846,
              23.1190726
            ],
            [
              72.650531,
              23.1193222
            ],
            [
              72.6503181,
              23.1196681
            ],
            [
              72.6501455,
              23.1199486
            ],
            [
              72.6498005,
              23.1205092
            ],
            [
              72.6486075,
              23.123343
            ],
            [
              72.6480067,
              23.1267372
            ],
            [
              72.646908,
              23.1284658
            ],
            [
              72.6464274,
              23.1303838
            ],
            [
              72.6462729,
              23.132144
            ],
            [
              72.6465475,
              23.1339752
            ],
            [
              72.6470969,
              23.1352617
            ],
            [
              72.6478264,
              23.1364298
            ],
            [
              72.649277,
              23.1378426
            ],
            [
              72.6498536,
              23.1383118
            ],
            [
              72.6506846,
              23.138845
            ],
            [
              72.6523669,
              23.1399342
            ],
            [
              72.6543667,
              23.1409207
            ],
            [
              72.6566927,
              23.1415048
            ],
            [
              72.6593792,
              23.1420415
            ],
            [
              72.6611817,
              23.1421993
            ],
            [
              72.6629755,
              23.1419783
            ],
            [
              72.6653445,
              23.1414258
            ],
            [
              72.6669752,
              23.140534
            ],
            [
              72.6684687,
              23.1398237
            ],
            [
              72.6700652,
              23.1395869
            ],
            [
              72.6715586,
              23.1396737
            ],
            [
              72.6734297,
              23.1402972
            ],
            [
              72.6747687,
              23.1411338
            ],
            [
              72.6754897,
              23.1420336
            ],
            [
              72.6767514,
              23.1441014
            ],
            [
              72.6774981,
              23.1457666
            ],
            [
              72.6781075,
              23.149105
            ],
            [
              72.6784508,
              23.150786
            ],
            [
              72.6789229,
              23.1529957
            ],
            [
              72.6788027,
              23.1546056
            ],
            [
              72.6778414,
              23.1565627
            ],
            [
              72.6769496,
              23.1584414
            ],
            [
              72.6753762,
              23.16032
            ],
            [
              72.6739354,
              23.1620349
            ],
            [
              72.6715042,
              23.1641438
            ],
            [
              72.6692426,
              23.1664317
            ],
            [
              72.6671445,
              23.1684336
            ],
            [
              72.6652863,
              23.1700009
            ],
            [
              72.6634538,
              23.1718251
            ],
            [
              72.6615795,
              23.173927
            ],
            [
              72.6602963,
              23.1764139
            ],
            [
              72.6598935,
              23.178744
            ],
            [
              72.6599257,
              23.1813577
            ],
            [
              72.6596902,
              23.1840408
            ],
            [
              72.6602255,
              23.1862687
            ],
            [
              72.6606836,
              23.1876714
            ],
            [
              72.6570017,
              23.188788
            ],
            [
              72.6563837,
              23.1869023
            ],
            [
              72.6561699,
              23.1857544
            ],
            [
              72.6560232,
              23.1846616
            ],
            [
              72.6558859,
              23.1831862
            ],
            [
              72.6560919,
              23.1806298
            ],
            [
              72.6562807,
              23.1787835
            ],
            [
              72.6569331,
              23.1766137
            ],
            [
              72.6579974,
              23.1743728
            ],
            [
              72.6591698,
              23.1718877
            ],
            [
              72.6609156,
              23.1693149
            ],
            [
              72.6624262,
              23.1675947
            ],
            [
              72.6636021,
              23.1667503
            ],
            [
              72.6652149,
              23.1650467
            ],
            [
              72.6666062,
              23.1639648
            ],
            [
              72.6684937,
              23.1624674
            ],
            [
              72.6699879,
              23.1611319
            ],
            [
              72.6713526,
              23.1596325
            ],
            [
              72.6725886,
              23.1576044
            ],
            [
              72.6738331,
              23.1552764
            ],
            [
              72.6738109,
              23.1530228
            ],
            [
              72.6737219,
              23.151363
            ],
            [
              72.673437,
              23.1501151
            ],
            [
              72.6731854,
              23.1487784
            ],
            [
              72.6719977,
              23.1471867
            ],
            [
              72.6706727,
              23.1464291
            ],
            [
              72.6681144,
              23.1454603
            ],
            [
              72.665215,
              23.1448368
            ],
            [
              72.6610162,
              23.1446622
            ],
            [
              72.6582825,
              23.1446928
            ],
            [
              72.6546514,
              23.1445635
            ],
            [
              72.6526939,
              23.1438069
            ],
            [
              72.6499121,
              23.1424755
            ],
            [
              72.6476719,
              23.1412128
            ],
            [
              72.6462042,
              23.1400841
            ],
            [
              72.6451828,
              23.1390502
            ],
            [
              72.6445305,
              23.1376848
            ],
            [
              72.6440327,
              23.1360983
            ],
            [
              72.644007,
              23.1340383
            ],
            [
              72.6443245,
              23.1314178
            ],
            [
              72.6445353,
              23.1305265
            ],
            [
              72.6449425,
              23.1288052
            ],
            [
              72.6457064,
              23.1263662
            ],
            [
              72.6462557,
              23.1231062
            ],
            [
              72.6468394,
              23.1183779
            ],
            [
              72.6471226,
              23.1134205
            ],
            [
              72.6472084,
              23.1110601
            ],
            [
              72.6471781,
              23.1100727
            ]
          ]
        ]
      },
      "id": "way/29349715"
    },
    {
      "type": "Feature",
      "properties": {
        "@id": "way/29349768",
        "natural": "water"
      },
      "geometry": {
        "type": "Polygon",
        "coordinates": [
          [
            [
              72.650531,
              23.1193222
            ],
            [
              72.6515944,
              23.1196962
            ],
            [
              72.6523497,
              23.1201935
            ],
            [
              72.6529848,
              23.1208013
            ],
            [
              72.6534226,
              23.1214643
            ],
            [
              72.653723,
              23.1222695
            ],
            [
              72.6538174,
              23.1230036
            ],
            [
              72.6538174,
              23.1235877
            ],
            [
              72.6536972,
              23.1238719
            ],
            [
              72.6535685,
              23.124235
            ],
            [
              72.6532681,
              23.1253795
            ],
            [
              72.6530819,
              23.1253538
            ],
            [
              72.6531222,
              23.1241876
            ],
            [
              72.6531565,
              23.1238324
            ],
            [
              72.6530964,
              23.123564
            ],
            [
              72.6531222,
              23.1230431
            ],
            [
              72.6530535,
              23.1224984
            ],
            [
              72.6528389,
              23.1219064
            ],
            [
              72.6524184,
              23.1213459
            ],
            [
              72.652015,
              23.120896
            ],
            [
              72.651294,
              23.1203908
            ],
            [
              72.6501455,
              23.1199486
            ],
            [
              72.6503181,
              23.1196681
            ],
            [
              72.650531,
              23.1193222
            ]
          ]
        ]
      },
      "id": "way/29349768"
    },
    {
      "type": "Feature",
      "properties": {
        "@id": "way/29349855",
        "natural": "water",
        "water": "river"
      },
      "geometry": {
        "type": "Polygon",
        "coordinates": [
          [
            [
              72.6613365,
              23.1921336
            ],
            [
              72.6615961,
              23.1926788
            ],
            [
              72.6622712,
              23.1940961
            ],
            [
              72.6631696,
              23.195128
            ],
            [
              72.663299,
              23.1952764
            ],
            [
              72.6638835,
              23.1959467
            ],
            [
              72.6649341,
              23.197773
            ],
            [
              72.66539,
              23.1985398
            ],
            [
              72.665744,
              23.1992475
            ],
            [
              72.6658665,
              23.1992393
            ],
            [
              72.6660078,
              23.1994421
            ],
            [
              72.6669581,
              23.2012925
            ],
            [
              72.6683743,
              23.2027756
            ],
            [
              72.6697733,
              23.2041009
            ],
            [
              72.671447,
              23.2056787
            ],
            [
              72.6735159,
              23.2073074
            ],
            [
              72.6737489,
              23.2074665
            ],
            [
              72.6748057,
              23.2081744
            ],
            [
              72.6774037,
              23.2099148
            ],
            [
              72.6797211,
              23.2115556
            ],
            [
              72.6816523,
              23.2132595
            ],
            [
              72.6831887,
              23.2147661
            ],
            [
              72.6850426,
              23.2164621
            ],
            [
              72.6861842,
              23.2179056
            ],
            [
              72.6870682,
              23.2195462
            ],
            [
              72.6880123,
              23.221739
            ],
            [
              72.6886303,
              23.2236794
            ],
            [
              72.6888878,
              23.2251702
            ],
            [
              72.6888363,
              23.2264558
            ],
            [
              72.6886561,
              23.2287353
            ],
            [
              72.6885273,
              23.2305336
            ],
            [
              72.6883814,
              23.2322766
            ],
            [
              72.6880897,
              23.233549
            ],
            [
              72.6878407,
              23.2346348
            ],
            [
              72.687566,
              23.2364094
            ],
            [
              72.6870081,
              23.2384679
            ],
            [
              72.6862528,
              23.2411493
            ],
            [
              72.6858374,
              23.2430007
            ],
            [
              72.6851667,
              23.2449641
            ],
            [
              72.6849775,
              23.2453743
            ],
            [
              72.6848681,
              23.2456115
            ],
            [
              72.6844196,
              23.2468857
            ],
            [
              72.683532,
              23.2486571
            ],
            [
              72.6833517,
              23.2509441
            ],
            [
              72.6824763,
              23.2556598
            ],
            [
              72.6823441,
              23.2576299
            ],
            [
              72.6823218,
              23.2579624
            ],
            [
              72.6826136,
              23.259437
            ],
            [
              72.6832831,
              23.2605094
            ],
            [
              72.684253,
              23.2618421
            ],
            [
              72.6851027,
              23.262875
            ],
            [
              72.686373,
              23.2639396
            ],
            [
              72.6878922,
              23.2648779
            ],
            [
              72.6905529,
              23.266108
            ],
            [
              72.6934626,
              23.2671646
            ],
            [
              72.6954024,
              23.2680398
            ],
            [
              72.696398,
              23.2688993
            ],
            [
              72.6977455,
              23.2703501
            ],
            [
              72.699136,
              23.2719822
            ],
            [
              72.7003891,
              23.2738194
            ],
            [
              72.7011959,
              23.2751598
            ],
            [
              72.6974022,
              23.2750809
            ],
            [
              72.696398,
              23.2732438
            ],
            [
              72.6954453,
              23.2718403
            ],
            [
              72.6939776,
              23.2703028
            ],
            [
              72.6923725,
              23.2690649
            ],
            [
              72.6902439,
              23.267819
            ],
            [
              72.6885702,
              23.2670463
            ],
            [
              72.6855318,
              23.2660922
            ],
            [
              72.6837723,
              23.2653825
            ],
            [
              72.6819956,
              23.264665
            ],
            [
              72.680897,
              23.2635453
            ],
            [
              72.6800473,
              23.2615897
            ],
            [
              72.679558,
              23.260194
            ],
            [
              72.6794293,
              23.2582778
            ],
            [
              72.679558,
              23.2564405
            ],
            [
              72.6794533,
              23.2553665
            ],
            [
              72.680485,
              23.2526632
            ],
            [
              72.6811974,
              23.2508968
            ],
            [
              72.6811614,
              23.2488527
            ],
            [
              72.6814224,
              23.2481618
            ],
            [
              72.6814549,
              23.2473717
            ],
            [
              72.6820587,
              23.2453602
            ],
            [
              72.6820177,
              23.2440525
            ],
            [
              72.6824931,
              23.2425289
            ],
            [
              72.6834396,
              23.2387632
            ],
            [
              72.6839036,
              23.2367173
            ],
            [
              72.6844628,
              23.2337306
            ],
            [
              72.6851626,
              23.2314061
            ],
            [
              72.6854662,
              23.2266574
            ],
            [
              72.6851926,
              23.2249242
            ],
            [
              72.6838724,
              23.2218051
            ],
            [
              72.6830348,
              23.2203869
            ],
            [
              72.6822227,
              23.2192269
            ],
            [
              72.6811353,
              23.2172209
            ],
            [
              72.6800573,
              23.2158253
            ],
            [
              72.6779091,
              23.2139871
            ],
            [
              72.6761825,
              23.2125902
            ],
            [
              72.674003,
              23.2109235
            ],
            [
              72.6718207,
              23.2097526
            ],
            [
              72.6698986,
              23.2084737
            ],
            [
              72.6675469,
              23.2068674
            ],
            [
              72.6657375,
              23.2052778
            ],
            [
              72.664512,
              23.2043547
            ],
            [
              72.6624811,
              23.2024179
            ],
            [
              72.6618892,
              23.2012525
            ],
            [
              72.661813,
              23.2009792
            ],
            [
              72.6619172,
              23.200936
            ],
            [
              72.659817,
              23.1956913
            ],
            [
              72.6590273,
              23.1943027
            ],
            [
              72.6579459,
              23.1914862
            ],
            [
              72.6570017,
              23.188788
            ],
            [
              72.6606836,
              23.1876714
            ],
            [
              72.6607515,
              23.1888486
            ],
            [
              72.6608173,
              23.1900159
            ],
            [
              72.6613365,
              23.1921336
            ]
          ]
        ]
      },
      "id": "way/29349855"
    },
    {
      "type": "Feature",
      "properties": {
        "@id": "way/29350057",
        "natural": "water",
        "water": "river"
      },
      "geometry": {
        "type": "Polygon",
        "coordinates": [
          [
            [
              72.5989759,
              23.0822486
            ],
            [
              72.5990445,
              23.0806126
            ],
            [
              72.5989104,
              23.0777267
            ],
            [
              72.5986685,
              23.0770843
            ],
            [
              72.5985046,
              23.0763204
            ],
            [
              72.5987003,
              23.0761211
            ],
            [
              72.5987615,
              23.0756158
            ],
            [
              72.5983148,
              23.0741773
            ],
            [
              72.5974209,
              23.0721729
            ],
            [
              72.5964051,
              23.0706088
            ],
            [
              72.5957785,
              23.0697449
            ],
            [
              72.5952138,
              23.0690151
            ],
            [
              72.594641,
              23.0684969
            ],
            [
              72.5930964,
              23.0669494
            ],
            [
              72.5913751,
              23.0657254
            ],
            [
              72.5905206,
              23.0652107
            ],
            [
              72.5898507,
              23.0648568
            ],
            [
              72.5889262,
              23.0643395
            ],
            [
              72.5879911,
              23.0638915
            ],
            [
              72.5866373,
              23.063176
            ],
            [
              72.5855144,
              23.0625732
            ],
            [
              72.5847467,
              23.0622154
            ],
            [
              72.5839436,
              23.061816
            ],
            [
              72.5828541,
              23.0610123
            ],
            [
              72.5816339,
              23.0600727
            ],
            [
              72.5813747,
              23.0598446
            ],
            [
              72.5804771,
              23.0590971
            ],
            [
              72.5799795,
              23.0586765
            ],
            [
              72.5789295,
              23.0577028
            ],
            [
              72.578296,
              23.0570054
            ],
            [
              72.577685,
              23.0563223
            ],
            [
              72.5777164,
              23.0562944
            ],
            [
              72.5772256,
              23.0557052
            ],
            [
              72.5768741,
              23.0551783
            ],
            [
              72.5766195,
              23.0547673
            ],
            [
              72.5759389,
              23.0536436
            ],
            [
              72.5755197,
              23.0528772
            ],
            [
              72.5751533,
              23.052061
            ],
            [
              72.5749004,
              23.0515149
            ],
            [
              72.5745257,
              23.0506601
            ],
            [
              72.5742395,
              23.0499066
            ],
            [
              72.5740254,
              23.0491491
            ],
            [
              72.5737517,
              23.0481428
            ],
            [
              72.5734445,
              23.0468092
            ],
            [
              72.5731961,
              23.045829
            ],
            [
              72.5730702,
              23.0450498
            ],
            [
              72.5728934,
              23.0444634
            ],
            [
              72.5726016,
              23.0427496
            ],
            [
              72.5722983,
              23.0409677
            ],
            [
              72.5721503,
              23.0395199
            ],
            [
              72.5720964,
              23.0381033
            ],
            [
              72.5721272,
              23.0374897
            ],
            [
              72.5721988,
              23.0361782
            ],
            [
              72.5723151,
              23.0349833
            ],
            [
              72.5724956,
              23.0331086
            ],
            [
              72.5727297,
              23.0310306
            ],
            [
              72.57296,
              23.0299524
            ],
            [
              72.5730722,
              23.0290367
            ],
            [
              72.57342,
              23.0271789
            ],
            [
              72.5737053,
              23.0256738
            ],
            [
              72.5738389,
              23.024776
            ],
            [
              72.5741372,
              23.0232379
            ],
            [
              72.5742865,
              23.0216201
            ],
            [
              72.5743735,
              23.0196302
            ],
            [
              72.5741007,
              23.0191448
            ],
            [
              72.5741914,
              23.0164084
            ],
            [
              72.5741441,
              23.0152486
            ],
            [
              72.574074,
              23.0144154
            ],
            [
              72.5740054,
              23.0137156
            ],
            [
              72.5742348,
              23.0132059
            ],
            [
              72.573574,
              23.0112426
            ],
            [
              72.5728154,
              23.0096903
            ],
            [
              72.5715639,
              23.0077226
            ],
            [
              72.5714058,
              23.0075326
            ],
            [
              72.5710093,
              23.0069622
            ],
            [
              72.5705245,
              23.006269
            ],
            [
              72.5699348,
              23.0053474
            ],
            [
              72.5690239,
              23.0041026
            ],
            [
              72.5683141,
              23.0031051
            ],
            [
              72.5669338,
              23.0013772
            ],
            [
              72.5660213,
              23.0001167
            ],
            [
              72.5649605,
              22.9988931
            ],
            [
              72.5639906,
              22.9978118
            ],
            [
              72.5629613,
              22.9968762
            ],
            [
              72.5623531,
              22.9963576
            ],
            [
              72.56088,
              22.995148
            ],
            [
              72.5595923,
              22.994358
            ],
            [
              72.5584875,
              22.9939512
            ],
            [
              72.558065,
              22.9938511
            ],
            [
              72.5574325,
              22.9937495
            ],
            [
              72.5568607,
              22.9937103
            ],
            [
              72.5563143,
              22.9937129
            ],
            [
              72.5563233,
              22.9936483
            ],
            [
              72.5561319,
              22.9936616
            ],
            [
              72.555936,
              22.9936751
            ],
            [
              72.5557193,
              22.9937063
            ],
            [
              72.5554744,
              22.99374
            ],
            [
              72.5552711,
              22.9937746
            ],
            [
              72.5539884,
              22.9926886
            ],
            [
              72.5537781,
              22.9925494
            ],
            [
              72.5540321,
              22.9922718
            ],
            [
              72.5541915,
              22.992111
            ],
            [
              72.5543046,
              22.9919721
            ],
            [
              72.5545426,
              22.9917077
            ],
            [
              72.557602,
              22.9883154
            ],
            [
              72.5576763,
              22.9883723
            ],
            [
              72.5583204,
              22.9887602
            ],
            [
              72.5612366,
              22.9916813
            ],
            [
              72.5631126,
              22.9934767
            ],
            [
              72.5651587,
              22.9954683
            ],
            [
              72.5669858,
              22.9974689
            ],
            [
              72.5675812,
              22.9981848
            ],
            [
              72.5684932,
              22.9993205
            ],
            [
              72.5689226,
              22.9999219
            ],
            [
              72.5692674,
              23.0004049
            ],
            [
              72.5698286,
              23.0011669
            ],
            [
              72.5699076,
              23.0012731
            ],
            [
              72.5704118,
              23.0019512
            ],
            [
              72.5709086,
              23.0025814
            ],
            [
              72.5715552,
              23.0033902
            ],
            [
              72.571962,
              23.0039749
            ],
            [
              72.5728695,
              23.0052592
            ],
            [
              72.573294,
              23.0058627
            ],
            [
              72.57373,
              23.006483
            ],
            [
              72.5740145,
              23.006915
            ],
            [
              72.574577,
              23.0077988
            ],
            [
              72.575124,
              23.0087357
            ],
            [
              72.5756297,
              23.0096388
            ],
            [
              72.5760382,
              23.0106422
            ],
            [
              72.5763485,
              23.0115323
            ],
            [
              72.5765651,
              23.0122274
            ],
            [
              72.5766015,
              23.012344
            ],
            [
              72.5767802,
              23.0130966
            ],
            [
              72.5768764,
              23.0137408
            ],
            [
              72.576966,
              23.0150463
            ],
            [
              72.5770734,
              23.0164128
            ],
            [
              72.5770533,
              23.0167072
            ],
            [
              72.5769783,
              23.0187151
            ],
            [
              72.5769302,
              23.0200969
            ],
            [
              72.5768885,
              23.0208237
            ],
            [
              72.5767372,
              23.0221234
            ],
            [
              72.5765503,
              23.0238008
            ],
            [
              72.5763764,
              23.0249013
            ],
            [
              72.5758817,
              23.0278404
            ],
            [
              72.5756266,
              23.029163
            ],
            [
              72.57552,
              23.0296548
            ],
            [
              72.5754479,
              23.0299448
            ],
            [
              72.5754136,
              23.0303215
            ],
            [
              72.5753152,
              23.0309067
            ],
            [
              72.5752746,
              23.03157
            ],
            [
              72.5751185,
              23.0325259
            ],
            [
              72.5749714,
              23.0340621
            ],
            [
              72.5749245,
              23.0345518
            ],
            [
              72.5749099,
              23.0347038
            ],
            [
              72.574857,
              23.0351922
            ],
            [
              72.5747865,
              23.0358428
            ],
            [
              72.5747063,
              23.0371485
            ],
            [
              72.5746809,
              23.0383496
            ],
            [
              72.5746751,
              23.0386261
            ],
            [
              72.5747567,
              23.0395602
            ],
            [
              72.5748162,
              23.0402659
            ],
            [
              72.5749244,
              23.041336
            ],
            [
              72.5752001,
              23.0427698
            ],
            [
              72.5756358,
              23.0448901
            ],
            [
              72.5760054,
              23.0466251
            ],
            [
              72.576424,
              23.0483178
            ],
            [
              72.5770961,
              23.0502382
            ],
            [
              72.5774977,
              23.0511658
            ],
            [
              72.5782005,
              23.0525421
            ],
            [
              72.5786506,
              23.0533321
            ],
            [
              72.5789505,
              23.0538212
            ],
            [
              72.5797258,
              23.0548739
            ],
            [
              72.5804808,
              23.0557625
            ],
            [
              72.5811109,
              23.0563755
            ],
            [
              72.5817506,
              23.0569729
            ],
            [
              72.5834325,
              23.0583984
            ],
            [
              72.5848126,
              23.0594442
            ],
            [
              72.5856366,
              23.0599592
            ],
            [
              72.5872273,
              23.060768
            ],
            [
              72.5888548,
              23.061517
            ],
            [
              72.5893685,
              23.0617158
            ],
            [
              72.5898814,
              23.061965
            ],
            [
              72.5901339,
              23.0620745
            ],
            [
              72.5907275,
              23.0623279
            ],
            [
              72.5909948,
              23.0624292
            ],
            [
              72.591374,
              23.0625814
            ],
            [
              72.5930152,
              23.0632957
            ],
            [
              72.5946243,
              23.0642992
            ],
            [
              72.5947835,
              23.0643985
            ],
            [
              72.5959324,
              23.0653
            ],
            [
              72.5966969,
              23.0660936
            ],
            [
              72.59685,
              23.0662526
            ],
            [
              72.5974303,
              23.0670742
            ],
            [
              72.5975469,
              23.067194
            ],
            [
              72.5976567,
              23.0672991
            ],
            [
              72.5977432,
              23.0673956
            ],
            [
              72.5978625,
              23.0675379
            ],
            [
              72.5980715,
              23.0678885
            ],
            [
              72.5983032,
              23.0682645
            ],
            [
              72.598477,
              23.0686159
            ],
            [
              72.59896,
              23.0694686
            ],
            [
              72.5996615,
              23.0707037
            ],
            [
              72.6001979,
              23.0717006
            ],
            [
              72.6009725,
              23.073272
            ],
            [
              72.6017611,
              23.0745877
            ],
            [
              72.6021667,
              23.0752431
            ],
            [
              72.6024477,
              23.0764473
            ],
            [
              72.6025164,
              23.0777107
            ],
            [
              72.6023962,
              23.0793136
            ],
            [
              72.6020787,
              23.0804981
            ],
            [
              72.6016753,
              23.0813745
            ],
            [
              72.6015341,
              23.0826049
            ],
            [
              72.5989759,
              23.0822486
            ]
          ]
        ]
      },
      "id": "way/29350057"
    },
    {
      "type": "Feature",
      "properties": {
        "@id": "way/29351171",
        "natural": "water",
        "water": "river"
      },
      "geometry": {
        "type": "Polygon",
        "coordinates": [
          [
            [
              72.5349852,
              22.929741
            ],
            [
              72.5337899,
              22.9281665
            ],
            [
              72.5319703,
              22.9270281
            ],
            [
              72.5285629,
              22.9253365
            ],
            [
              72.5246404,
              22.9236289
            ],
            [
              72.5227006,
              22.9225696
            ],
            [
              72.5213016,
              22.9215894
            ],
            [
              72.5197309,
              22.9207356
            ],
            [
              72.5193189,
              22.9203087
            ],
            [
              72.5190957,
              22.919779
            ],
            [
              72.5189412,
              22.9187909
            ],
            [
              72.5178254,
              22.9178106
            ],
            [
              72.5170186,
              22.9167591
            ],
            [
              72.5164779,
              22.9159053
            ],
            [
              72.5156539,
              22.9146641
            ],
            [
              72.5145896,
              22.9133201
            ],
            [
              72.5137914,
              22.912411
            ],
            [
              72.513388,
              22.9120868
            ],
            [
              72.5121091,
              22.9113674
            ],
            [
              72.5117915,
              22.911067
            ],
            [
              72.5111564,
              22.9101341
            ],
            [
              72.5097917,
              22.9097941
            ],
            [
              72.5081008,
              22.9091458
            ],
            [
              72.5067704,
              22.9083789
            ],
            [
              72.5055946,
              22.9079283
            ],
            [
              72.5045818,
              22.9071456
            ],
            [
              72.5034402,
              22.9062601
            ],
            [
              72.5021013,
              22.9052164
            ],
            [
              72.501509,
              22.9044653
            ],
            [
              72.5011228,
              22.9036273
            ],
            [
              72.5008395,
              22.9032715
            ],
            [
              72.5004104,
              22.9027813
            ],
            [
              72.4999212,
              22.9027971
            ],
            [
              72.4996207,
              22.9025599
            ],
            [
              72.4992603,
              22.9019669
            ],
            [
              72.4987195,
              22.9016348
            ],
            [
              72.4978011,
              22.9012
            ],
            [
              72.4969428,
              22.9008205
            ],
            [
              72.4965995,
              22.9004093
            ],
            [
              72.4963935,
              22.8999191
            ],
            [
              72.4958356,
              22.8995001
            ],
            [
              72.4949344,
              22.8987647
            ],
            [
              72.4941791,
              22.8979345
            ],
            [
              72.4934238,
              22.8964955
            ],
            [
              72.4931148,
              22.8952067
            ],
            [
              72.493089,
              22.8944397
            ],
            [
              72.493192,
              22.8936648
            ],
            [
              72.4932435,
              22.8927714
            ],
            [
              72.4931663,
              22.8921388
            ],
            [
              72.4935182,
              22.8912927
            ],
            [
              72.49381,
              22.8901699
            ],
            [
              72.4937499,
              22.8886755
            ],
            [
              72.4936212,
              22.8870386
            ],
            [
              72.4931749,
              22.8861372
            ],
            [
              72.4928401,
              22.8856311
            ],
            [
              72.4930032,
              22.8839785
            ],
            [
              72.493089,
              22.8816536
            ],
            [
              72.493192,
              22.880594
            ],
            [
              72.4933122,
              22.8790678
            ],
            [
              72.4932693,
              22.877336
            ],
            [
              72.4935182,
              22.8766875
            ],
            [
              72.4972089,
              22.8764661
            ],
            [
              72.497681,
              22.8770355
            ],
            [
              72.4970802,
              22.8786645
            ],
            [
              72.4968656,
              22.8802461
            ],
            [
              72.496754,
              22.8822862
            ],
            [
              72.4965394,
              22.8842078
            ],
            [
              72.4961789,
              22.8881694
            ],
            [
              72.4961274,
              22.8892448
            ],
            [
              72.4959386,
              22.8907471
            ],
            [
              72.4960502,
              22.8914667
            ],
            [
              72.4963678,
              22.8923918
            ],
            [
              72.4971746,
              22.8937755
            ],
            [
              72.497784,
              22.8950881
            ],
            [
              72.4983934,
              22.8958234
            ],
            [
              72.4992517,
              22.8969699
            ],
            [
              72.5001529,
              22.8974918
            ],
            [
              72.5007966,
              22.8983773
            ],
            [
              72.5016721,
              22.8999824
            ],
            [
              72.5029166,
              22.9013897
            ],
            [
              72.5038608,
              22.9025994
            ],
            [
              72.5046075,
              22.90373
            ],
            [
              72.5058778,
              22.904663
            ],
            [
              72.5080236,
              22.9059517
            ],
            [
              72.5097488,
              22.906268
            ],
            [
              72.5109676,
              22.9070586
            ],
            [
              72.5120147,
              22.9079599
            ],
            [
              72.5131048,
              22.9088375
            ],
            [
              72.5152334,
              22.9102052
            ],
            [
              72.5167611,
              22.9111935
            ],
            [
              72.5185292,
              22.9122291
            ],
            [
              72.5191901,
              22.912664
            ],
            [
              72.5198768,
              22.9133992
            ],
            [
              72.5206493,
              22.9142846
            ],
            [
              72.521396,
              22.9152808
            ],
            [
              72.5219882,
              22.9160713
            ],
            [
              72.5225633,
              22.9168619
            ],
            [
              72.5230954,
              22.9174074
            ],
            [
              72.5233444,
              22.9181268
            ],
            [
              72.5238679,
              22.9188146
            ],
            [
              72.525061,
              22.9197949
            ],
            [
              72.5257476,
              22.9201427
            ],
            [
              72.5270522,
              22.920949
            ],
            [
              72.5284684,
              22.9220321
            ],
            [
              72.5302537,
              22.922957
            ],
            [
              72.5317815,
              22.9239531
            ],
            [
              72.5330261,
              22.9250914
            ],
            [
              72.533541,
              22.9257317
            ],
            [
              72.5341247,
              22.926206
            ],
            [
              72.5344938,
              22.9262218
            ],
            [
              72.5356353,
              22.9272495
            ],
            [
              72.5358327,
              22.9276289
            ],
            [
              72.5361417,
              22.9281586
            ],
            [
              72.536794,
              22.9285617
            ],
            [
              72.5377382,
              22.9296763
            ],
            [
              72.53831,
              22.9306175
            ],
            [
              72.5365404,
              22.9316184
            ],
            [
              72.5362611,
              22.9310027
            ],
            [
              72.5349852,
              22.929741
            ]
          ]
        ]
      },
      "id": "way/29351171"
    },
    {
      "type": "Feature",
      "properties": {
        "@id": "way/29351890",
        "created_by": "Potlatch 0.10f",
        "natural": "water"
      },
      "geometry": {
        "type": "Polygon",
        "coordinates": [
          [
            [
              72.665171,
              23.041168
            ],
            [
              72.6657975,
              23.0411601
            ],
            [
              72.6661752,
              23.0414523
            ],
            [
              72.6662524,
              23.0416103
            ],
            [
              72.6662696,
              23.0418551
            ],
            [
              72.666268,
              23.0422253
            ],
            [
              72.6658319,
              23.0426134
            ],
            [
              72.6651581,
              23.0427126
            ],
            [
              72.664863,
              23.0424924
            ],
            [
              72.6645809,
              23.0422041
            ],
            [
              72.664656,
              23.041634
            ],
            [
              72.6648839,
              23.0414261
            ],
            [
              72.665171,
              23.041168
            ]
          ]
        ]
      },
      "id": "way/29351890"
    },
    {
      "type": "Feature",
      "properties": {
        "@id": "way/37231778",
        "amenity": "bus_station",
        "name": "Gita Mandir Bus Station",
        "operator": "Gujarat State Road Transport Corporation",
        "website": "http://www.gsrtc.in/site/"
      },
      "geometry": {
        "type": "Polygon",
        "coordinates": [
          [
            [
              72.5911098,
              23.0152028
            ],
            [
              72.5912276,
              23.0145776
            ],
            [
              72.5912958,
              23.0143872
            ],
            [
              72.5914019,
              23.0143069
            ],
            [
              72.5915972,
              23.0143324
            ],
            [
              72.5918352,
              23.0144829
            ],
            [
              72.5922495,
              23.0148119
            ],
            [
              72.5924477,
              23.0150107
            ],
            [
              72.5925892,
              23.0152582
            ],
            [
              72.5926381,
              23.0157838
            ],
            [
              72.5926712,
              23.0164071
            ],
            [
              72.5914769,
              23.016459
            ],
            [
              72.5914803,
              23.0166638
            ],
            [
              72.5912131,
              23.0166127
            ],
            [
              72.5911034,
              23.0164873
            ],
            [
              72.5910391,
              23.0158967
            ],
            [
              72.591032,
              23.0155286
            ],
            [
              72.5911098,
              23.0152028
            ]
          ]
        ]
      },
      "id": "way/37231778"
    },
    {
      "type": "Feature",
      "properties": {
        "@id": "way/84639247",
        "name": "Chandola Lake",
        "natural": "water"
      },
      "geometry": {
        "type": "Polygon",
        "coordinates": [
          [
            [
              72.5922961,
              22.9881346
            ],
            [
              72.592345,
              22.9879197
            ],
            [
              72.5923397,
              22.9877097
            ],
            [
              72.5922803,
              22.9874012
            ],
            [
              72.59235,
              22.9871298
            ],
            [
              72.593082,
              22.9870298
            ],
            [
              72.5936523,
              22.9870298
            ],
            [
              72.5944645,
              22.9871888
            ],
            [
              72.5952421,
              22.9873002
            ],
            [
              72.5958816,
              22.9871888
            ],
            [
              72.5960639,
              22.9872028
            ],
            [
              72.5959903,
              22.9876303
            ],
            [
              72.5957695,
              22.9882975
            ],
            [
              72.5956222,
              22.9888084
            ],
            [
              72.5954863,
              22.9892098
            ],
            [
              72.5953619,
              22.9896013
            ],
            [
              72.5951099,
              22.9899224
            ],
            [
              72.5950645,
              22.9899856
            ],
            [
              72.5948751,
              22.9899274
            ],
            [
              72.5947053,
              22.9899494
            ],
            [
              72.5944487,
              22.9899722
            ],
            [
              72.5939238,
              22.9899969
            ],
            [
              72.5934636,
              22.9900847
            ],
            [
              72.5931844,
              22.9901841
            ],
            [
              72.5920919,
              22.9904958
            ],
            [
              72.5917513,
              22.99052
            ],
            [
              72.591539,
              22.9905153
            ],
            [
              72.5913476,
              22.9905839
            ],
            [
              72.5912184,
              22.9905928
            ],
            [
              72.590996,
              22.9906483
            ],
            [
              72.5907541,
              22.9906018
            ],
            [
              72.5906496,
              22.9904874
            ],
            [
              72.5906975,
              22.9903379
            ],
            [
              72.590846,
              22.9902111
            ],
            [
              72.5915317,
              22.9896206
            ],
            [
              72.5921732,
              22.9890809
            ],
            [
              72.592197,
              22.9889474
            ],
            [
              72.5923326,
              22.9889279
            ],
            [
              72.5925213,
              22.9889426
            ],
            [
              72.5927738,
              22.9889939
            ],
            [
              72.5930131,
              22.9890135
            ],
            [
              72.5932869,
              22.9890062
            ],
            [
              72.5935394,
              22.9889939
            ],
            [
              72.5937521,
              22.9889842
            ],
            [
              72.5939355,
              22.9889646
            ],
            [
              72.5940764,
              22.9889597
            ],
            [
              72.594289,
              22.9889474
            ],
            [
              72.5943608,
              22.988945
            ],
            [
              72.5943528,
              22.9888838
            ],
            [
              72.5939833,
              22.9888936
            ],
            [
              72.593523,
              22.9888908
            ],
            [
              72.5933529,
              22.9888467
            ],
            [
              72.5932763,
              22.9887297
            ],
            [
              72.5932204,
              22.9885951
            ],
            [
              72.5931673,
              22.9884458
            ],
            [
              72.5922961,
              22.9881346
            ]
          ]
        ]
      },
      "id": "way/84639247"
    },
    {
      "type": "Feature",
      "properties": {
        "@id": "way/84639248",
        "name": "Chandola Lake",
        "natural": "water",
        "wikidata": "Q16890151",
        "wikipedia": "en:Chandola Lake"
      },
      "geometry": {
        "type": "Polygon",
        "coordinates": [
          [
            [
              72.5830692,
              22.9857653
            ],
            [
              72.5839319,
              22.9845944
            ],
            [
              72.585414,
              22.9833929
            ],
            [
              72.5869181,
              22.9829958
            ],
            [
              72.5884809,
              22.9833501
            ],
            [
              72.5892226,
              22.9837359
            ],
            [
              72.5898066,
              22.9838328
            ],
            [
              72.5904117,
              22.9843659
            ],
            [
              72.590788,
              22.9849636
            ],
            [
              72.5911423,
              22.9857713
            ],
            [
              72.5913169,
              22.9866168
            ],
            [
              72.5910928,
              22.9872891
            ],
            [
              72.5909181,
              22.9878501
            ],
            [
              72.5906122,
              22.9884329
            ],
            [
              72.5900592,
              22.9889013
            ],
            [
              72.5899375,
              22.9894613
            ],
            [
              72.5897052,
              22.9900314
            ],
            [
              72.5893265,
              22.9901872
            ],
            [
              72.5887978,
              22.990733
            ],
            [
              72.5885439,
              22.9912329
            ],
            [
              72.5878893,
              22.9914812
            ],
            [
              72.5871115,
              22.991436
            ],
            [
              72.586627,
              22.9913728
            ],
            [
              72.5864684,
              22.9906638
            ],
            [
              72.5861791,
              22.9905203
            ],
            [
              72.5859593,
              22.9906273
            ],
            [
              72.584861,
              22.9904896
            ],
            [
              72.5839651,
              22.98995
            ],
            [
              72.5832794,
              22.9893493
            ],
            [
              72.5827217,
              22.9889827
            ],
            [
              72.5825364,
              22.9885168
            ],
            [
              72.582649,
              22.9874453
            ],
            [
              72.5827817,
              22.9865595
            ],
            [
              72.5830692,
              22.9857653
            ]
          ]
        ]
      },
      "id": "way/84639248"
    },
    {
      "type": "Feature",
      "properties": {
        "@id": "way/85209269",
        "name": "Sarkej Roza",
        "natural": "water"
      },
      "geometry": {
        "type": "Polygon",
        "coordinates": [
          [
            [
              72.5038295,
              22.9932092
            ],
            [
              72.5037224,
              22.9908944
            ],
            [
              72.5037189,
              22.9908191
            ],
            [
              72.5059956,
              22.9907949
            ],
            [
              72.5059677,
              22.9928197
            ],
            [
              72.5053335,
              22.9928366
            ],
            [
              72.5053387,
              22.9931616
            ],
            [
              72.5044934,
              22.9931883
            ],
            [
              72.5038295,
              22.9932092
            ]
          ]
        ]
      },
      "id": "way/85209269"
    },
    {
      "type": "Feature",
      "properties": {
        "@id": "way/135070014",
        "natural": "water",
        "source:position": "Bing Imagery 2011",
        "source:tracer": "scanaerial",
        "source:zoomlevel": "16"
      },
      "geometry": {
        "type": "Polygon",
        "coordinates": [
          [
            [
              72.5672078,
              22.909859
            ],
            [
              72.5672078,
              22.9100962
            ],
            [
              72.5673366,
              22.9102543
            ],
            [
              72.5672936,
              22.9102939
            ],
            [
              72.5672722,
              22.9104322
            ],
            [
              72.5672507,
              22.9102939
            ],
            [
              72.5671649,
              22.9103334
            ],
            [
              72.5672078,
              22.9104125
            ],
            [
              72.5671649,
              22.9105706
            ],
            [
              72.5670576,
              22.9105903
            ],
            [
              72.566843,
              22.9107089
            ],
            [
              72.5667787,
              22.9106496
            ],
            [
              72.5668216,
              22.9106101
            ],
            [
              72.5668001,
              22.9104717
            ],
            [
              72.5666928,
              22.9106101
            ],
            [
              72.5666928,
              22.9106892
            ],
            [
              72.5664997,
              22.910788
            ],
            [
              72.5664139,
              22.910788
            ],
            [
              72.566371,
              22.9107485
            ],
            [
              72.5660706,
              22.9107485
            ],
            [
              72.5659847,
              22.9106694
            ],
            [
              72.565856,
              22.9106694
            ],
            [
              72.5657701,
              22.9107089
            ],
            [
              72.5655341,
              22.910531
            ],
            [
              72.5655985,
              22.9105113
            ],
            [
              72.5657916,
              22.910531
            ],
            [
              72.5656843,
              22.9104717
            ],
            [
              72.5656414,
              22.9103927
            ],
            [
              72.5655127,
              22.9103927
            ],
            [
              72.5653839,
              22.9102346
            ],
            [
              72.5651908,
              22.9101753
            ],
            [
              72.5651908,
              22.9100962
            ],
            [
              72.5651479,
              22.9100567
            ],
            [
              72.5652337,
              22.9099381
            ],
            [
              72.5651479,
              22.9098195
            ],
            [
              72.5651908,
              22.90978
            ],
            [
              72.5651479,
              22.9097009
            ],
            [
              72.5651908,
              22.9092265
            ],
            [
              72.565105,
              22.9090289
            ],
            [
              72.5651479,
              22.9089894
            ],
            [
              72.5651479,
              22.9087917
            ],
            [
              72.5652337,
              22.9087127
            ],
            [
              72.5652337,
              22.9083964
            ],
            [
              72.565341,
              22.9083371
            ],
            [
              72.5653839,
              22.9084162
            ],
            [
              72.5654912,
              22.9083173
            ],
            [
              72.5654483,
              22.9082778
            ],
            [
              72.5654268,
              22.9081395
            ],
            [
              72.5653195,
              22.9081592
            ],
            [
              72.5652981,
              22.9082976
            ],
            [
              72.5651908,
              22.9081988
            ],
            [
              72.5651908,
              22.9079616
            ],
            [
              72.5652337,
              22.9078825
            ],
            [
              72.5651479,
              22.9077639
            ],
            [
              72.5651479,
              22.9074477
            ],
            [
              72.5652337,
              22.9073291
            ],
            [
              72.565105,
              22.9072105
            ],
            [
              72.5652766,
              22.9070524
            ],
            [
              72.5652337,
              22.9070128
            ],
            [
              72.5652337,
              22.9068942
            ],
            [
              72.5652122,
              22.9068745
            ],
            [
              72.565062,
              22.9069733
            ],
            [
              72.565062,
              22.9066571
            ],
            [
              72.5651693,
              22.9065187
            ],
            [
              72.5652981,
              22.9065187
            ],
            [
              72.565341,
              22.9064396
            ],
            [
              72.5655127,
              22.9063606
            ],
            [
              72.5655985,
              22.9063606
            ],
            [
              72.5659418,
              22.9061629
            ],
            [
              72.5660706,
              22.9061629
            ],
            [
              72.5661993,
              22.9060443
            ],
            [
              72.566328,
              22.9060048
            ],
            [
              72.5665855,
              22.9060048
            ],
            [
              72.5667357,
              22.9061036
            ],
            [
              72.5667143,
              22.9061629
            ],
            [
              72.5665855,
              22.9060839
            ],
            [
              72.5663924,
              22.9061827
            ],
            [
              72.5664783,
              22.9063013
            ],
            [
              72.5664353,
              22.9063803
            ],
            [
              72.5665212,
              22.9064594
            ],
            [
              72.5665212,
              22.9065385
            ],
            [
              72.566607,
              22.9066175
            ],
            [
              72.5665212,
              22.9067756
            ],
            [
              72.5665212,
              22.9068942
            ],
            [
              72.5666499,
              22.9070524
            ],
            [
              72.5666285,
              22.9070721
            ],
            [
              72.5665855,
              22.9070326
            ],
            [
              72.5664568,
              22.9071117
            ],
            [
              72.566328,
              22.9070326
            ],
            [
              72.5661135,
              22.9067954
            ],
            [
              72.5660276,
              22.9067559
            ],
            [
              72.5657701,
              22.9067559
            ],
            [
              72.5655341,
              22.9070919
            ],
            [
              72.5654912,
              22.9077244
            ],
            [
              72.5654483,
              22.9078035
            ],
            [
              72.5653195,
              22.907922
            ],
            [
              72.5653839,
              22.9079813
            ],
            [
              72.5654268,
              22.9079418
            ],
            [
              72.5655556,
              22.9079813
            ],
            [
              72.5656199,
              22.9080406
            ],
            [
              72.5655985,
              22.908179
            ],
            [
              72.5656843,
              22.908179
            ],
            [
              72.565856,
              22.9080604
            ],
            [
              72.5661993,
              22.9080999
            ],
            [
              72.5663495,
              22.9079616
            ],
            [
              72.5663924,
              22.907843
            ],
            [
              72.5664783,
              22.9078035
            ],
            [
              72.5664353,
              22.9077244
            ],
            [
              72.5665641,
              22.9075267
            ],
            [
              72.5665212,
              22.90725
            ],
            [
              72.5666714,
              22.9070721
            ],
            [
              72.5668645,
              22.907171
            ],
            [
              72.5669074,
              22.9073686
            ],
            [
              72.5668216,
              22.9074477
            ],
            [
              72.5669503,
              22.9076453
            ],
            [
              72.5669074,
              22.9076849
            ],
            [
              72.5669074,
              22.9077639
            ],
            [
              72.566843,
              22.9078232
            ],
            [
              72.5667357,
              22.907843
            ],
            [
              72.5667357,
              22.907922
            ],
            [
              72.5667787,
              22.9079616
            ],
            [
              72.5667787,
              22.9083569
            ],
            [
              72.5666928,
              22.9085941
            ],
            [
              72.5667787,
              22.9087127
            ],
            [
              72.5667787,
              22.9088312
            ],
            [
              72.5668216,
              22.9088708
            ],
            [
              72.5668216,
              22.9091475
            ],
            [
              72.5668645,
              22.909187
            ],
            [
              72.5669503,
              22.9094637
            ],
            [
              72.5669503,
              22.9095823
            ],
            [
              72.5668645,
              22.9096219
            ],
            [
              72.5669718,
              22.9097997
            ],
            [
              72.5670362,
              22.9097404
            ],
            [
              72.5669932,
              22.9095823
            ],
            [
              72.5670147,
              22.9095626
            ],
            [
              72.567122,
              22.9096614
            ],
            [
              72.567122,
              22.90978
            ],
            [
              72.5672078,
              22.9098195
            ],
            [
              72.5672078,
              22.909859
            ]
          ]
        ]
      },
      "id": "way/135070014"
    },
    {
      "type": "Feature",
      "properties": {
        "@id": "way/135070017",
        "natural": "water"
      },
      "geometry": {
        "type": "Polygon",
        "coordinates": [
          [
            [
              72.5004718,
              22.9795302
            ],
            [
              72.5007829,
              22.9795673
            ],
            [
              72.5011101,
              22.9796167
            ],
            [
              72.5015768,
              22.979629
            ],
            [
              72.5019336,
              22.9796216
            ],
            [
              72.5022876,
              22.9795944
            ],
            [
              72.5024378,
              22.9794833
            ],
            [
              72.5026846,
              22.9793327
            ],
            [
              72.5027838,
              22.9792833
            ],
            [
              72.5028992,
              22.9792759
            ],
            [
              72.5030762,
              22.9793919
            ],
            [
              72.503323,
              22.9795599
            ],
            [
              72.5034195,
              22.9796586
            ],
            [
              72.503441,
              22.9797253
            ],
            [
              72.5033659,
              22.9797772
            ],
            [
              72.503213,
              22.9797599
            ],
            [
              72.5029823,
              22.9797056
            ],
            [
              72.5028509,
              22.9797426
            ],
            [
              72.5027972,
              22.9798858
            ],
            [
              72.5026739,
              22.9800735
            ],
            [
              72.502529,
              22.9802192
            ],
            [
              72.502462,
              22.9803278
            ],
            [
              72.5024807,
              22.9803846
            ],
            [
              72.5025183,
              22.9804365
            ],
            [
              72.5024486,
              22.9804488
            ],
            [
              72.502242,
              22.9804093
            ],
            [
              72.502057,
              22.9803229
            ],
            [
              72.5018531,
              22.9803328
            ],
            [
              72.50166,
              22.9803031
            ],
            [
              72.5016385,
              22.9804414
            ],
            [
              72.5015983,
              22.9805772
            ],
            [
              72.5015017,
              22.9806365
            ],
            [
              72.501381,
              22.980634
            ],
            [
              72.5013381,
              22.9805501
            ],
            [
              72.501263,
              22.9805032
            ],
            [
              72.5012067,
              22.9804859
            ],
            [
              72.5010243,
              22.9804513
            ],
            [
              72.5008607,
              22.980518
            ],
            [
              72.5006515,
              22.9806982
            ],
            [
              72.5005388,
              22.9808143
            ],
            [
              72.5003913,
              22.980797
            ],
            [
              72.5003189,
              22.9807328
            ],
            [
              72.5003189,
              22.9806242
            ],
            [
              72.5003645,
              22.9804859
            ],
            [
              72.5003457,
              22.9803476
            ],
            [
              72.5002304,
              22.980234
            ],
            [
              72.5001633,
              22.9800389
            ],
            [
              72.5001633,
              22.9799476
            ],
            [
              72.5000238,
              22.9796932
            ],
            [
              72.5000185,
              22.9795821
            ],
            [
              72.5000694,
              22.9794759
            ],
            [
              72.5002223,
              22.9794759
            ],
            [
              72.5004718,
              22.9795302
            ]
          ]
        ]
      },
      "id": "way/135070017"
    },
    {
      "type": "Feature",
      "properties": {
        "@id": "way/135070019",
        "natural": "water",
        "source:position": "Bing Imagery 2011",
        "source:tracer": "scanaerial",
        "source:zoomlevel": "16"
      },
      "geometry": {
        "type": "Polygon",
        "coordinates": [
          [
            [
              72.7024341,
              23.0334528
            ],
            [
              72.7023482,
              23.0332948
            ],
            [
              72.7023053,
              23.0329788
            ],
            [
              72.7024341,
              23.0328604
            ],
            [
              72.7024341,
              23.0327419
            ],
            [
              72.7026701,
              23.0324062
            ],
            [
              72.7028418,
              23.0324457
            ],
            [
              72.702949,
              23.0325839
            ],
            [
              72.702949,
              23.0327419
            ],
            [
              72.7030563,
              23.0328406
            ],
            [
              72.7031851,
              23.0329196
            ],
            [
              72.7032709,
              23.0329196
            ],
            [
              72.7033782,
              23.0330183
            ],
            [
              72.7033353,
              23.0331368
            ],
            [
              72.7034211,
              23.0332553
            ],
            [
              72.7034211,
              23.0333738
            ],
            [
              72.7033782,
              23.0334133
            ],
            [
              72.7034211,
              23.0335318
            ],
            [
              72.7032924,
              23.0337292
            ],
            [
              72.7034211,
              23.0338477
            ],
            [
              72.7033353,
              23.0339267
            ],
            [
              72.7033353,
              23.0341242
            ],
            [
              72.7032709,
              23.0341834
            ],
            [
              72.703228,
              23.0341439
            ],
            [
              72.7031422,
              23.0341439
            ],
            [
              72.7030563,
              23.0340649
            ],
            [
              72.7029276,
              23.0340649
            ],
            [
              72.702713,
              23.0342624
            ],
            [
              72.7026057,
              23.0340057
            ],
            [
              72.7026057,
              23.0338477
            ],
            [
              72.7025199,
              23.0337687
            ],
            [
              72.7025199,
              23.0336502
            ],
            [
              72.7024341,
              23.0334528
            ]
          ]
        ]
      },
      "id": "way/135070019"
    },
    {
      "type": "Feature",
      "properties": {
        "@id": "way/135070027",
        "natural": "water",
        "source:position": "Bing Imagery 2011",
        "source:tracer": "scanaerial",
        "source:zoomlevel": "16"
      },
      "geometry": {
        "type": "Polygon",
        "coordinates": [
          [
            [
              72.5517583,
              22.9123494
            ],
            [
              72.5519085,
              22.9124087
            ],
            [
              72.5519514,
              22.9124087
            ],
            [
              72.5523162,
              22.9127842
            ],
            [
              72.5523162,
              22.9128633
            ],
            [
              72.552402,
              22.9129423
            ],
            [
              72.552402,
              22.9130214
            ],
            [
              72.5524879,
              22.91314
            ],
            [
              72.5526166,
              22.9134562
            ],
            [
              72.5526595,
              22.9136934
            ],
            [
              72.5527239,
              22.9138318
            ],
            [
              72.5525093,
              22.9137527
            ],
            [
              72.5523806,
              22.9137527
            ],
            [
              72.5522947,
              22.9138318
            ],
            [
              72.5519514,
              22.9138318
            ],
            [
              72.5519085,
              22.9138713
            ],
            [
              72.5517368,
              22.9138318
            ],
            [
              72.5514793,
              22.9139503
            ],
            [
              72.5512218,
              22.9139503
            ],
            [
              72.5511575,
              22.9140492
            ],
            [
              72.5510502,
              22.9141085
            ],
            [
              72.5509644,
              22.9141085
            ],
            [
              72.5509214,
              22.9140689
            ],
            [
              72.5504494,
              22.9140689
            ],
            [
              72.5504065,
              22.9140294
            ],
            [
              72.5501919,
              22.9140294
            ],
            [
              72.550149,
              22.9140689
            ],
            [
              72.5499773,
              22.9141085
            ],
            [
              72.549634,
              22.9141085
            ],
            [
              72.5495911,
              22.9140689
            ],
            [
              72.5493765,
              22.9140294
            ],
            [
              72.5492907,
              22.9139503
            ],
            [
              72.5491619,
              22.9139108
            ],
            [
              72.5490332,
              22.9139503
            ],
            [
              72.5488615,
              22.9137922
            ],
            [
              72.5487757,
              22.9137922
            ],
            [
              72.5484753,
              22.9136341
            ],
            [
              72.5484538,
              22.9136143
            ],
            [
              72.5486255,
              22.9134958
            ],
            [
              72.5485826,
              22.9133772
            ],
            [
              72.5487542,
              22.9132191
            ],
            [
              72.5490117,
              22.9128633
            ],
            [
              72.5490117,
              22.9127447
            ],
            [
              72.5491834,
              22.912468
            ],
            [
              72.5492907,
              22.9123692
            ],
            [
              72.5497198,
              22.9122111
            ],
            [
              72.5498486,
              22.9122111
            ],
            [
              72.5499558,
              22.9122308
            ],
            [
              72.5499344,
              22.9121715
            ],
            [
              72.5497842,
              22.9121122
            ],
            [
              72.5498486,
              22.9120134
            ],
            [
              72.5499773,
              22.9120925
            ],
            [
              72.5501919,
              22.9120925
            ],
            [
              72.5502777,
              22.9120529
            ],
            [
              72.5505352,
              22.9122111
            ],
            [
              72.5508356,
              22.9121715
            ],
            [
              72.5508785,
              22.912132
            ],
            [
              72.5510931,
              22.912132
            ],
            [
              72.5512648,
              22.9122111
            ],
            [
              72.5514364,
              22.9122111
            ],
            [
              72.5515652,
              22.9122506
            ],
            [
              72.5517583,
              22.9123494
            ]
          ]
        ]
      },
      "id": "way/135070027"
    },
    {
      "type": "Feature",
      "properties": {
        "@id": "way/135070029",
        "name": "Vastrapur Lake",
        "natural": "water",
        "water": "lake"
      },
      "geometry": {
        "type": "Polygon",
        "coordinates": [
          [
            [
              72.5289415,
              23.0387335
            ],
            [
              72.528871,
              23.0387306
            ],
            [
              72.5288575,
              23.0388071
            ],
            [
              72.5288065,
              23.0388355
            ],
            [
              72.5287282,
              23.0388708
            ],
            [
              72.5286934,
              23.0389793
            ],
            [
              72.5283452,
              23.0389811
            ],
            [
              72.5280497,
              23.0389732
            ],
            [
              72.5279722,
              23.0389024
            ],
            [
              72.5279459,
              23.0384477
            ],
            [
              72.5280327,
              23.0383604
            ],
            [
              72.5280733,
              23.0383514
            ],
            [
              72.5281386,
              23.0383307
            ],
            [
              72.5282208,
              23.0382829
            ],
            [
              72.5282504,
              23.0382434
            ],
            [
              72.5282772,
              23.0381707
            ],
            [
              72.5282805,
              23.0381243
            ],
            [
              72.5282786,
              23.0380591
            ],
            [
              72.5284897,
              23.0379423
            ],
            [
              72.5286382,
              23.0379
            ],
            [
              72.5288124,
              23.0378932
            ],
            [
              72.5289323,
              23.0379258
            ],
            [
              72.5292045,
              23.0379206
            ],
            [
              72.529231,
              23.0379907
            ],
            [
              72.529283,
              23.0380264
            ],
            [
              72.5293577,
              23.0380444
            ],
            [
              72.5293986,
              23.0380475
            ],
            [
              72.5294346,
              23.0380414
            ],
            [
              72.5294865,
              23.0380216
            ],
            [
              72.5295308,
              23.0379819
            ],
            [
              72.5296005,
              23.0379648
            ],
            [
              72.5297805,
              23.0379781
            ],
            [
              72.5298303,
              23.0380657
            ],
            [
              72.5297812,
              23.0386259
            ],
            [
              72.5297936,
              23.0387047
            ],
            [
              72.5297531,
              23.0387656
            ],
            [
              72.5296904,
              23.0388083
            ],
            [
              72.5295831,
              23.0388602
            ],
            [
              72.5294544,
              23.0388942
            ],
            [
              72.5293242,
              23.0388849
            ],
            [
              72.5291405,
              23.0387911
            ],
            [
              72.5290401,
              23.0387209
            ],
            [
              72.5289415,
              23.0387335
            ]
          ]
        ]
      },
      "id": "way/135070029"
    },
    {
      "type": "Feature",
      "properties": {
        "@id": "way/135070035",
        "natural": "water",
        "source:position": "Bing Imagery 2011",
        "source:tracer": "scanaerial",
        "source:zoomlevel": "16"
      },
      "geometry": {
        "type": "Polygon",
        "coordinates": [
          [
            [
              72.6330193,
              23.0266568
            ],
            [
              72.6327616,
              23.0265383
            ],
            [
              72.6324483,
              23.0264924
            ],
            [
              72.6321326,
              23.0265968
            ],
            [
              72.6319108,
              23.0267847
            ],
            [
              72.6318308,
              23.0270493
            ],
            [
              72.6318611,
              23.0273653
            ],
            [
              72.6319969,
              23.0276249
            ],
            [
              72.6322329,
              23.0278649
            ],
            [
              72.63226,
              23.0289451
            ],
            [
              72.6318625,
              23.0289246
            ],
            [
              72.6308017,
              23.0277696
            ],
            [
              72.6307963,
              23.026975
            ],
            [
              72.6307802,
              23.0265008
            ],
            [
              72.6310873,
              23.0262449
            ],
            [
              72.6316237,
              23.0257117
            ],
            [
              72.6316237,
              23.0256722
            ],
            [
              72.6318322,
              23.0254504
            ],
            [
              72.6326079,
              23.0254638
            ],
            [
              72.6333036,
              23.0254462
            ],
            [
              72.6334386,
              23.0254973
            ],
            [
              72.6338149,
              23.0258859
            ],
            [
              72.6339841,
              23.0260277
            ],
            [
              72.6342177,
              23.0261811
            ],
            [
              72.6343569,
              23.0263208
            ],
            [
              72.6345015,
              23.0264638
            ],
            [
              72.634542,
              23.0274495
            ],
            [
              72.6345849,
              23.027489
            ],
            [
              72.6345849,
              23.027647
            ],
            [
              72.634542,
              23.0277655
            ],
            [
              72.6344492,
              23.0278743
            ],
            [
              72.6343022,
              23.0279979
            ],
            [
              72.6340093,
              23.0282779
            ],
            [
              72.6337652,
              23.028499
            ],
            [
              72.6333077,
              23.0289226
            ],
            [
              72.6331119,
              23.028933
            ],
            [
              72.6329901,
              23.0289162
            ],
            [
              72.6328868,
              23.0288315
            ],
            [
              72.6328884,
              23.027852
            ],
            [
              72.6331773,
              23.0276089
            ],
            [
              72.6333101,
              23.027406
            ],
            [
              72.633342,
              23.0272033
            ],
            [
              72.6333369,
              23.0270165
            ],
            [
              72.6332621,
              23.0268444
            ],
            [
              72.6330193,
              23.0266568
            ]
          ]
        ]
      },
      "id": "way/135070035"
    },
    {
      "type": "Feature",
      "properties": {
        "@id": "way/141607197",
        "natural": "water",
        "source:position": "Bing Imagery 2011",
        "source:tracer": "scanaerial",
        "source:zoomlevel": "16"
      },
      "geometry": {
        "type": "Polygon",
        "coordinates": [
          [
            [
              72.5858116,
              23.1630293
            ],
            [
              72.5858974,
              23.162911
            ],
            [
              72.5860262,
              23.1627926
            ],
            [
              72.586112,
              23.162832
            ],
            [
              72.5863266,
              23.162832
            ],
            [
              72.5863481,
              23.1630491
            ],
            [
              72.5864124,
              23.1631082
            ],
            [
              72.5866485,
              23.1630491
            ],
            [
              72.5866914,
              23.1632069
            ],
            [
              72.5865197,
              23.1634831
            ],
            [
              72.5864983,
              23.1637001
            ],
            [
              72.5864339,
              23.1636803
            ],
            [
              72.5864553,
              23.1635817
            ],
            [
              72.5862837,
              23.1637001
            ],
            [
              72.586112,
              23.1637001
            ],
            [
              72.5860691,
              23.1636606
            ],
            [
              72.5858974,
              23.1636212
            ],
            [
              72.5858116,
              23.1636212
            ],
            [
              72.5857687,
              23.1636606
            ],
            [
              72.585597,
              23.1636212
            ],
            [
              72.5854468,
              23.1636409
            ],
            [
              72.5854468,
              23.163562
            ],
            [
              72.5855327,
              23.1634436
            ],
            [
              72.5855112,
              23.1634239
            ],
            [
              72.5854683,
              23.1635028
            ],
            [
              72.585361,
              23.1634042
            ],
            [
              72.5854254,
              23.163345
            ],
            [
              72.5855112,
              23.163345
            ],
            [
              72.5858116,
              23.1630293
            ]
          ]
        ]
      },
      "id": "way/141607197"
    },
    {
      "type": "Feature",
      "properties": {
        "@id": "way/142616342",
        "natural": "water",
        "water": "river"
      },
      "geometry": {
        "type": "Polygon",
        "coordinates": [
          [
            [
              72.5537781,
              22.9925494
            ],
            [
              72.5529989,
              22.9916363
            ],
            [
              72.5508617,
              22.9902377
            ],
            [
              72.54959,
              22.9895097
            ],
            [
              72.5487424,
              22.9888875
            ],
            [
              72.5481201,
              22.988522
            ],
            [
              72.5476266,
              22.9881664
            ],
            [
              72.5475944,
              22.9879294
            ],
            [
              72.5472618,
              22.9877911
            ],
            [
              72.5472618,
              22.987564
            ],
            [
              72.5464572,
              22.9868923
            ],
            [
              72.5461675,
              22.9865763
            ],
            [
              72.5459529,
              22.9862602
            ],
            [
              72.5453736,
              22.9857466
            ],
            [
              72.5451268,
              22.9852824
            ],
            [
              72.5449337,
              22.9847984
            ],
            [
              72.5448157,
              22.984433
            ],
            [
              72.5447298,
              22.984107
            ],
            [
              72.5447191,
              22.9838008
            ],
            [
              72.5447406,
              22.9833366
            ],
            [
              72.5448371,
              22.9829909
            ],
            [
              72.5447942,
              22.9825365
            ],
            [
              72.5444831,
              22.982339
            ],
            [
              72.544011,
              22.9820427
            ],
            [
              72.5434853,
              22.9820032
            ],
            [
              72.5428737,
              22.9817167
            ],
            [
              72.5425572,
              22.9815068
            ],
            [
              72.5419672,
              22.9809735
            ],
            [
              72.5412912,
              22.9805389
            ],
            [
              72.5405188,
              22.9800648
            ],
            [
              72.5397677,
              22.97964
            ],
            [
              72.538727,
              22.9794128
            ],
            [
              72.5381799,
              22.979077
            ],
            [
              72.5377829,
              22.9788004
            ],
            [
              72.5366778,
              22.978672
            ],
            [
              72.5360234,
              22.9784745
            ],
            [
              72.5353475,
              22.9782769
            ],
            [
              72.5349505,
              22.9780695
            ],
            [
              72.5343604,
              22.9779312
            ],
            [
              72.5338347,
              22.9778522
            ],
            [
              72.5333626,
              22.9778818
            ],
            [
              72.5325043,
              22.9778423
            ],
            [
              72.5313134,
              22.977467
            ],
            [
              72.5299294,
              22.9770027
            ],
            [
              72.5293822,
              22.976815
            ],
            [
              72.5285454,
              22.9766175
            ],
            [
              72.528127,
              22.9765977
            ],
            [
              72.5276763,
              22.976578
            ],
            [
              72.5268717,
              22.9763804
            ],
            [
              72.5258954,
              22.9758668
            ],
            [
              72.5254018,
              22.9752939
            ],
            [
              72.5247366,
              22.9749778
            ],
            [
              72.5244041,
              22.974958
            ],
            [
              72.5238891,
              22.9750272
            ],
            [
              72.521754,
              22.9739999
            ],
            [
              72.5208635,
              22.9734862
            ],
            [
              72.5203486,
              22.9730417
            ],
            [
              72.5199945,
              22.9725725
            ],
            [
              72.5189323,
              22.9708093
            ],
            [
              72.5178426,
              22.9691791
            ],
            [
              72.516332,
              22.9675037
            ],
            [
              72.5136112,
              22.9651013
            ],
            [
              72.5128558,
              22.9645007
            ],
            [
              72.5104955,
              22.9629201
            ],
            [
              72.5089646,
              22.9609972
            ],
            [
              72.5081422,
              22.9609619
            ],
            [
              72.5075773,
              22.959996
            ],
            [
              72.506985,
              22.9580676
            ],
            [
              72.5067018,
              22.956487
            ],
            [
              72.5065988,
              22.9548826
            ],
            [
              72.5069421,
              22.9531201
            ],
            [
              72.5077146,
              22.9512391
            ],
            [
              72.5086416,
              22.9493896
            ],
            [
              72.5096629,
              22.9478563
            ],
            [
              72.5107616,
              22.9465917
            ],
            [
              72.5121005,
              22.9455879
            ],
            [
              72.5134738,
              22.9448765
            ],
            [
              72.5149844,
              22.9445366
            ],
            [
              72.5168212,
              22.9443627
            ],
            [
              72.5186151,
              22.9445999
            ],
            [
              72.52016,
              22.9450504
            ],
            [
              72.5217222,
              22.945659
            ],
            [
              72.5229324,
              22.9463071
            ],
            [
              72.5243657,
              22.9469236
            ],
            [
              72.5267776,
              22.9476113
            ],
            [
              72.5284722,
              22.947574
            ],
            [
              72.5294903,
              22.947765
            ],
            [
              72.5300786,
              22.9477205
            ],
            [
              72.5311471,
              22.9470906
            ],
            [
              72.5316004,
              22.9470082
            ],
            [
              72.5320321,
              22.9467415
            ],
            [
              72.5325086,
              22.9460176
            ],
            [
              72.532634,
              22.9451309
            ],
            [
              72.5327496,
              22.943839
            ],
            [
              72.5327864,
              22.9420092
            ],
            [
              72.5334537,
              22.9410333
            ],
            [
              72.534232,
              22.9402426
            ],
            [
              72.5356402,
              22.9399591
            ],
            [
              72.5369076,
              22.9394564
            ],
            [
              72.5378782,
              22.9386203
            ],
            [
              72.5382542,
              22.9376534
            ],
            [
              72.5381909,
              22.9358139
            ],
            [
              72.5377223,
              22.9336776
            ],
            [
              72.5367162,
              22.9324351
            ],
            [
              72.5365404,
              22.9316184
            ],
            [
              72.53831,
              22.9306175
            ],
            [
              72.5405448,
              22.9322058
            ],
            [
              72.5420125,
              22.9335892
            ],
            [
              72.5432914,
              22.9347116
            ],
            [
              72.5447677,
              22.9363953
            ],
            [
              72.546244,
              22.9378023
            ],
            [
              72.5472224,
              22.9388377
            ],
            [
              72.5477632,
              22.9400629
            ],
            [
              72.5483125,
              22.941288
            ],
            [
              72.5484584,
              22.9425685
            ],
            [
              72.5483468,
              22.9438253
            ],
            [
              72.5480893,
              22.9456195
            ],
            [
              72.5479606,
              22.9469948
            ],
            [
              72.5476001,
              22.9484965
            ],
            [
              72.5470079,
              22.9500614
            ],
            [
              72.5462354,
              22.951247
            ],
            [
              72.5443128,
              22.9527803
            ],
            [
              72.5400213,
              22.9555386
            ],
            [
              72.5384076,
              22.9564158
            ],
            [
              72.5376008,
              22.9566134
            ],
            [
              72.5367597,
              22.9566134
            ],
            [
              72.5361932,
              22.9563842
            ],
            [
              72.5355066,
              22.9560523
            ],
            [
              72.5351718,
              22.9555702
            ],
            [
              72.5346654,
              22.9550643
            ],
            [
              72.5330776,
              22.9542345
            ],
            [
              72.5302108,
              22.952883
            ],
            [
              72.528271,
              22.95165
            ],
            [
              72.5276788,
              22.9504724
            ],
            [
              72.5268651,
              22.9494965
            ],
            [
              72.5249188,
              22.9495509
            ],
            [
              72.5254801,
              22.9499921
            ],
            [
              72.5245479,
              22.9501467
            ],
            [
              72.5220387,
              22.9506002
            ],
            [
              72.5206915,
              22.9516098
            ],
            [
              72.5193587,
              22.9524126
            ],
            [
              72.5186944,
              22.9532246
            ],
            [
              72.5181064,
              22.9534141
            ],
            [
              72.517348,
              22.9541991
            ],
            [
              72.517248,
              22.9545456
            ],
            [
              72.5170481,
              22.9547134
            ],
            [
              72.5167659,
              22.9547947
            ],
            [
              72.5159939,
              22.9555513
            ],
            [
              72.5155031,
              22.9557363
            ],
            [
              72.5152872,
              22.9561836
            ],
            [
              72.5155019,
              22.9566191
            ],
            [
              72.5156896,
              22.9576285
            ],
            [
              72.5156843,
              22.9585496
            ],
            [
              72.5160369,
              22.9603924
            ],
            [
              72.5157656,
              22.9612887
            ],
            [
              72.5177911,
              22.9652988
            ],
            [
              72.5186322,
              22.9665317
            ],
            [
              72.5197137,
              22.9680806
            ],
            [
              72.5199113,
              22.9693264
            ],
            [
              72.5206194,
              22.9710551
            ],
            [
              72.5211237,
              22.971549
            ],
            [
              72.5226364,
              22.9722997
            ],
            [
              72.5241277,
              22.9727936
            ],
            [
              72.5259731,
              22.9733171
            ],
            [
              72.5274859,
              22.9738999
            ],
            [
              72.5286768,
              22.9744728
            ],
            [
              72.5295458,
              22.9745321
            ],
            [
              72.530608,
              22.9746901
            ],
            [
              72.5314126,
              22.9750457
            ],
            [
              72.5342021,
              22.9762113
            ],
            [
              72.5355325,
              22.9769126
            ],
            [
              72.5362084,
              22.9771991
            ],
            [
              72.5387619,
              22.9782066
            ],
            [
              72.5394271,
              22.9782757
            ],
            [
              72.540221,
              22.9786708
            ],
            [
              72.5418732,
              22.9797475
            ],
            [
              72.5424526,
              22.9803895
            ],
            [
              72.5446132,
              22.9817752
            ],
            [
              72.5465873,
              22.9826997
            ],
            [
              72.5482095,
              22.983316
            ],
            [
              72.5490616,
              22.9837873
            ],
            [
              72.5496087,
              22.9840243
            ],
            [
              72.5500754,
              22.9843848
            ],
            [
              72.5501559,
              22.9846416
            ],
            [
              72.5502793,
              22.9848343
            ],
            [
              72.5506011,
              22.985017
            ],
            [
              72.5514112,
              22.9854713
            ],
            [
              72.5517008,
              22.9856837
            ],
            [
              72.5520925,
              22.9858565
            ],
            [
              72.5523231,
              22.985896
            ],
            [
              72.5531546,
              22.986296
            ],
            [
              72.5543938,
              22.9868689
            ],
            [
              72.554721,
              22.9872689
            ],
            [
              72.5562089,
              22.9871957
            ],
            [
              72.5573254,
              22.9881036
            ],
            [
              72.557602,
              22.9883154
            ],
            [
              72.5545426,
              22.9917077
            ],
            [
              72.5543046,
              22.9919721
            ],
            [
              72.5541915,
              22.992111
            ],
            [
              72.5540321,
              22.9922718
            ],
            [
              72.5537781,
              22.9925494
            ]
          ]
        ]
      },
      "id": "way/142616342"
    },
    {
      "type": "Feature",
      "properties": {
        "@id": "way/172374564",
        "name": "Asarva Lake",
        "natural": "water"
      },
      "geometry": {
        "type": "Polygon",
        "coordinates": [
          [
            [
              72.6077006,
              23.0440327
            ],
            [
              72.6076287,
              23.0439233
            ],
            [
              72.6075491,
              23.0436555
            ],
            [
              72.6075437,
              23.0433742
            ],
            [
              72.6076242,
              23.0431866
            ],
            [
              72.6078173,
              23.0430879
            ],
            [
              72.6082035,
              23.0430385
            ],
            [
              72.6086059,
              23.0431273
            ],
            [
              72.6087499,
              23.0432273
            ],
            [
              72.6088786,
              23.0433902
            ],
            [
              72.6089216,
              23.043637
            ],
            [
              72.6088733,
              23.0438295
            ],
            [
              72.6087507,
              23.0440751
            ],
            [
              72.6084709,
              23.0441998
            ],
            [
              72.6078897,
              23.0441507
            ],
            [
              72.6077006,
              23.0440327
            ]
          ]
        ]
      },
      "id": "way/172374564"
    },
    {
      "type": "Feature",
      "properties": {
        "@id": "way/172636934",
        "addr:city": "Ahmedabad",
        "addr:postcode": "382415",
        "name": "Odhav Talav",
        "name:en": "Odhav Lake",
        "natural": "water"
      },
      "geometry": {
        "type": "Polygon",
        "coordinates": [
          [
            [
              72.6648656,
              23.0258848
            ],
            [
              72.6647597,
              23.0257388
            ],
            [
              72.6647356,
              23.0255067
            ],
            [
              72.6648616,
              23.0252673
            ],
            [
              72.6650521,
              23.0250871
            ],
            [
              72.6653712,
              23.0250278
            ],
            [
              72.6656448,
              23.025097
            ],
            [
              72.6658353,
              23.0251488
            ],
            [
              72.665956,
              23.0252648
            ],
            [
              72.6659855,
              23.0254672
            ],
            [
              72.6659399,
              23.0256524
            ],
            [
              72.6658084,
              23.0258548
            ],
            [
              72.6655815,
              23.0260077
            ],
            [
              72.6652878,
              23.0260513
            ],
            [
              72.6650624,
              23.0260017
            ],
            [
              72.6648656,
              23.0258848
            ]
          ]
        ]
      },
      "id": "way/172636934"
    },
    {
      "type": "Feature",
      "properties": {
        "@id": "way/172772866",
        "natural": "water"
      },
      "geometry": {
        "type": "Polygon",
        "coordinates": [
          [
            [
              72.660095,
              22.9809628
            ],
            [
              72.6598295,
              22.9809549
            ],
            [
              72.6601728,
              22.9806092
            ],
            [
              72.6601084,
              22.9804808
            ],
            [
              72.6603578,
              22.9802927
            ],
            [
              72.6603552,
              22.9801647
            ],
            [
              72.6601969,
              22.9801741
            ],
            [
              72.6601942,
              22.9800462
            ],
            [
              72.6608836,
              22.9796605
            ],
            [
              72.6613744,
              22.9794832
            ],
            [
              72.661707,
              22.9791572
            ],
            [
              72.662053,
              22.9787221
            ],
            [
              72.6623722,
              22.9787226
            ],
            [
              72.6624607,
              22.9788505
            ],
            [
              72.6623534,
              22.9791271
            ],
            [
              72.662289,
              22.9792456
            ],
            [
              72.6621496,
              22.9792654
            ],
            [
              72.6620396,
              22.9793943
            ],
            [
              72.6620396,
              22.9795425
            ],
            [
              72.6620718,
              22.9798388
            ],
            [
              72.6620825,
              22.9801647
            ],
            [
              72.6620315,
              22.9803223
            ],
            [
              72.6619538,
              22.9805203
            ],
            [
              72.6619779,
              22.980747
            ],
            [
              72.6618894,
              22.9809451
            ],
            [
              72.6612913,
              22.981152
            ],
            [
              72.6610847,
              22.9812216
            ],
            [
              72.6608836,
              22.9812014
            ],
            [
              72.6607736,
              22.981271
            ],
            [
              72.6604544,
              22.9812804
            ],
            [
              72.660095,
              22.9809628
            ]
          ]
        ]
      },
      "id": "way/172772866"
    },
    {
      "type": "Feature",
      "properties": {
        "@id": "way/172773047",
        "natural": "water"
      },
      "geometry": {
        "type": "Polygon",
        "coordinates": [
          [
            [
              72.6404639,
              22.9871578
            ],
            [
              72.6404559,
              22.9870091
            ],
            [
              72.6405283,
              22.986575
            ],
            [
              72.6407858,
              22.9862491
            ],
            [
              72.6412176,
              22.9861893
            ],
            [
              72.6415153,
              22.9862293
            ],
            [
              72.6418399,
              22.9865251
            ],
            [
              72.6420089,
              22.9868121
            ],
            [
              72.6420974,
              22.987019
            ],
            [
              72.6421617,
              22.9873449
            ],
            [
              72.6420089,
              22.9875528
            ],
            [
              72.6419016,
              22.987543
            ],
            [
              72.6418157,
              22.9877504
            ],
            [
              72.6418801,
              22.987859
            ],
            [
              72.6416441,
              22.9884022
            ],
            [
              72.6415046,
              22.9885306
            ],
            [
              72.6413437,
              22.9887578
            ],
            [
              72.6411747,
              22.9887672
            ],
            [
              72.6409494,
              22.9884511
            ],
            [
              72.6409279,
              22.9880758
            ],
            [
              72.6409896,
              22.9876714
            ],
            [
              72.6404639,
              22.9871578
            ]
          ]
        ]
      },
      "id": "way/172773047"
    },
    {
      "type": "Feature",
      "properties": {
        "@id": "way/172773096",
        "natural": "water"
      },
      "geometry": {
        "type": "Polygon",
        "coordinates": [
          [
            [
              72.6289406,
              22.9928857
            ],
            [
              72.6289835,
              22.9924907
            ],
            [
              72.6289835,
              22.9920166
            ],
            [
              72.6290908,
              22.9919376
            ],
            [
              72.6294556,
              22.9918981
            ],
            [
              72.6298021,
              22.9920462
            ],
            [
              72.6298633,
              22.9924117
            ],
            [
              72.6296487,
              22.9928462
            ],
            [
              72.6289406,
              22.9928857
            ]
          ]
        ]
      },
      "id": "way/172773096"
    },
    {
      "type": "Feature",
      "properties": {
        "@id": "way/174744590",
        "natural": "water"
      },
      "geometry": {
        "type": "Polygon",
        "coordinates": [
          [
            [
              72.4819206,
              23.0302577
            ],
            [
              72.4819096,
              23.0302011
            ],
            [
              72.4819823,
              23.0300874
            ],
            [
              72.4820494,
              23.0300306
            ],
            [
              72.4821484,
              23.0300283
            ],
            [
              72.4822586,
              23.0300973
            ],
            [
              72.4822854,
              23.0302034
            ],
            [
              72.4822181,
              23.0302924
            ],
            [
              72.4821162,
              23.0303344
            ],
            [
              72.4819955,
              23.0303171
            ],
            [
              72.4819206,
              23.0302577
            ]
          ]
        ]
      },
      "id": "way/174744590"
    },
    {
      "type": "Feature",
      "properties": {
        "@id": "way/174746368",
        "name": "Thaltej Lake",
        "natural": "water",
        "water": "lake"
      },
      "geometry": {
        "type": "Polygon",
        "coordinates": [
          [
            [
              72.5083975,
              23.0513077
            ],
            [
              72.5083653,
              23.0512191
            ],
            [
              72.508486,
              23.0511759
            ],
            [
              72.5085463,
              23.0511263
            ],
            [
              72.5085209,
              23.0510523
            ],
            [
              72.5085155,
              23.0509536
            ],
            [
              72.5086362,
              23.0509264
            ],
            [
              72.5087449,
              23.0508662
            ],
            [
              72.5087757,
              23.0507808
            ],
            [
              72.5088548,
              23.0507956
            ],
            [
              72.5089218,
              23.0508415
            ],
            [
              72.5089862,
              23.0508943
            ],
            [
              72.5090989,
              23.051072
            ],
            [
              72.5091485,
              23.0511152
            ],
            [
              72.5092611,
              23.0512487
            ],
            [
              72.5093416,
              23.0513524
            ],
            [
              72.5094382,
              23.0514114
            ],
            [
              72.5094328,
              23.0515104
            ],
            [
              72.5094502,
              23.0516088
            ],
            [
              72.5093846,
              23.0516939
            ],
            [
              72.5092652,
              23.0517335
            ],
            [
              72.5090264,
              23.0516459
            ],
            [
              72.5089299,
              23.0515965
            ],
            [
              72.5088146,
              23.0516115
            ],
            [
              72.5086845,
              23.0516757
            ],
            [
              72.5086188,
              23.0516607
            ],
            [
              72.5086174,
              23.0516029
            ],
            [
              72.5085571,
              23.0515398
            ],
            [
              72.5085396,
              23.0514361
            ],
            [
              72.5084619,
              23.0513882
            ],
            [
              72.5083975,
              23.0513077
            ]
          ]
        ]
      },
      "id": "way/174746368"
    },
    {
      "type": "Feature",
      "properties": {
        "@id": "way/174746375",
        "name": "Thaltej Lake",
        "natural": "water",
        "water": "lake"
      },
      "geometry": {
        "type": "Polygon",
        "coordinates": [
          [
            [
              72.511273,
              23.0513749
            ],
            [
              72.5112699,
              23.0512928
            ],
            [
              72.5112493,
              23.0511661
            ],
            [
              72.5112701,
              23.0509649
            ],
            [
              72.511353,
              23.0507149
            ],
            [
              72.5114284,
              23.0504883
            ],
            [
              72.5115522,
              23.0504427
            ],
            [
              72.5117524,
              23.0504112
            ],
            [
              72.5119792,
              23.0504058
            ],
            [
              72.5121634,
              23.0504502
            ],
            [
              72.5122706,
              23.050533
            ],
            [
              72.5123962,
              23.0507822
            ],
            [
              72.5125432,
              23.0510095
            ],
            [
              72.5126461,
              23.0511646
            ],
            [
              72.512794,
              23.0513753
            ],
            [
              72.5128566,
              23.0514857
            ],
            [
              72.5128962,
              23.0515905
            ],
            [
              72.5128929,
              23.0516878
            ],
            [
              72.5127695,
              23.0517618
            ],
            [
              72.5127051,
              23.0518359
            ],
            [
              72.51263,
              23.051925
            ],
            [
              72.5125227,
              23.0519544
            ],
            [
              72.5125045,
              23.0520016
            ],
            [
              72.5123781,
              23.0519947
            ],
            [
              72.5124362,
              23.0519121
            ],
            [
              72.5123725,
              23.0518016
            ],
            [
              72.512292,
              23.051752
            ],
            [
              72.5122438,
              23.0517917
            ],
            [
              72.5121097,
              23.0518115
            ],
            [
              72.5120399,
              23.0518361
            ],
            [
              72.5119809,
              23.0518065
            ],
            [
              72.511761,
              23.0518507
            ],
            [
              72.5116644,
              23.0518704
            ],
            [
              72.5115515,
              23.0518564
            ],
            [
              72.5115008,
              23.0517706
            ],
            [
              72.5114713,
              23.0517051
            ],
            [
              72.5113888,
              23.0516447
            ],
            [
              72.5112803,
              23.0515153
            ],
            [
              72.5112699,
              23.0514555
            ],
            [
              72.511273,
              23.0513749
            ]
          ]
        ]
      },
      "id": "way/174746375"
    },
    {
      "type": "Feature",
      "properties": {
        "@id": "way/174746386",
        "natural": "water"
      },
      "geometry": {
        "type": "Polygon",
        "coordinates": [
          [
            [
              72.5104344,
              23.0519832
            ],
            [
              72.5103765,
              23.0519141
            ],
            [
              72.5103375,
              23.0518545
            ],
            [
              72.5103642,
              23.0518035
            ],
            [
              72.5104188,
              23.0517526
            ],
            [
              72.5104834,
              23.0517345
            ],
            [
              72.5105652,
              23.0517139
            ],
            [
              72.5106026,
              23.0516938
            ],
            [
              72.5106718,
              23.0517003
            ],
            [
              72.5107218,
              23.05169
            ],
            [
              72.5107753,
              23.0516768
            ],
            [
              72.5107989,
              23.0516796
            ],
            [
              72.5108153,
              23.051691
            ],
            [
              72.5108922,
              23.0517217
            ],
            [
              72.510939,
              23.051777
            ],
            [
              72.5109873,
              23.0518281
            ],
            [
              72.5110006,
              23.0518517
            ],
            [
              72.5110028,
              23.0518854
            ],
            [
              72.5109898,
              23.0519631
            ],
            [
              72.510977,
              23.0520314
            ],
            [
              72.5109443,
              23.052047
            ],
            [
              72.5109122,
              23.0520796
            ],
            [
              72.5109115,
              23.052112
            ],
            [
              72.510873,
              23.0521314
            ],
            [
              72.510817,
              23.052116
            ],
            [
              72.5107306,
              23.052106
            ],
            [
              72.5106899,
              23.0520959
            ],
            [
              72.5106666,
              23.0520731
            ],
            [
              72.5106047,
              23.0520159
            ],
            [
              72.5105543,
              23.0520267
            ],
            [
              72.5105173,
              23.0520323
            ],
            [
              72.5104988,
              23.0520304
            ],
            [
              72.5104344,
              23.0519832
            ]
          ]
        ]
      },
      "id": "way/174746386"
    },
    {
      "type": "Feature",
      "properties": {
        "@id": "way/174746387",
        "natural": "water"
      },
      "geometry": {
        "type": "Polygon",
        "coordinates": [
          [
            [
              72.5111977,
              23.0528774
            ],
            [
              72.5111816,
              23.0526997
            ],
            [
              72.5112406,
              23.0525566
            ],
            [
              72.511411,
              23.0525747
            ],
            [
              72.5114606,
              23.0526602
            ],
            [
              72.5115625,
              23.0527787
            ],
            [
              72.5115571,
              23.0529268
            ],
            [
              72.5115761,
              23.053066
            ],
            [
              72.5114668,
              23.0530162
            ],
            [
              72.5113372,
              23.0529959
            ],
            [
              72.5113157,
              23.052927
            ],
            [
              72.5111977,
              23.0528774
            ]
          ]
        ]
      },
      "id": "way/174746387"
    },
    {
      "type": "Feature",
      "properties": {
        "@id": "way/176322582",
        "name": "Telav Lake",
        "natural": "water"
      },
      "geometry": {
        "type": "Polygon",
        "coordinates": [
          [
            [
              72.4388345,
              22.9829352
            ],
            [
              72.4386349,
              22.9826499
            ],
            [
              72.4385096,
              22.9822909
            ],
            [
              72.4384929,
              22.9820455
            ],
            [
              72.4386016,
              22.9816681
            ],
            [
              72.4387096,
              22.9813936
            ],
            [
              72.4389677,
              22.9811635
            ],
            [
              72.4393177,
              22.9811098
            ],
            [
              72.4396759,
              22.9811558
            ],
            [
              72.4397093,
              22.9812632
            ],
            [
              72.4395093,
              22.981685
            ],
            [
              72.4394593,
              22.9818921
            ],
            [
              72.4394177,
              22.9821222
            ],
            [
              72.439276,
              22.9823216
            ],
            [
              72.4391761,
              22.9826054
            ],
            [
              72.439226,
              22.9828048
            ],
            [
              72.4393593,
              22.9830733
            ],
            [
              72.4393597,
              22.9831714
            ],
            [
              72.4391844,
              22.983196
            ],
            [
              72.4390431,
              22.9830641
            ],
            [
              72.4388345,
              22.9829352
            ]
          ]
        ]
      },
      "id": "way/176322582"
    },
    {
      "type": "Feature",
      "properties": {
        "@id": "way/176322583",
        "name": "Sanathal Lake",
        "natural": "water",
        "water": "lake"
      },
      "geometry": {
        "type": "Polygon",
        "coordinates": [
          [
            [
              72.468673,
              22.9676704
            ],
            [
              72.4689351,
              22.9676861
            ],
            [
              72.4691786,
              22.9677769
            ],
            [
              72.4693787,
              22.9679335
            ],
            [
              72.4695151,
              22.9681401
            ],
            [
              72.469575,
              22.968393
            ],
            [
              72.4695392,
              22.9686498
            ],
            [
              72.4694118,
              22.9688805
            ],
            [
              72.4692076,
              22.9690584
            ],
            [
              72.4689503,
              22.9691627
            ],
            [
              72.46867,
              22.9691815
            ],
            [
              72.468399,
              22.9691124
            ],
            [
              72.4681691,
              22.9689635
            ],
            [
              72.4680068,
              22.9687521
            ],
            [
              72.4679333,
              22.96852
            ],
            [
              72.4679427,
              22.9682783
            ],
            [
              72.4680342,
              22.9680516
            ],
            [
              72.4681985,
              22.967863
            ],
            [
              72.4684189,
              22.9677315
            ],
            [
              72.468673,
              22.9676704
            ]
          ]
        ]
      },
      "id": "way/176322583"
    },
    {
      "type": "Feature",
      "properties": {
        "@id": "way/176324985",
        "natural": "water"
      },
      "geometry": {
        "type": "Polygon",
        "coordinates": [
          [
            [
              72.4259124,
              22.9512619
            ],
            [
              72.4258344,
              22.9512187
            ],
            [
              72.4257266,
              22.950984
            ],
            [
              72.4256306,
              22.9506457
            ],
            [
              72.4256837,
              22.9504802
            ],
            [
              72.4258875,
              22.950332
            ],
            [
              72.4266385,
              22.950164
            ],
            [
              72.4268531,
              22.9501344
            ],
            [
              72.4270248,
              22.9501739
            ],
            [
              72.4274003,
              22.9501838
            ],
            [
              72.4277119,
              22.9501122
            ],
            [
              72.4280655,
              22.9499269
            ],
            [
              72.4284627,
              22.9498306
            ],
            [
              72.4284699,
              22.9500543
            ],
            [
              72.4284603,
              22.9502847
            ],
            [
              72.4284756,
              22.9504652
            ],
            [
              72.428546,
              22.9507582
            ],
            [
              72.4285864,
              22.9511032
            ],
            [
              72.4286192,
              22.9515089
            ],
            [
              72.428448,
              22.9515624
            ],
            [
              72.4281835,
              22.9512903
            ],
            [
              72.4281264,
              22.9511876
            ],
            [
              72.4280352,
              22.951132
            ],
            [
              72.4278953,
              22.951171
            ],
            [
              72.4277641,
              22.95121
            ],
            [
              72.4277436,
              22.9512409
            ],
            [
              72.4279686,
              22.9513764
            ],
            [
              72.4282941,
              22.9515395
            ],
            [
              72.4276047,
              22.9516929
            ],
            [
              72.4273794,
              22.9517522
            ],
            [
              72.427315,
              22.9516633
            ],
            [
              72.4271648,
              22.9514459
            ],
            [
              72.4268858,
              22.9514558
            ],
            [
              72.4266283,
              22.9512977
            ],
            [
              72.4263172,
              22.9512977
            ],
            [
              72.4260061,
              22.9513669
            ],
            [
              72.4259124,
              22.9512619
            ]
          ]
        ]
      },
      "id": "way/176324985"
    },
    {
      "type": "Feature",
      "properties": {
        "@id": "way/177102390",
        "name": "Isanpur Lake",
        "natural": "water"
      },
      "geometry": {
        "type": "Polygon",
        "coordinates": [
          [
            [
              72.6008908,
              22.9784216
            ],
            [
              72.6009825,
              22.9782191
            ],
            [
              72.6012883,
              22.977903
            ],
            [
              72.6015721,
              22.9776906
            ],
            [
              72.6018939,
              22.9776067
            ],
            [
              72.602484,
              22.9776067
            ],
            [
              72.6027576,
              22.9776808
            ],
            [
              72.603117,
              22.9782141
            ],
            [
              72.6030425,
              22.9783524
            ],
            [
              72.6029507,
              22.9785845
            ],
            [
              72.6029239,
              22.9787772
            ],
            [
              72.602565,
              22.9790587
            ],
            [
              72.6023553,
              22.9792858
            ],
            [
              72.602366,
              22.9794982
            ],
            [
              72.6022432,
              22.9794735
            ],
            [
              72.6021353,
              22.9794982
            ],
            [
              72.602034,
              22.9795674
            ],
            [
              72.6020012,
              22.9794044
            ],
            [
              72.6019691,
              22.979271
            ],
            [
              72.6018462,
              22.9791673
            ],
            [
              72.601519,
              22.9789747
            ],
            [
              72.6013151,
              22.9788117
            ],
            [
              72.6012668,
              22.9786734
            ],
            [
              72.6013151,
              22.9785599
            ],
            [
              72.6011698,
              22.9784018
            ],
            [
              72.6009949,
              22.9784981
            ],
            [
              72.6008908,
              22.9784216
            ]
          ]
        ]
      },
      "id": "way/177102390"
    },
    {
      "type": "Feature",
      "properties": {
        "@id": "way/177104260",
        "natural": "water"
      },
      "geometry": {
        "type": "Polygon",
        "coordinates": [
          [
            [
              72.5770406,
              22.9778783
            ],
            [
              72.5770985,
              22.9776856
            ],
            [
              72.5769701,
              22.9775697
            ],
            [
              72.5768829,
              22.9772807
            ],
            [
              72.5768212,
              22.9771215
            ],
            [
              72.5769373,
              22.976993
            ],
            [
              72.5770648,
              22.976814
            ],
            [
              72.577168,
              22.9767559
            ],
            [
              72.5772338,
              22.9767893
            ],
            [
              72.5775193,
              22.9767757
            ],
            [
              72.5775877,
              22.976872
            ],
            [
              72.5775985,
              22.9770436
            ],
            [
              72.5776146,
              22.977419
            ],
            [
              72.5775824,
              22.9775869
            ],
            [
              72.5776414,
              22.97774
            ],
            [
              72.5772946,
              22.9779043
            ],
            [
              72.5770406,
              22.9778783
            ]
          ]
        ]
      },
      "id": "way/177104260"
    },
    {
      "type": "Feature",
      "properties": {
        "@id": "way/177263850",
        "natural": "water"
      },
      "geometry": {
        "type": "Polygon",
        "coordinates": [
          [
            [
              72.5008843,
              22.996828
            ],
            [
              72.5007112,
              22.9968546
            ],
            [
              72.5005513,
              22.9968344
            ],
            [
              72.500294,
              22.9967025
            ],
            [
              72.4999576,
              22.9963526
            ],
            [
              72.4997917,
              22.9964381
            ],
            [
              72.4997318,
              22.9963346
            ],
            [
              72.4999406,
              22.9961768
            ],
            [
              72.5001623,
              22.9960732
            ],
            [
              72.5003052,
              22.9959712
            ],
            [
              72.5004647,
              22.9958958
            ],
            [
              72.5006149,
              22.9958374
            ],
            [
              72.5009288,
              22.9956762
            ],
            [
              72.5012506,
              22.9954753
            ],
            [
              72.5015343,
              22.9954048
            ],
            [
              72.5017265,
              22.9951419
            ],
            [
              72.5018273,
              22.9949627
            ],
            [
              72.502041,
              22.9948791
            ],
            [
              72.5021738,
              22.9947947
            ],
            [
              72.5022828,
              22.9946545
            ],
            [
              72.5024139,
              22.9945207
            ],
            [
              72.5024526,
              22.9943841
            ],
            [
              72.5024691,
              22.9942859
            ],
            [
              72.5025274,
              22.9939765
            ],
            [
              72.5025572,
              22.9938549
            ],
            [
              72.5024083,
              22.9938162
            ],
            [
              72.5023851,
              22.9937171
            ],
            [
              72.5023875,
              22.9935783
            ],
            [
              72.502438,
              22.9934952
            ],
            [
              72.5026202,
              22.9934778
            ],
            [
              72.5029622,
              22.9934597
            ],
            [
              72.503677,
              22.993425
            ],
            [
              72.5039542,
              22.9934208
            ],
            [
              72.5041815,
              22.9934796
            ],
            [
              72.5043669,
              22.9933539
            ],
            [
              72.5044418,
              22.9936916
            ],
            [
              72.504437,
              22.9938667
            ],
            [
              72.5042229,
              22.994031
            ],
            [
              72.5042713,
              22.9940777
            ],
            [
              72.5042799,
              22.9941717
            ],
            [
              72.5043177,
              22.994347
            ],
            [
              72.5044434,
              22.9944338
            ],
            [
              72.5044688,
              22.9945741
            ],
            [
              72.5045309,
              22.9946778
            ],
            [
              72.5045422,
              22.9948304
            ],
            [
              72.5046068,
              22.9950377
            ],
            [
              72.504624,
              22.9951404
            ],
            [
              72.5046185,
              22.9953643
            ],
            [
              72.50462,
              22.9956225
            ],
            [
              72.5045638,
              22.9958358
            ],
            [
              72.504453,
              22.9958974
            ],
            [
              72.5041728,
              22.9959449
            ],
            [
              72.5037901,
              22.995985
            ],
            [
              72.5035895,
              22.9960173
            ],
            [
              72.5033269,
              22.9960701
            ],
            [
              72.5029598,
              22.9961729
            ],
            [
              72.5026229,
              22.9962537
            ],
            [
              72.5023289,
              22.9963283
            ],
            [
              72.5020176,
              22.9964167
            ],
            [
              72.5017814,
              22.9964759
            ],
            [
              72.5015395,
              22.9965491
            ],
            [
              72.5013129,
              22.9966468
            ],
            [
              72.5011464,
              22.9967208
            ],
            [
              72.5010033,
              22.9967859
            ],
            [
              72.5008843,
              22.996828
            ]
          ]
        ]
      },
      "id": "way/177263850"
    },
    {
      "type": "Feature",
      "properties": {
        "@id": "way/178456865",
        "natural": "water"
      },
      "geometry": {
        "type": "Polygon",
        "coordinates": [
          [
            [
              72.4299005,
              22.9765895
            ],
            [
              72.4291409,
              22.976486
            ],
            [
              72.4290179,
              22.976012
            ],
            [
              72.4290116,
              22.9757194
            ],
            [
              72.4290651,
              22.9755359
            ],
            [
              72.4291399,
              22.9753298
            ],
            [
              72.4292382,
              22.9751093
            ],
            [
              72.429644,
              22.974833
            ],
            [
              72.4299593,
              22.9746333
            ],
            [
              72.4302768,
              22.974524
            ],
            [
              72.4305016,
              22.9745252
            ],
            [
              72.4306027,
              22.9743948
            ],
            [
              72.4308993,
              22.9747081
            ],
            [
              72.4309946,
              22.9750398
            ],
            [
              72.4307827,
              22.9753206
            ],
            [
              72.4310084,
              22.9755532
            ],
            [
              72.430768,
              22.9757549
            ],
            [
              72.430729,
              22.9758399
            ],
            [
              72.4305229,
              22.9759808
            ],
            [
              72.4305877,
              22.9762918
            ],
            [
              72.4300829,
              22.9765994
            ],
            [
              72.4299005,
              22.9765895
            ]
          ]
        ]
      },
      "id": "way/178456865"
    },
    {
      "type": "Feature",
      "properties": {
        "@id": "way/178458878",
        "natural": "water"
      },
      "geometry": {
        "type": "Polygon",
        "coordinates": [
          [
            [
              72.4213876,
              22.9704724
            ],
            [
              72.4214455,
              22.9698995
            ],
            [
              72.4215939,
              22.9697169
            ],
            [
              72.4214892,
              22.969458
            ],
            [
              72.4213041,
              22.9690559
            ],
            [
              72.4212557,
              22.9688666
            ],
            [
              72.4216342,
              22.968623
            ],
            [
              72.4217419,
              22.9687247
            ],
            [
              72.4221213,
              22.9686914
            ],
            [
              72.4222178,
              22.9686063
            ],
            [
              72.4224384,
              22.9686332
            ],
            [
              72.4226047,
              22.968682
            ],
            [
              72.4228346,
              22.9688659
            ],
            [
              72.4232305,
              22.9691491
            ],
            [
              72.4233509,
              22.9692868
            ],
            [
              72.4232913,
              22.9694723
            ],
            [
              72.4232109,
              22.9696155
            ],
            [
              72.423007,
              22.9697686
            ],
            [
              72.4227911,
              22.9698477
            ],
            [
              72.4225068,
              22.9698625
            ],
            [
              72.4220736,
              22.9700055
            ],
            [
              72.4218958,
              22.9704903
            ],
            [
              72.4213876,
              22.9704724
            ]
          ]
        ]
      },
      "id": "way/178458878"
    },
    {
      "type": "Feature",
      "properties": {
        "@id": "way/178943119",
        "natural": "water"
      },
      "geometry": {
        "type": "Polygon",
        "coordinates": [
          [
            [
              72.5929337,
              22.8518677
            ],
            [
              72.5927641,
              22.8516383
            ],
            [
              72.5923565,
              22.8509364
            ],
            [
              72.5922706,
              22.8507485
            ],
            [
              72.592335,
              22.8505508
            ],
            [
              72.5922492,
              22.8504618
            ],
            [
              72.5922921,
              22.8503333
            ],
            [
              72.5925388,
              22.8501652
            ],
            [
              72.592571,
              22.850007
            ],
            [
              72.5926032,
              22.8498785
            ],
            [
              72.5927051,
              22.8498419
            ],
            [
              72.5928339,
              22.8497925
            ],
            [
              72.5928822,
              22.8496709
            ],
            [
              72.5931075,
              22.849572
            ],
            [
              72.5937995,
              22.8493377
            ],
            [
              72.5939068,
              22.8491004
            ],
            [
              72.5943735,
              22.8489194
            ],
            [
              72.594867,
              22.8486031
            ],
            [
              72.5951245,
              22.848613
            ],
            [
              72.5953069,
              22.8484251
            ],
            [
              72.5951781,
              22.8483559
            ],
            [
              72.5951352,
              22.8480791
            ],
            [
              72.5952532,
              22.8479703
            ],
            [
              72.5960311,
              22.8478546
            ],
            [
              72.5958004,
              22.8487316
            ],
            [
              72.5958004,
              22.8489096
            ],
            [
              72.5957253,
              22.849048
            ],
            [
              72.5955966,
              22.8490183
            ],
            [
              72.5954356,
              22.8490084
            ],
            [
              72.5952425,
              22.8491073
            ],
            [
              72.5950387,
              22.8490678
            ],
            [
              72.594867,
              22.8491765
            ],
            [
              72.5947168,
              22.8494533
            ],
            [
              72.5944915,
              22.8496214
            ],
            [
              72.5943949,
              22.8498983
            ],
            [
              72.5942447,
              22.8502641
            ],
            [
              72.5941374,
              22.8506398
            ],
            [
              72.5942233,
              22.8509957
            ],
            [
              72.5945183,
              22.8510876
            ],
            [
              72.5949153,
              22.8511667
            ],
            [
              72.5951352,
              22.8511835
            ],
            [
              72.5954785,
              22.8511835
            ],
            [
              72.5959077,
              22.8511638
            ],
            [
              72.5964817,
              22.851147
            ],
            [
              72.5958916,
              22.8512953
            ],
            [
              72.5954571,
              22.8512824
            ],
            [
              72.5951245,
              22.8513318
            ],
            [
              72.594631,
              22.8513121
            ],
            [
              72.5944164,
              22.8514011
            ],
            [
              72.5943627,
              22.8515889
            ],
            [
              72.593719,
              22.8516581
            ],
            [
              72.5933971,
              22.851846
            ],
            [
              72.5932255,
              22.852014
            ],
            [
              72.593057,
              22.8519933
            ],
            [
              72.5929337,
              22.8518677
            ]
          ]
        ]
      },
      "id": "way/178943119"
    },
    {
      "type": "Feature",
      "properties": {
        "@id": "way/178943122",
        "natural": "water"
      },
      "geometry": {
        "type": "Polygon",
        "coordinates": [
          [
            [
              72.5910046,
              22.8531411
            ],
            [
              72.590848,
              22.8520808
            ],
            [
              72.5907042,
              22.8518558
            ],
            [
              72.590672,
              22.8516779
            ],
            [
              72.5911763,
              22.8516087
            ],
            [
              72.5919166,
              22.8517273
            ],
            [
              72.5922706,
              22.8517669
            ],
            [
              72.5924959,
              22.8519943
            ],
            [
              72.5928285,
              22.8522217
            ],
            [
              72.5928071,
              22.8524589
            ],
            [
              72.5926676,
              22.8525973
            ],
            [
              72.5924423,
              22.8533092
            ],
            [
              72.5922706,
              22.8535267
            ],
            [
              72.5910046,
              22.8531411
            ]
          ]
        ]
      },
      "id": "way/178943122"
    },
    {
      "type": "Feature",
      "properties": {
        "@id": "way/180663393",
        "name": "Memnagar Lake",
        "natural": "water"
      },
      "geometry": {
        "type": "Polygon",
        "coordinates": [
          [
            [
              72.5409921,
              23.049294
            ],
            [
              72.5409921,
              23.0491854
            ],
            [
              72.5410296,
              23.0489534
            ],
            [
              72.5410934,
              23.0488275
            ],
            [
              72.5412066,
              23.048756
            ],
            [
              72.5414158,
              23.0487411
            ],
            [
              72.541507,
              23.0487806
            ],
            [
              72.5415875,
              23.0488399
            ],
            [
              72.541904,
              23.0489682
            ],
            [
              72.5421186,
              23.0490521
            ],
            [
              72.5423171,
              23.0490571
            ],
            [
              72.5425826,
              23.049004
            ],
            [
              72.5429565,
              23.0490805
            ],
            [
              72.5432771,
              23.0491225
            ],
            [
              72.5433626,
              23.0492323
            ],
            [
              72.543336,
              23.0494322
            ],
            [
              72.5433143,
              23.0495285
            ],
            [
              72.543207,
              23.0495692
            ],
            [
              72.5427006,
              23.0495684
            ],
            [
              72.5426445,
              23.0497132
            ],
            [
              72.5426129,
              23.0493709
            ],
            [
              72.5425215,
              23.0493577
            ],
            [
              72.5425915,
              23.0499838
            ],
            [
              72.5425585,
              23.0500443
            ],
            [
              72.542456,
              23.0501109
            ],
            [
              72.5423219,
              23.050106
            ],
            [
              72.5422044,
              23.0500344
            ],
            [
              72.5421079,
              23.0499308
            ],
            [
              72.5419517,
              23.0498691
            ],
            [
              72.5413139,
              23.0496297
            ],
            [
              72.5411744,
              23.0495704
            ],
            [
              72.5411101,
              23.0495013
            ],
            [
              72.5410242,
              23.0493977
            ],
            [
              72.5409921,
              23.049294
            ]
          ]
        ]
      },
      "id": "way/180663393"
    },
    {
      "type": "Feature",
      "properties": {
        "@id": "way/185330701",
        "natural": "water",
        "water": "river"
      },
      "geometry": {
        "type": "Polygon",
        "coordinates": [
          [
            [
              72.4935182,
              22.8766875
            ],
            [
              72.4936312,
              22.8744138
            ],
            [
              72.4935784,
              22.8736032
            ],
            [
              72.4932617,
              22.8725982
            ],
            [
              72.4931034,
              22.8717715
            ],
            [
              72.493508,
              22.8703611
            ],
            [
              72.4943877,
              22.8697613
            ],
            [
              72.4953906,
              22.8668271
            ],
            [
              72.4953026,
              22.8632606
            ],
            [
              72.4946813,
              22.8569621
            ],
            [
              72.4935865,
              22.8548527
            ],
            [
              72.4921932,
              22.8536605
            ],
            [
              72.491397,
              22.853179
            ],
            [
              72.490974,
              22.8524911
            ],
            [
              72.4924669,
              22.8507486
            ],
            [
              72.4935368,
              22.8497855
            ],
            [
              72.4943579,
              22.8474009
            ],
            [
              72.4938602,
              22.8452455
            ],
            [
              72.4934621,
              22.8435717
            ],
            [
              72.4936363,
              22.8394213
            ],
            [
              72.493487,
              22.837197
            ],
            [
              72.4945071,
              22.8322896
            ],
            [
              72.4972192,
              22.8290103
            ],
            [
              72.4988365,
              22.8278637
            ],
            [
              72.5009266,
              22.826396
            ],
            [
              72.504305,
              22.8248315
            ],
            [
              72.5077192,
              22.8226579
            ],
            [
              72.5113768,
              22.8208232
            ],
            [
              72.5158555,
              22.8199976
            ],
            [
              72.5172488,
              22.8201352
            ],
            [
              72.5194882,
              22.8206397
            ],
            [
              72.521628,
              22.8202269
            ],
            [
              72.5258329,
              22.8187362
            ],
            [
              72.5282713,
              22.8175895
            ],
            [
              72.5314313,
              22.8158694
            ],
            [
              72.5338946,
              22.8131631
            ],
            [
              72.5345912,
              22.8120622
            ],
            [
              72.5352382,
              22.811076
            ],
            [
              72.5358353,
              22.8096081
            ],
            [
              72.5362583,
              22.8087595
            ],
            [
              72.5366047,
              22.8057206
            ],
            [
              72.5364463,
              22.8035148
            ],
            [
              72.5358833,
              22.8021038
            ],
            [
              72.5353379,
              22.8009847
            ],
            [
              72.5341591,
              22.7996385
            ],
            [
              72.5318191,
              22.7978868
            ],
            [
              72.530482,
              22.7970272
            ],
            [
              72.5292152,
              22.7967028
            ],
            [
              72.5252566,
              22.7963622
            ],
            [
              72.5233213,
              22.7963946
            ],
            [
              72.5211924,
              22.7967028
            ],
            [
              72.5187117,
              22.797384
            ],
            [
              72.5166884,
              22.7987465
            ],
            [
              72.5157031,
              22.7996223
            ],
            [
              72.5148938,
              22.7999142
            ],
            [
              72.5140845,
              22.7999953
            ],
            [
              72.5124835,
              22.799898
            ],
            [
              72.5085776,
              22.7996061
            ],
            [
              72.5069766,
              22.799671
            ],
            [
              72.5055867,
              22.7994925
            ],
            [
              72.5042495,
              22.7992493
            ],
            [
              72.5031763,
              22.7989735
            ],
            [
              72.5023494,
              22.7985518
            ],
            [
              72.5014697,
              22.7979842
            ],
            [
              72.4999038,
              22.7959405
            ],
            [
              72.4997631,
              22.7937833
            ],
            [
              72.499851,
              22.7921937
            ],
            [
              72.5004141,
              22.7898418
            ],
            [
              72.5015928,
              22.7887712
            ],
            [
              72.5031587,
              22.7874249
            ],
            [
              72.5048477,
              22.7866301
            ],
            [
              72.507434,
              22.7854298
            ],
            [
              72.5087535,
              22.7841808
            ],
            [
              72.5106361,
              22.7826073
            ],
            [
              72.5125538,
              22.7809852
            ],
            [
              72.5149466,
              22.7792495
            ],
            [
              72.5156328,
              22.7778706
            ],
            [
              72.5165652,
              22.7766215
            ],
            [
              72.520735,
              22.7733933
            ],
            [
              72.5228286,
              22.7718036
            ],
            [
              72.5280364,
              22.7682021
            ],
            [
              72.5299894,
              22.7666447
            ],
            [
              72.5325581,
              22.7648601
            ],
            [
              72.5340711,
              22.7626862
            ],
            [
              72.5351092,
              22.7609989
            ],
            [
              72.5377834,
              22.7558397
            ],
            [
              72.537977,
              22.753552
            ],
            [
              72.5383113,
              22.7507613
            ],
            [
              72.5369213,
              22.7472729
            ],
            [
              72.5351444,
              22.7443361
            ],
            [
              72.5326636,
              22.7420482
            ],
            [
              72.5309042,
              22.7405554
            ],
            [
              72.5288106,
              22.7390951
            ],
            [
              72.5257316,
              22.7374075
            ],
            [
              72.5232333,
              22.7365151
            ],
            [
              72.5224416,
              22.7347626
            ],
            [
              72.5221249,
              22.7334644
            ],
            [
              72.5226527,
              22.7307869
            ],
            [
              72.5243417,
              22.7286449
            ],
            [
              72.5255557,
              22.7263568
            ],
            [
              72.5295143,
              22.7224783
            ],
            [
              72.5325053,
              22.7195247
            ],
            [
              72.5360592,
              22.7170092
            ],
            [
              72.5383464,
              22.7159381
            ],
            [
              72.5409152,
              22.7136011
            ],
            [
              72.5422347,
              22.711832
            ],
            [
              72.5424106,
              22.7111829
            ],
            [
              72.5424106,
              22.70943
            ],
            [
              72.54183,
              22.7085861
            ],
            [
              72.5410207,
              22.7084238
            ],
            [
              72.5405105,
              22.7085536
            ],
            [
              72.5398771,
              22.7091541
            ],
            [
              72.5379418,
              22.7103227
            ],
            [
              72.5353555,
              22.7113776
            ],
            [
              72.5313441,
              22.7123838
            ],
            [
              72.5291448,
              22.712887
            ],
            [
              72.5279837,
              22.7135361
            ],
            [
              72.5258724,
              22.7142989
            ],
            [
              72.5241482,
              22.7146722
            ],
            [
              72.5229518,
              22.7146397
            ],
            [
              72.5222129,
              22.7142015
            ],
            [
              72.5214035,
              22.7133414
            ],
            [
              72.5206822,
              22.7121242
            ],
            [
              72.5179376,
              22.7092677
            ],
            [
              72.5174977,
              22.7079206
            ],
            [
              72.517269,
              22.7052589
            ],
            [
              72.5170579,
              22.7038793
            ],
            [
              72.5169347,
              22.7028081
            ],
            [
              72.5170755,
              22.7014609
            ],
            [
              72.5178848,
              22.6995781
            ],
            [
              72.518958,
              22.6976304
            ],
            [
              72.5208581,
              22.696267
            ],
            [
              72.5224944,
              22.6956339
            ],
            [
              72.5244825,
              22.6950658
            ],
            [
              72.525802,
              22.6947736
            ],
            [
              72.5286522,
              22.6942867
            ],
            [
              72.5334202,
              22.6942867
            ],
            [
              72.5359009,
              22.6941244
            ],
            [
              72.5369741,
              22.6941244
            ],
            [
              72.5400706,
              22.6947574
            ],
            [
              72.5442052,
              22.6953904
            ],
            [
              72.5467035,
              22.6953418
            ],
            [
              72.5476712,
              22.6952931
            ],
            [
              72.5482694,
              22.6951957
            ],
            [
              72.5509437,
              22.6939945
            ],
            [
              72.5514363,
              22.693329
            ],
            [
              72.5515419,
              22.6922902
            ],
            [
              72.5514187,
              22.6910403
            ],
            [
              72.5512428,
              22.6896281
            ],
            [
              72.5512428,
              22.6890925
            ],
            [
              72.5515008,
              22.687736
            ],
            [
              72.5517002,
              22.6866251
            ],
            [
              72.5514539,
              22.6840441
            ],
            [
              72.5508909,
              22.6827617
            ],
            [
              72.5504158,
              22.6816903
            ],
            [
              72.5500367,
              22.6802562
            ],
            [
              72.5486683,
              22.6790279
            ],
            [
              72.5471754,
              22.6785114
            ],
            [
              72.5462174,
              22.6780522
            ],
            [
              72.5449734,
              22.6761123
            ],
            [
              72.5448116,
              22.6755383
            ],
            [
              72.5446748,
              22.6735983
            ],
            [
              72.5446748,
              22.6727833
            ],
            [
              72.5452595,
              22.6703497
            ],
            [
              72.5454337,
              22.6696494
            ],
            [
              72.5456203,
              22.668777
            ],
            [
              72.5459686,
              22.6680308
            ],
            [
              72.5467897,
              22.6665269
            ],
            [
              72.5472624,
              22.6656545
            ],
            [
              72.5473744,
              22.6650919
            ],
            [
              72.5472873,
              22.6641735
            ],
            [
              72.5471256,
              22.6629452
            ],
            [
              72.5461303,
              22.6613724
            ],
            [
              72.5453963,
              22.6595126
            ],
            [
              72.543779,
              22.6581808
            ],
            [
              72.5428087,
              22.657469
            ],
            [
              72.5408181,
              22.6560569
            ],
            [
              72.5398104,
              22.6555747
            ],
            [
              72.5375835,
              22.6548859
            ],
            [
              72.5349834,
              22.6533474
            ],
            [
              72.5340131,
              22.6522567
            ],
            [
              72.5335901,
              22.6512693
            ],
            [
              72.5331173,
              22.6500064
            ],
            [
              72.5311392,
              22.6456664
            ],
            [
              72.5309277,
              22.6444379
            ],
            [
              72.5299698,
              22.6411885
            ],
            [
              72.5303928,
              22.6387428
            ],
            [
              72.5316618,
              22.6349652
            ],
            [
              72.5330178,
              22.6308314
            ],
            [
              72.5342867,
              22.6271568
            ],
            [
              72.5347346,
              22.6260774
            ],
            [
              72.5353691,
              22.6243664
            ],
            [
              72.5354313,
              22.6227472
            ],
            [
              72.5352696,
              22.6219089
            ],
            [
              72.5351203,
              22.6213003
            ],
            [
              72.5331049,
              22.6195777
            ],
            [
              72.5321345,
              22.619038
            ],
            [
              72.53099,
              22.6186935
            ],
            [
              72.5298703,
              22.618682
            ],
            [
              72.5288875,
              22.6190495
            ],
            [
              72.527519,
              22.6198189
            ],
            [
              72.5268721,
              22.6213922
            ],
            [
              72.5251801,
              22.6241712
            ],
            [
              72.5239609,
              22.6265138
            ],
            [
              72.5227417,
              22.629086
            ],
            [
              72.5210871,
              22.632106
            ],
            [
              72.5194325,
              22.634058
            ],
            [
              72.5182879,
              22.6354819
            ],
            [
              72.5164094,
              22.6365727
            ],
            [
              72.5152648,
              22.636676
            ],
            [
              72.5144686,
              22.6366071
            ],
            [
              72.5125776,
              22.6361134
            ],
            [
              72.5115948,
              22.6355967
            ],
            [
              72.5110226,
              22.6351144
            ],
            [
              72.5100148,
              22.6342647
            ],
            [
              72.5092808,
              22.6335413
            ],
            [
              72.5085095,
              22.6327949
            ],
            [
              72.5071037,
              22.6301769
            ],
            [
              72.5063822,
              22.6275473
            ],
            [
              72.505474,
              22.6248372
            ],
            [
              72.5046156,
              22.620439
            ],
            [
              72.5045409,
              22.6184408
            ],
            [
              72.5048395,
              22.6173269
            ],
            [
              72.5048022,
              22.6145018
            ],
            [
              72.5048395,
              22.6115848
            ],
            [
              72.5048893,
              22.6084839
            ],
            [
              72.5044165,
              22.6073125
            ],
            [
              72.5038933,
              22.6066522
            ],
            [
              72.5028987,
              22.6059917
            ],
            [
              72.5021896,
              22.6057276
            ],
            [
              72.4995771,
              22.6050844
            ],
            [
              72.4973377,
              22.6046595
            ],
            [
              72.4944764,
              22.6039244
            ],
            [
              72.4926227,
              22.6033961
            ],
            [
              72.4907939,
              22.6026726
            ],
            [
              72.4899355,
              22.6024428
            ],
            [
              72.4892264,
              22.6020409
            ],
            [
              72.4885919,
              22.6017193
            ],
            [
              72.4880986,
              22.60115
            ],
            [
              72.4872618,
              22.5998871
            ],
            [
              72.4866694,
              22.5992264
            ],
            [
              72.4862339,
              22.5986944
            ],
            [
              72.4853628,
              22.5977031
            ],
            [
              72.4844042,
              22.5969523
            ],
            [
              72.4810789,
              22.5940326
            ],
            [
              72.4781319,
              22.5912955
            ],
            [
              72.4763813,
              22.5891594
            ],
            [
              72.4750618,
              22.5878274
            ],
            [
              72.4722468,
              22.5852933
            ],
            [
              72.4697045,
              22.5827672
            ],
            [
              72.4667839,
              22.5800137
            ],
            [
              72.4639953,
              22.5774307
            ],
            [
              72.4611626,
              22.5740922
            ],
            [
              72.4568082,
              22.5701038
            ],
            [
              72.4550488,
              22.5682354
            ],
            [
              72.4536852,
              22.5666676
            ],
            [
              72.4511693,
              22.5644824
            ],
            [
              72.4488645,
              22.5631177
            ],
            [
              72.4459967,
              22.5609974
            ],
            [
              72.4438591,
              22.5603312
            ],
            [
              72.442865,
              22.56025
            ],
            [
              72.4411936,
              22.5600794
            ],
            [
              72.4392583,
              22.5603231
            ],
            [
              72.437279,
              22.5608105
            ],
            [
              72.4352645,
              22.5614442
            ],
            [
              72.4331356,
              22.5616798
            ],
            [
              72.43186,
              22.5616798
            ],
            [
              72.4287899,
              22.5615823
            ],
            [
              72.4279718,
              22.5614848
            ],
            [
              72.4270393,
              22.5612411
            ],
            [
              72.4257814,
              22.5608024
            ],
            [
              72.4247521,
              22.5604043
            ],
            [
              72.4235381,
              22.5595432
            ],
            [
              72.4234502,
              22.5591045
            ],
            [
              72.4235997,
              22.5586415
            ],
            [
              72.4239868,
              22.5571873
            ],
            [
              72.4247345,
              22.5558306
            ],
            [
              72.4248929,
              22.5547176
            ],
            [
              72.425799,
              22.5537914
            ],
            [
              72.4263796,
              22.5530034
            ],
            [
              72.4286228,
              22.5509805
            ],
            [
              72.4292913,
              22.5500462
            ],
            [
              72.4303822,
              22.5491444
            ],
            [
              72.4314554,
              22.5477388
            ],
            [
              72.4332852,
              22.5456264
            ],
            [
              72.4349566,
              22.5438228
            ],
            [
              72.4373317,
              22.5398578
            ],
            [
              72.4387832,
              22.5379403
            ],
            [
              72.4396805,
              22.5359497
            ],
            [
              72.4403755,
              22.533959
            ],
            [
              72.4405514,
              22.5312776
            ],
            [
              72.440745,
              22.5287262
            ],
            [
              72.440657,
              22.5268085
            ],
            [
              72.4402875,
              22.5241189
            ],
            [
              72.4396717,
              22.5222905
            ],
            [
              72.4391791,
              22.5187801
            ],
            [
              72.4390032,
              22.5171304
            ],
            [
              72.4381762,
              22.5129697
            ],
            [
              72.4375781,
              22.509906
            ],
            [
              72.4368655,
              22.5080693
            ],
            [
              72.4355899,
              22.5053468
            ],
            [
              72.4339185,
              22.5021854
            ],
            [
              72.4320888,
              22.4995277
            ],
            [
              72.4289307,
              22.4960573
            ],
            [
              72.4255702,
              22.492538
            ],
            [
              72.421638,
              22.4882547
            ],
            [
              72.4174243,
              22.4846295
            ],
            [
              72.4133073,
              22.4813294
            ],
            [
              72.4081171,
              22.4778179
            ],
            [
              72.4042025,
              22.4753631
            ],
            [
              72.4028829,
              22.4740624
            ],
            [
              72.4001911,
              22.4726968
            ],
            [
              72.3982997,
              22.4713311
            ],
            [
              72.396514,
              22.4696565
            ],
            [
              72.3994123,
              22.4675114
            ],
            [
              72.4027216,
              22.4708223
            ],
            [
              72.4077476,
              22.474731
            ],
            [
              72.4127737,
              22.4775359
            ],
            [
              72.4239704,
              22.4865712
            ],
            [
              72.4268317,
              22.4901346
            ],
            [
              72.4313353,
              22.4956748
            ],
            [
              72.4338234,
              22.4988702
            ],
            [
              72.4376856,
              22.5047715
            ],
            [
              72.4392476,
              22.5080649
            ],
            [
              72.4394627,
              22.5093815
            ],
            [
              72.4398448,
              22.5117197
            ],
            [
              72.4415367,
              22.5202241
            ],
            [
              72.4428554,
              22.52597
            ],
            [
              72.4432535,
              22.5299001
            ],
            [
              72.4428306,
              22.5329797
            ],
            [
              72.4409644,
              22.538794
            ],
            [
              72.4393471,
              22.5432752
            ],
            [
              72.4354159,
              22.5466533
            ],
            [
              72.4324798,
              22.5498934
            ],
            [
              72.4297678,
              22.5523292
            ],
            [
              72.427404,
              22.5544662
            ],
            [
              72.427628,
              22.5561206
            ],
            [
              72.4291457,
              22.5572695
            ],
            [
              72.4307381,
              22.5580048
            ],
            [
              72.4320569,
              22.5584184
            ],
            [
              72.43559,
              22.5590848
            ],
            [
              72.4373566,
              22.558855
            ],
            [
              72.4392476,
              22.5583035
            ],
            [
              72.442308,
              22.5566262
            ],
            [
              72.444199,
              22.5569708
            ],
            [
              72.4461647,
              22.5577521
            ],
            [
              72.4482796,
              22.5590618
            ],
            [
              72.4496232,
              22.5601418
            ],
            [
              72.4517132,
              22.5614055
            ],
            [
              72.4559929,
              22.5653576
            ],
            [
              72.4611185,
              22.5704812
            ],
            [
              72.4665675,
              22.5760872
            ],
            [
              72.4705485,
              22.5797402
            ],
            [
              72.4761966,
              22.585989
            ],
            [
              72.4793317,
              22.5889985
            ],
            [
              72.4848305,
              22.5940983
            ],
            [
              72.4874333,
              22.596245
            ],
            [
              72.4885627,
              22.5971765
            ],
            [
              72.4932156,
              22.600714
            ],
            [
              72.497545,
              22.6028733
            ],
            [
              72.5011528,
              22.6040677
            ],
            [
              72.5033797,
              22.6042745
            ],
            [
              72.5047482,
              22.6048143
            ],
            [
              72.5058803,
              22.6054804
            ],
            [
              72.506975,
              22.6069275
            ],
            [
              72.5073732,
              22.6080875
            ],
            [
              72.5071492,
              22.6088225
            ],
            [
              72.5067262,
              22.6134852
            ],
            [
              72.5060793,
              22.6190779
            ],
            [
              72.5078708,
              22.6242456
            ],
            [
              72.5086545,
              22.6288044
            ],
            [
              72.5101101,
              22.6316062
            ],
            [
              72.5115159,
              22.6334894
            ],
            [
              72.5128844,
              22.6340635
            ],
            [
              72.5137055,
              22.6342357
            ],
            [
              72.5142031,
              22.6342817
            ],
            [
              72.5150864,
              22.6342472
            ],
            [
              72.5174875,
              22.6332597
            ],
            [
              72.5202742,
              22.6280924
            ],
            [
              72.5216925,
              22.6257958
            ],
            [
              72.522725,
              22.6237747
            ],
            [
              72.5240935,
              22.6221326
            ],
            [
              72.5250888,
              22.6208924
            ],
            [
              72.5265941,
              22.6192042
            ],
            [
              72.527776,
              22.618343
            ],
            [
              72.5286344,
              22.617631
            ],
            [
              72.530177,
              22.6171601
            ],
            [
              72.5308488,
              22.6171027
            ],
            [
              72.5317321,
              22.6171371
            ],
            [
              72.5326279,
              22.6173324
            ],
            [
              72.5345686,
              22.6184693
            ],
            [
              72.53585,
              22.6196406
            ],
            [
              72.5368204,
              22.6214321
            ],
            [
              72.537119,
              22.6228446
            ],
            [
              72.5372807,
              22.6247968
            ],
            [
              72.536895,
              22.6265881
            ],
            [
              72.5356012,
              22.6288159
            ],
            [
              72.5350041,
              22.6312043
            ],
            [
              72.5341332,
              22.6325478
            ],
            [
              72.5332126,
              22.6356022
            ],
            [
              72.5324413,
              22.6387828
            ],
            [
              72.5318565,
              22.6419059
            ],
            [
              72.5327025,
              22.6447993
            ],
            [
              72.5346184,
              22.6478993
            ],
            [
              72.5362855,
              22.6500808
            ],
            [
              72.5384377,
              22.6518489
            ],
            [
              72.5406397,
              22.6527788
            ],
            [
              72.5426427,
              22.6551324
            ],
            [
              72.5440236,
              22.6566709
            ],
            [
              72.5453796,
              22.6576352
            ],
            [
              72.5460763,
              22.6585422
            ],
            [
              72.5468974,
              22.6594606
            ],
            [
              72.5475319,
              22.6609531
            ],
            [
              72.5484649,
              22.6631917
            ],
            [
              72.5489004,
              22.6649367
            ],
            [
              72.5487635,
              22.6665324
            ],
            [
              72.548241,
              22.6681855
            ],
            [
              72.5470094,
              22.6706077
            ],
            [
              72.546238,
              22.6722148
            ],
            [
              72.5458151,
              22.6734661
            ],
            [
              72.5456782,
              22.6751765
            ],
            [
              72.5458275,
              22.675716
            ],
            [
              72.5464495,
              22.6765769
            ],
            [
              72.5470343,
              22.6770476
            ],
            [
              72.5479051,
              22.6773575
            ],
            [
              72.5490994,
              22.6781036
            ],
            [
              72.5502315,
              22.6787579
            ],
            [
              72.5505425,
              22.6796303
            ],
            [
              72.5520479,
              22.6832805
            ],
            [
              72.5527072,
              22.6846809
            ],
            [
              72.5529685,
              22.6857713
            ],
            [
              72.5526575,
              22.6868273
            ],
            [
              72.5521474,
              22.689341
            ],
            [
              72.552222,
              22.6914759
            ],
            [
              72.5524833,
              22.6932779
            ],
            [
              72.552023,
              22.6941846
            ],
            [
              72.5515502,
              22.6948618
            ],
            [
              72.5504306,
              22.6955849
            ],
            [
              72.5501071,
              22.6958144
            ],
            [
              72.548664,
              22.6962965
            ],
            [
              72.5471835,
              22.696767
            ],
            [
              72.5438619,
              22.6968015
            ],
            [
              72.5411747,
              22.6964572
            ],
            [
              72.5379898,
              22.6961473
            ],
            [
              72.5336107,
              22.6955849
            ],
            [
              72.5321676,
              22.6952635
            ],
            [
              72.5300526,
              22.6953094
            ],
            [
              72.5287464,
              22.6954357
            ],
            [
              72.5257357,
              22.69578
            ],
            [
              72.5244916,
              22.6960095
            ],
            [
              72.5224265,
              22.6972376
            ],
            [
              72.5205106,
              22.6986952
            ],
            [
              72.5189679,
              22.6999118
            ],
            [
              72.518321,
              22.7009906
            ],
            [
              72.5180224,
              22.7026548
            ],
            [
              72.5182712,
              22.7053977
            ],
            [
              72.5190177,
              22.7075783
            ],
            [
              72.5203862,
              22.7098391
            ],
            [
              72.5216054,
              22.7116409
            ],
            [
              72.5223269,
              22.7124098
            ],
            [
              72.5229241,
              22.7130524
            ],
            [
              72.5233222,
              22.7131787
            ],
            [
              72.5241184,
              22.7130868
            ],
            [
              72.5250639,
              22.7127655
            ],
            [
              72.5267558,
              22.7119163
            ],
            [
              72.5291569,
              22.7112851
            ],
            [
              72.5312967,
              22.7106883
            ],
            [
              72.5349294,
              22.709185
            ],
            [
              72.5369075,
              22.7083357
            ],
            [
              72.5389104,
              22.7079685
            ],
            [
              72.5404531,
              22.7075783
            ],
            [
              72.5410254,
              22.7070389
            ],
            [
              72.5420455,
              22.7063618
            ],
            [
              72.5431279,
              22.7064421
            ],
            [
              72.5434638,
              22.706729
            ],
            [
              72.5443844,
              22.7073487
            ],
            [
              72.5446332,
              22.7078422
            ],
            [
              72.5450811,
              22.7085767
            ],
            [
              72.5452428,
              22.7089669
            ],
            [
              72.5452055,
              22.7106539
            ],
            [
              72.5445461,
              22.7120196
            ],
            [
              72.5431901,
              22.7142115
            ],
            [
              72.5411871,
              22.7160361
            ],
            [
              72.5386616,
              22.717964
            ],
            [
              72.5360118,
              22.7198116
            ],
            [
              72.5325532,
              22.7219345
            ],
            [
              72.5286593,
              22.726077
            ],
            [
              72.5255864,
              22.7298407
            ],
            [
              72.5244419,
              22.7315734
            ],
            [
              72.5243921,
              22.7321356
            ],
            [
              72.5255242,
              22.7337764
            ],
            [
              72.5274774,
              22.7349353
            ],
            [
              72.5292191,
              22.736186
            ],
            [
              72.5311847,
              22.7379645
            ],
            [
              72.5350911,
              22.7416246
            ],
            [
              72.5359496,
              22.7427031
            ],
            [
              72.5363974,
              22.743162
            ],
            [
              72.5372932,
              22.744034
            ],
            [
              72.5378405,
              22.7444241
            ],
            [
              72.5395178,
              22.745092
            ],
            [
              72.5404855,
              22.7458627
            ],
            [
              72.5413036,
              22.7472095
            ],
            [
              72.5428167,
              22.7515335
            ],
            [
              72.5430718,
              22.75258
            ],
            [
              72.5429134,
              22.7536183
            ],
            [
              72.5419546,
              22.7551678
            ],
            [
              72.541374,
              22.7557924
            ],
            [
              72.5405119,
              22.7568227
            ],
            [
              72.5388228,
              22.7593861
            ],
            [
              72.5377056,
              22.7610815
            ],
            [
              72.5361486,
              22.7631257
            ],
            [
              72.5345475,
              22.7653564
            ],
            [
              72.5336414,
              22.7667191
            ],
            [
              72.5311343,
              22.767871
            ],
            [
              72.5305185,
              22.7684874
            ],
            [
              72.5284952,
              22.7706613
            ],
            [
              72.5261025,
              22.7723809
            ],
            [
              72.5224605,
              22.7744735
            ],
            [
              72.5205604,
              22.7765824
            ],
            [
              72.5198918,
              22.7776855
            ],
            [
              72.5180973,
              22.7806541
            ],
            [
              72.5146489,
              22.7828115
            ],
            [
              72.5114292,
              22.7848716
            ],
            [
              72.5083854,
              22.7866559
            ],
            [
              72.5059927,
              22.7879535
            ],
            [
              72.5039518,
              22.7893485
            ],
            [
              72.5023507,
              22.7911814
            ],
            [
              72.5025971,
              22.7926574
            ],
            [
              72.5029313,
              22.7942307
            ],
            [
              72.5040398,
              22.7953823
            ],
            [
              72.5053593,
              22.7961284
            ],
            [
              72.5079104,
              22.7967286
            ],
            [
              72.510831,
              22.7965664
            ],
            [
              72.5136988,
              22.796388
            ],
            [
              72.5189066,
              22.7954148
            ],
            [
              72.5228828,
              22.794766
            ],
            [
              72.526859,
              22.7948471
            ],
            [
              72.5299379,
              22.7956905
            ],
            [
              72.5325965,
              22.7966768
            ],
            [
              72.5346003,
              22.7979937
            ],
            [
              72.535955,
              22.7995021
            ],
            [
              72.5370811,
              22.8010429
            ],
            [
              72.5383302,
              22.8038325
            ],
            [
              72.5383302,
              22.8054382
            ],
            [
              72.5382247,
              22.8071735
            ],
            [
              72.5373801,
              22.8102063
            ],
            [
              72.5373098,
              22.8119903
            ],
            [
              72.536606,
              22.8134012
            ],
            [
              72.5360958,
              22.8143905
            ],
            [
              72.5349874,
              22.8156392
            ],
            [
              72.5322075,
              22.8181853
            ],
            [
              72.5288647,
              22.8187853
            ],
            [
              72.5269822,
              22.8210719
            ],
            [
              72.5261201,
              22.8221422
            ],
            [
              72.5248005,
              22.8229206
            ],
            [
              72.5205076,
              22.8232611
            ],
            [
              72.5178158,
              22.8233747
            ],
            [
              72.5159156,
              22.823472
            ],
            [
              72.5144729,
              22.8238774
            ],
            [
              72.5126608,
              22.8247206
            ],
            [
              72.5074706,
              22.8255476
            ],
            [
              72.5053769,
              22.826099
            ],
            [
              72.502685,
              22.8274935
            ],
            [
              72.5008729,
              22.8285151
            ],
            [
              72.4986736,
              22.8305421
            ],
            [
              72.4980578,
              22.8322934
            ],
            [
              72.496492,
              22.8379362
            ],
            [
              72.4968263,
              22.8396387
            ],
            [
              72.4974069,
              22.8430437
            ],
            [
              72.4968263,
              22.8469026
            ],
            [
              72.4970902,
              22.8502912
            ],
            [
              72.4976356,
              22.8534689
            ],
            [
              72.4984097,
              22.8566466
            ],
            [
              72.498744,
              22.8601322
            ],
            [
              72.4988144,
              22.8642175
            ],
            [
              72.4986912,
              22.8672653
            ],
            [
              72.4984977,
              22.8697293
            ],
            [
              72.4980051,
              22.8736199
            ],
            [
              72.4972516,
              22.875565
            ],
            [
              72.4972089,
              22.8764661
            ],
            [
              72.4935182,
              22.8766875
            ]
          ]
        ]
      },
      "id": "way/185330701"
    },
    {
      "type": "Feature",
      "properties": {
        "@id": "way/185409305",
        "name": "Meshwa River",
        "natural": "water",
        "water": "river"
      },
      "geometry": {
        "type": "Polygon",
        "coordinates": [
          [
            [
              72.6631207,
              22.8005846
            ],
            [
              72.6637911,
              22.8011959
            ],
            [
              72.6630946,
              22.8016275
            ],
            [
              72.6623752,
              22.8027328
            ],
            [
              72.6614846,
              22.8040801
            ],
            [
              72.6607995,
              22.8055432
            ],
            [
              72.6606624,
              22.80668
            ],
            [
              72.661005,
              22.8082694
            ],
            [
              72.6614161,
              22.8092588
            ],
            [
              72.6623752,
              22.8106903
            ],
            [
              72.6627635,
              22.8116587
            ],
            [
              72.6628091,
              22.8121113
            ],
            [
              72.6632773,
              22.8125007
            ],
            [
              72.6642136,
              22.8128691
            ],
            [
              72.6676735,
              22.8125639
            ],
            [
              72.6703911,
              22.8121429
            ],
            [
              72.6733028,
              22.8117955
            ],
            [
              72.6755523,
              22.8117429
            ],
            [
              72.6795945,
              22.8116797
            ],
            [
              72.68318,
              22.812406
            ],
            [
              72.6857491,
              22.8129954
            ],
            [
              72.6868225,
              22.8132796
            ],
            [
              72.6876104,
              22.8138374
            ],
            [
              72.6882042,
              22.8143637
            ],
            [
              72.6887066,
              22.8151847
            ],
            [
              72.6892547,
              22.8162162
            ],
            [
              72.689483,
              22.8168477
            ],
            [
              72.6898827,
              22.8176791
            ],
            [
              72.6900768,
              22.8180265
            ],
            [
              72.6898941,
              22.8192263
            ],
            [
              72.689346,
              22.8209945
            ],
            [
              72.688855,
              22.8231415
            ],
            [
              72.6884211,
              22.8252149
            ],
            [
              72.6884325,
              22.8272145
            ],
            [
              72.6883754,
              22.8300981
            ],
            [
              72.6890606,
              22.8326028
            ],
            [
              72.689974,
              22.8349496
            ],
            [
              72.6907391,
              22.8369281
            ],
            [
              72.6930457,
              22.8392433
            ],
            [
              72.6937879,
              22.8399904
            ],
            [
              72.6945757,
              22.8403166
            ],
            [
              72.6951238,
              22.8403903
            ],
            [
              72.6960488,
              22.8403587
            ],
            [
              72.6970079,
              22.8400325
            ],
            [
              72.6984467,
              22.8397063
            ],
            [
              72.6997598,
              22.8392643
            ],
            [
              72.7013242,
              22.8385592
            ],
            [
              72.7028885,
              22.8385592
            ],
            [
              72.7038705,
              22.8386855
            ],
            [
              72.7049781,
              22.8391696
            ],
            [
              72.7055034,
              22.8395379
            ],
            [
              72.7059601,
              22.8399062
            ],
            [
              72.7065082,
              22.8406323
            ],
            [
              72.7068964,
              22.8412111
            ],
            [
              72.7073418,
              22.8418846
            ],
            [
              72.7076615,
              22.8424108
            ],
            [
              72.7083009,
              22.8428843
            ],
            [
              72.7085864,
              22.8431053
            ],
            [
              72.708575,
              22.843905
            ],
            [
              72.7076387,
              22.8448205
            ],
            [
              72.7069307,
              22.8451467
            ],
            [
              72.70604,
              22.8455677
            ],
            [
              72.7032539,
              22.846662
            ],
            [
              72.7019408,
              22.8474302
            ],
            [
              72.7000795,
              22.8482825
            ],
            [
              72.6993373,
              22.8492927
            ],
            [
              72.6986294,
              22.8505344
            ],
            [
              72.6981498,
              22.8514814
            ],
            [
              72.6974875,
              22.8527862
            ],
            [
              72.697282,
              22.8534912
            ],
            [
              72.697773,
              22.8544171
            ],
            [
              72.6989148,
              22.8551537
            ],
            [
              72.6999882,
              22.8557113
            ],
            [
              72.7017238,
              22.8559218
            ],
            [
              72.7032082,
              22.8561112
            ],
            [
              72.7061314,
              22.8559113
            ],
            [
              72.7096369,
              22.8551431
            ],
            [
              72.7107788,
              22.8549117
            ],
            [
              72.7125258,
              22.8552273
            ],
            [
              72.7140902,
              22.8556166
            ],
            [
              72.7146725,
              22.8559744
            ],
            [
              72.7151293,
              22.8565005
            ],
            [
              72.7160199,
              22.8566688
            ],
            [
              72.7169563,
              22.8565741
            ],
            [
              72.7175386,
              22.8565531
            ],
            [
              72.7183037,
              22.8569424
            ],
            [
              72.7187947,
              22.8572581
            ],
            [
              72.7195483,
              22.8579631
            ],
            [
              72.7205645,
              22.8593099
            ],
            [
              72.7218777,
              22.8612459
            ],
            [
              72.7229624,
              22.8628767
            ],
            [
              72.7238303,
              22.8642445
            ],
            [
              72.7241157,
              22.8645707
            ],
            [
              72.7251206,
              22.8648968
            ],
            [
              72.7264565,
              22.8647811
            ],
            [
              72.7271759,
              22.864255
            ],
            [
              72.727941,
              22.863992
            ],
            [
              72.7284091,
              22.8636974
            ],
            [
              72.7287745,
              22.863287
            ],
            [
              72.7290143,
              22.8628767
            ],
            [
              72.7296081,
              22.8625821
            ],
            [
              72.7304987,
              22.8630135
            ],
            [
              72.7309327,
              22.8633081
            ],
            [
              72.7315036,
              22.8641077
            ],
            [
              72.7321088,
              22.865223
            ],
            [
              72.732634,
              22.8669906
            ],
            [
              72.7328167,
              22.8688318
            ],
            [
              72.7330451,
              22.8701679
            ],
            [
              72.7327939,
              22.8713673
            ],
            [
              72.7328053,
              22.8725772
            ],
            [
              72.7328852,
              22.8732716
            ],
            [
              72.7329994,
              22.8745446
            ],
            [
              72.7329081,
              22.8756703
            ],
            [
              72.7329994,
              22.8765961
            ],
            [
              72.7333306,
              22.877301
            ],
            [
              72.7338101,
              22.8780374
            ],
            [
              72.7358198,
              22.8804571
            ],
            [
              72.7365164,
              22.8816458
            ],
            [
              72.7368818,
              22.8824349
            ],
            [
              72.7374413,
              22.8832659
            ],
            [
              72.7384119,
              22.8838235
            ],
            [
              72.7392568,
              22.8846125
            ],
            [
              72.7395309,
              22.88517
            ],
            [
              72.7395309,
              22.8859695
            ],
            [
              72.7393939,
              22.8867901
            ],
            [
              72.7392568,
              22.8874107
            ],
            [
              72.7391997,
              22.8881261
            ],
            [
              72.7389599,
              22.8892622
            ],
            [
              72.7377838,
              22.8904298
            ],
            [
              72.7366648,
              22.8916816
            ],
            [
              72.7364854,
              22.8926429
            ],
            [
              72.7366712,
              22.8932528
            ],
            [
              72.7374543,
              22.8939966
            ],
            [
              72.7387785,
              22.894852
            ],
            [
              72.7394164,
              22.8952611
            ],
            [
              72.7396586,
              22.8958115
            ],
            [
              72.7397959,
              22.8965702
            ],
            [
              72.7402399,
              22.8977156
            ],
            [
              72.7406356,
              22.8991214
            ],
            [
              72.7409828,
              22.9005271
            ],
            [
              72.7414107,
              22.9025056
            ],
            [
              72.7415722,
              22.9037849
            ],
            [
              72.7424765,
              22.9052724
            ],
            [
              72.7438491,
              22.9065591
            ],
            [
              72.7450683,
              22.9073772
            ],
            [
              72.74569,
              22.9079871
            ],
            [
              72.7479912,
              22.9086862
            ],
            [
              72.7490166,
              22.9086862
            ],
            [
              72.7500501,
              22.908649
            ],
            [
              72.7513339,
              22.9085449
            ],
            [
              72.7525289,
              22.9084482
            ],
            [
              72.7535624,
              22.9082845
            ],
            [
              72.754289,
              22.9081953
            ],
            [
              72.7551933,
              22.9078755
            ],
            [
              72.7560734,
              22.908292
            ],
            [
              72.7570908,
              22.9088275
            ],
            [
              72.75831,
              22.909653
            ],
            [
              72.7586572,
              22.9101364
            ],
            [
              72.7602478,
              22.910843
            ],
            [
              72.7608776,
              22.9115049
            ],
            [
              72.7614512,
              22.9124265
            ],
            [
              72.7625797,
              22.9130814
            ],
            [
              72.7628848,
              22.9132968
            ],
            [
              72.7632435,
              22.9133637
            ],
            [
              72.7650438,
              22.9142417
            ],
            [
              72.7662065,
              22.9149929
            ],
            [
              72.7671351,
              22.915625
            ],
            [
              72.7680313,
              22.9161605
            ],
            [
              72.7688549,
              22.9167703
            ],
            [
              72.7698399,
              22.9174099
            ],
            [
              72.7703244,
              22.9178338
            ],
            [
              72.7703405,
              22.9183916
            ],
            [
              72.7703405,
              22.9185998
            ],
            [
              72.7703001,
              22.919165
            ],
            [
              72.7700821,
              22.9198566
            ],
            [
              72.7696542,
              22.9209498
            ],
            [
              72.7694281,
              22.9219686
            ],
            [
              72.7687418,
              22.9234485
            ],
            [
              72.76833,
              22.925092
            ],
            [
              72.7683785,
              22.9260884
            ],
            [
              72.7685157,
              22.926728
            ],
            [
              72.7688145,
              22.9277244
            ],
            [
              72.7697672,
              22.9280442
            ],
            [
              72.7708492,
              22.9281632
            ],
            [
              72.7724882,
              22.928178
            ],
            [
              72.775613,
              22.9275088
            ],
            [
              72.7766465,
              22.9270403
            ],
            [
              72.777357,
              22.9270403
            ],
            [
              72.7782048,
              22.927018
            ],
            [
              72.7788669,
              22.9268395
            ],
            [
              72.7794078,
              22.9268023
            ],
            [
              72.7798923,
              22.9268098
            ],
            [
              72.7803444,
              22.926899
            ],
            [
              72.780732,
              22.9269957
            ],
            [
              72.7809984,
              22.9271072
            ],
            [
              72.7812407,
              22.9273526
            ],
            [
              72.7813779,
              22.9277616
            ],
            [
              72.7814425,
              22.9287804
            ],
            [
              72.7814829,
              22.9293604
            ],
            [
              72.7815152,
              22.9308328
            ],
            [
              72.7818139,
              22.9326844
            ],
            [
              72.7819431,
              22.9340749
            ],
            [
              72.7822096,
              22.93551
            ],
            [
              72.7831058,
              22.9371013
            ],
            [
              72.7844784,
              22.9386107
            ],
            [
              72.7856895,
              22.9401202
            ],
            [
              72.7866262,
              22.9416445
            ],
            [
              72.7873448,
              22.9433621
            ],
            [
              72.7882491,
              22.9445666
            ],
            [
              72.7883056,
              22.9454217
            ],
            [
              72.7880068,
              22.9469385
            ],
            [
              72.7877485,
              22.9477787
            ],
            [
              72.7874013,
              22.9486114
            ],
            [
              72.7873528,
              22.9492657
            ],
            [
              72.7877081,
              22.9509311
            ],
            [
              72.7885317,
              22.9527453
            ],
            [
              72.7890242,
              22.9529981
            ],
            [
              72.789331,
              22.9534144
            ],
            [
              72.7900012,
              22.953578
            ],
            [
              72.7902999,
              22.9537639
            ],
            [
              72.7905502,
              22.9541133
            ],
            [
              72.7905664,
              22.9546412
            ],
            [
              72.7904614,
              22.9551021
            ],
            [
              72.7896701,
              22.9557341
            ],
            [
              72.7883944,
              22.9562099
            ],
            [
              72.7875547,
              22.9565668
            ],
            [
              72.7864324,
              22.9567898
            ],
            [
              72.7852697,
              22.956998
            ],
            [
              72.7842523,
              22.9572508
            ],
            [
              72.7838809,
              22.9574441
            ],
            [
              72.7834691,
              22.9583139
            ],
            [
              72.7835822,
              22.9593027
            ],
            [
              72.7842927,
              22.9612208
            ],
            [
              72.7845341,
              22.9625769
            ],
            [
              72.7837194,
              22.9630646
            ],
            [
              72.7832431,
              22.9624178
            ],
            [
              72.782476,
              22.9612654
            ],
            [
              72.7815475,
              22.9596447
            ],
            [
              72.7812487,
              22.958812
            ],
            [
              72.7811115,
              22.9582842
            ],
            [
              72.7814506,
              22.9579348
            ],
            [
              72.7817251,
              22.9574961
            ],
            [
              72.7820319,
              22.9570946
            ],
            [
              72.7829766,
              22.9567229
            ],
            [
              72.7842523,
              22.9560984
            ],
            [
              72.7854231,
              22.9558605
            ],
            [
              72.7860206,
              22.9557861
            ],
            [
              72.7864404,
              22.9558233
            ],
            [
              72.7869168,
              22.955407
            ],
            [
              72.7871348,
              22.954604
            ],
            [
              72.7871268,
              22.9534813
            ],
            [
              72.786069,
              22.9520092
            ],
            [
              72.7854554,
              22.9511393
            ],
            [
              72.7854312,
              22.9498977
            ],
            [
              72.7854796,
              22.9493995
            ],
            [
              72.7858349,
              22.9489534
            ],
            [
              72.786061,
              22.9482843
            ],
            [
              72.786497,
              22.9474589
            ],
            [
              72.7867715,
              22.9464254
            ],
            [
              72.7869249,
              22.9444551
            ],
            [
              72.7863436,
              22.9438008
            ],
            [
              72.7857945,
              22.9430498
            ],
            [
              72.7849225,
              22.9417858
            ],
            [
              72.7844219,
              22.9408489
            ],
            [
              72.7834449,
              22.940254
            ],
            [
              72.7829605,
              22.9391759
            ],
            [
              72.7814587,
              22.9368113
            ],
            [
              72.780732,
              22.9357331
            ],
            [
              72.780078,
              22.9345657
            ],
            [
              72.7800215,
              22.9339039
            ],
            [
              72.7801991,
              22.9332941
            ],
            [
              72.7802395,
              22.9327736
            ],
            [
              72.780345,
              22.9307815
            ],
            [
              72.780345,
              22.9300318
            ],
            [
              72.7803293,
              22.9292389
            ],
            [
              72.7802823,
              22.9285325
            ],
            [
              72.7798206,
              22.9281073
            ],
            [
              72.7790223,
              22.927718
            ],
            [
              72.7782005,
              22.9277252
            ],
            [
              72.7769169,
              22.9282586
            ],
            [
              72.7739585,
              22.9289939
            ],
            [
              72.7730193,
              22.9292678
            ],
            [
              72.7711175,
              22.9298877
            ],
            [
              72.7703349,
              22.9299597
            ],
            [
              72.7698809,
              22.9300751
            ],
            [
              72.7688165,
              22.9298805
            ],
            [
              72.76848,
              22.9297219
            ],
            [
              72.7682687,
              22.9294696
            ],
            [
              72.7679634,
              22.9287704
            ],
            [
              72.7675643,
              22.9280784
            ],
            [
              72.7670947,
              22.9268963
            ],
            [
              72.7667503,
              22.9255123
            ],
            [
              72.766719,
              22.924741
            ],
            [
              72.7667347,
              22.9242292
            ],
            [
              72.7669695,
              22.9237607
            ],
            [
              72.767439,
              22.9233354
            ],
            [
              72.7678147,
              22.9225713
            ],
            [
              72.7680573,
              22.9220667
            ],
            [
              72.7681043,
              22.9215477
            ],
            [
              72.7678695,
              22.9206394
            ],
            [
              72.7678147,
              22.9197599
            ],
            [
              72.767486,
              22.9184624
            ],
            [
              72.7671103,
              22.9172801
            ],
            [
              72.7658737,
              22.9162565
            ],
            [
              72.7645511,
              22.9151031
            ],
            [
              72.763878,
              22.9145192
            ],
            [
              72.7628918,
              22.9141083
            ],
            [
              72.7614987,
              22.913445
            ],
            [
              72.7604187,
              22.9128683
            ],
            [
              72.7601369,
              22.9125151
            ],
            [
              72.7598317,
              22.9122772
            ],
            [
              72.7593699,
              22.9118807
            ],
            [
              72.7589786,
              22.9112535
            ],
            [
              72.758509,
              22.9107993
            ],
            [
              72.7577263,
              22.9101649
            ],
            [
              72.7569202,
              22.9098405
            ],
            [
              72.7563645,
              22.9095377
            ],
            [
              72.7554097,
              22.9092638
            ],
            [
              72.7544314,
              22.9091629
            ],
            [
              72.75278,
              22.9094224
            ],
            [
              72.7511756,
              22.909718
            ],
            [
              72.7494302,
              22.9097756
            ],
            [
              72.7478649,
              22.9095738
            ],
            [
              72.7467457,
              22.9094152
            ],
            [
              72.7458379,
              22.9091268
            ],
            [
              72.7451961,
              22.9085284
            ],
            [
              72.7438891,
              22.9077643
            ],
            [
              72.7422925,
              22.9069136
            ],
            [
              72.740915,
              22.9056447
            ],
            [
              72.7401323,
              22.904621
            ],
            [
              72.7393184,
              22.9021121
            ],
            [
              72.7387079,
              22.8996464
            ],
            [
              72.7389271,
              22.8970365
            ],
            [
              72.7384418,
              22.8959694
            ],
            [
              72.7370174,
              22.8950321
            ],
            [
              72.7338711,
              22.8931287
            ],
            [
              72.7331824,
              22.8924798
            ],
            [
              72.7322902,
              22.8914271
            ],
            [
              72.7314678,
              22.889907
            ],
            [
              72.7314568,
              22.888765
            ],
            [
              72.7317667,
              22.8876841
            ],
            [
              72.731977,
              22.8869907
            ],
            [
              72.7325193,
              22.886695
            ],
            [
              72.7332609,
              22.8865114
            ],
            [
              72.7344342,
              22.885971
            ],
            [
              72.7350429,
              22.8856447
            ],
            [
              72.7357624,
              22.8844006
            ],
            [
              72.7360059,
              22.8832891
            ],
            [
              72.7348216,
              22.8823714
            ],
            [
              72.7336594,
              22.8810151
            ],
            [
              72.7324751,
              22.8786901
            ],
            [
              72.7320987,
              22.8773236
            ],
            [
              72.7320102,
              22.8758551
            ],
            [
              72.7317888,
              22.8735402
            ],
            [
              72.7317113,
              22.871368
            ],
            [
              72.7319106,
              22.8698689
            ],
            [
              72.7319106,
              22.8687981
            ],
            [
              72.731822,
              22.8673601
            ],
            [
              72.7313018,
              22.8657793
            ],
            [
              72.7310583,
              22.865198
            ],
            [
              72.7305602,
              22.8647289
            ],
            [
              72.7300622,
              22.8642597
            ],
            [
              72.729221,
              22.8642087
            ],
            [
              72.728579,
              22.864994
            ],
            [
              72.727926,
              22.8655651
            ],
            [
              72.7265535,
              22.8665442
            ],
            [
              72.7255131,
              22.8669011
            ],
            [
              72.7251478,
              22.8669215
            ],
            [
              72.7240963,
              22.8666156
            ],
            [
              72.723554,
              22.8661771
            ],
            [
              72.7227128,
              22.8649022
            ],
            [
              72.721772,
              22.8637498
            ],
            [
              72.7202003,
              22.8613327
            ],
            [
              72.7189053,
              22.8594356
            ],
            [
              72.7177984,
              22.8583953
            ],
            [
              72.7166473,
              22.8577528
            ],
            [
              72.7156844,
              22.8573856
            ],
            [
              72.7138581,
              22.8573346
            ],
            [
              72.7128509,
              22.8572734
            ],
            [
              72.7117108,
              22.8571816
            ],
            [
              72.7095968,
              22.8570694
            ],
            [
              72.7077262,
              22.8571
            ],
            [
              72.705579,
              22.857355
            ],
            [
              72.7043614,
              22.857355
            ],
            [
              72.7024245,
              22.8573448
            ],
            [
              72.701539,
              22.8570286
            ],
            [
              72.6990376,
              22.8564779
            ],
            [
              72.6975433,
              22.8559577
            ],
            [
              72.6968239,
              22.8556619
            ],
            [
              72.6963701,
              22.8552642
            ],
            [
              72.6960823,
              22.8545604
            ],
            [
              72.696359,
              22.8533977
            ],
            [
              72.6966357,
              22.8525409
            ],
            [
              72.6966468,
              22.8519595
            ],
            [
              72.6967685,
              22.8509702
            ],
            [
              72.6973441,
              22.8499706
            ],
            [
              72.6979861,
              22.849124
            ],
            [
              72.6992589,
              22.8481652
            ],
            [
              72.7005871,
              22.8472064
            ],
            [
              72.7030775,
              22.84586
            ],
            [
              72.7048706,
              22.8452174
            ],
            [
              72.7061324,
              22.8446768
            ],
            [
              72.7069072,
              22.8441566
            ],
            [
              72.7074052,
              22.8432182
            ],
            [
              72.7065308,
              22.8423002
            ],
            [
              72.7055236,
              22.8411781
            ],
            [
              72.70445,
              22.8398928
            ],
            [
              72.7028672,
              22.83924
            ],
            [
              72.7022252,
              22.8392298
            ],
            [
              72.7008528,
              22.8396582
            ],
            [
              72.6988383,
              22.8403213
            ],
            [
              72.6961598,
              22.8413413
            ],
            [
              72.6945327,
              22.8411679
            ],
            [
              72.6930717,
              22.8405049
            ],
            [
              72.6917767,
              22.8395154
            ],
            [
              72.6908138,
              22.8383016
            ],
            [
              72.6893417,
              22.8360064
            ],
            [
              72.6887661,
              22.8343845
            ],
            [
              72.6880688,
              22.8320178
            ],
            [
              72.68777,
              22.830253
            ],
            [
              72.6874711,
              22.8275803
            ],
            [
              72.6875043,
              22.8257338
            ],
            [
              72.6880024,
              22.8229385
            ],
            [
              72.6881463,
              22.8214082
            ],
            [
              72.6887772,
              22.820031
            ],
            [
              72.6889432,
              22.8188577
            ],
            [
              72.6885558,
              22.8169193
            ],
            [
              72.6881463,
              22.8158073
            ],
            [
              72.6866189,
              22.8140627
            ],
            [
              72.6856116,
              22.8135628
            ],
            [
              72.6844495,
              22.8132159
            ],
            [
              72.6815938,
              22.8128282
            ],
            [
              72.6789485,
              22.8122874
            ],
            [
              72.6765245,
              22.8123793
            ],
            [
              72.6736689,
              22.812318
            ],
            [
              72.6710678,
              22.8126649
            ],
            [
              72.6692305,
              22.8128384
            ],
            [
              72.6675038,
              22.8131955
            ],
            [
              72.663807,
              22.8135424
            ],
            [
              72.6632204,
              22.8133791
            ],
            [
              72.662346,
              22.812869
            ],
            [
              72.6618922,
              22.8116651
            ],
            [
              72.660741,
              22.8096245
            ],
            [
              72.6601434,
              22.8081247
            ],
            [
              72.659922,
              22.80688
            ],
            [
              72.6599441,
              22.8059209
            ],
            [
              72.6599331,
              22.8050944
            ],
            [
              72.6601876,
              22.8042986
            ],
            [
              72.6604533,
              22.8039313
            ],
            [
              72.6610952,
              22.8030232
            ],
            [
              72.6622574,
              22.8015029
            ],
            [
              72.6631207,
              22.8005846
            ]
          ]
        ]
      },
      "id": "way/185409305"
    },
    {
      "type": "Feature",
      "properties": {
        "@id": "way/185442813",
        "natural": "water",
        "water": "river"
      },
      "geometry": {
        "type": "Polygon",
        "coordinates": [
          [
            [
              72.5406397,
              22.6527788
            ],
            [
              72.5419245,
              22.6532563
            ],
            [
              72.5428741,
              22.6532102
            ],
            [
              72.5450399,
              22.6519956
            ],
            [
              72.5460061,
              22.6514268
            ],
            [
              72.5490048,
              22.6504274
            ],
            [
              72.5508706,
              22.6500892
            ],
            [
              72.5523867,
              22.6493973
            ],
            [
              72.5535362,
              22.6483826
            ],
            [
              72.5549144,
              22.6483717
            ],
            [
              72.5571055,
              22.6488175
            ],
            [
              72.5582953,
              22.6494915
            ],
            [
              72.5593319,
              22.6510461
            ],
            [
              72.5613934,
              22.6526551
            ],
            [
              72.5626656,
              22.6534487
            ],
            [
              72.5631722,
              22.6545467
            ],
            [
              72.5630544,
              22.6563947
            ],
            [
              72.5618999,
              22.6588515
            ],
            [
              72.5607455,
              22.6609605
            ],
            [
              72.5607573,
              22.6626454
            ],
            [
              72.5611814,
              22.6640151
            ],
            [
              72.5616408,
              22.6658086
            ],
            [
              72.5626656,
              22.6686349
            ],
            [
              72.5635256,
              22.6706567
            ],
            [
              72.564362,
              22.6718197
            ],
            [
              72.5655164,
              22.6722002
            ],
            [
              72.5667533,
              22.6720154
            ],
            [
              72.5688973,
              22.6716132
            ],
            [
              72.5704169,
              22.6716349
            ],
            [
              72.5719836,
              22.6714067
            ],
            [
              72.5733619,
              22.6711349
            ],
            [
              72.5750228,
              22.6708197
            ],
            [
              72.575659,
              22.6699719
            ],
            [
              72.5761184,
              22.6684175
            ],
            [
              72.5758239,
              22.6656565
            ],
            [
              72.5756354,
              22.6637542
            ],
            [
              72.5756707,
              22.6625693
            ],
            [
              72.5756118,
              22.6616888
            ],
            [
              72.5752938,
              22.6607974
            ],
            [
              72.5750935,
              22.6601669
            ],
            [
              72.5755529,
              22.6586667
            ],
            [
              72.5759299,
              22.6582645
            ],
            [
              72.5762126,
              22.6580362
            ],
            [
              72.5763893,
              22.6578406
            ],
            [
              72.5772846,
              22.6574927
            ],
            [
              72.5785804,
              22.6566122
            ],
            [
              72.5802767,
              22.6562588
            ],
            [
              72.581437,
              22.6561719
            ],
            [
              72.5826975,
              22.656585
            ],
            [
              72.5834691,
              22.657047
            ],
            [
              72.5842348,
              22.657759
            ],
            [
              72.584653,
              22.6583243
            ],
            [
              72.5848061,
              22.6589331
            ],
            [
              72.5850888,
              22.6600256
            ],
            [
              72.5851242,
              22.6607811
            ],
            [
              72.5852302,
              22.6618192
            ],
            [
              72.5851713,
              22.6625584
            ],
            [
              72.5850123,
              22.6636346
            ],
            [
              72.5849297,
              22.6641516
            ],
            [
              72.5848238,
              22.664814
            ],
            [
              72.584064,
              22.665825
            ],
            [
              72.5828742,
              22.6682762
            ],
            [
              72.582297,
              22.6700317
            ],
            [
              72.58192,
              22.6711839
            ],
            [
              72.581549,
              22.6726676
            ],
            [
              72.5810483,
              22.6741241
            ],
            [
              72.5809541,
              22.6753089
            ],
            [
              72.5805123,
              22.6768795
            ],
            [
              72.5799528,
              22.6790751
            ],
            [
              72.5797584,
              22.6804337
            ],
            [
              72.5796406,
              22.6821564
            ],
            [
              72.579458,
              22.6832379
            ],
            [
              72.5793873,
              22.6847758
            ],
            [
              72.5793755,
              22.6858192
            ],
            [
              72.5794227,
              22.6878245
            ],
            [
              72.579352,
              22.6888515
            ],
            [
              72.5791753,
              22.6906665
            ],
            [
              72.5790045,
              22.6915523
            ],
            [
              72.5793049,
              22.6922859
            ],
            [
              72.5799174,
              22.6929271
            ],
            [
              72.5803121,
              22.6933238
            ],
            [
              72.5811308,
              22.6933944
            ],
            [
              72.5813781,
              22.6934107
            ],
            [
              72.5819671,
              22.6933292
            ],
            [
              72.5832394,
              22.6928565
            ],
            [
              72.5842642,
              22.6922424
            ],
            [
              72.5857897,
              22.6907698
            ],
            [
              72.5870325,
              22.6900851
            ],
            [
              72.5872917,
              22.6894058
            ],
            [
              72.5871503,
              22.6884929
            ],
            [
              72.5869265,
              22.6878679
            ],
            [
              72.5862315,
              22.6868789
            ],
            [
              72.5851595,
              22.6853464
            ],
            [
              72.5842996,
              22.6845367
            ],
            [
              72.5835869,
              22.6834444
            ],
            [
              72.5835044,
              22.6826782
            ],
            [
              72.5832335,
              22.6821619
            ],
            [
              72.5831982,
              22.6814717
            ],
            [
              72.5832747,
              22.6810967
            ],
            [
              72.583475,
              22.6807054
            ],
            [
              72.5837341,
              22.6802326
            ],
            [
              72.5844409,
              22.6796837
            ],
            [
              72.5854658,
              22.6788305
            ],
            [
              72.5863905,
              22.6784175
            ],
            [
              72.5870208,
              22.6784175
            ],
            [
              72.588081,
              22.6787273
            ],
            [
              72.5894121,
              22.6795968
            ],
            [
              72.5909317,
              22.6810098
            ],
            [
              72.5922746,
              22.6818412
            ],
            [
              72.5938531,
              22.6834444
            ],
            [
              72.5953315,
              22.6847323
            ],
            [
              72.5966214,
              22.685466
            ],
            [
              72.5978642,
              22.6863898
            ],
            [
              72.5990304,
              22.6874115
            ],
            [
              72.6004499,
              22.6881125
            ],
            [
              72.6011567,
              22.6886505
            ],
            [
              72.6021345,
              22.6896123
            ],
            [
              72.6030651,
              22.6911121
            ],
            [
              72.6033243,
              22.6918783
            ],
            [
              72.6033655,
              22.6925304
            ],
            [
              72.6028943,
              22.693226
            ],
            [
              72.6019283,
              22.6941171
            ],
            [
              72.6005029,
              22.6946823
            ],
            [
              72.5985062,
              22.695117
            ],
            [
              72.5965625,
              22.6953941
            ],
            [
              72.5942478,
              22.6960788
            ],
            [
              72.5935115,
              22.6965515
            ],
            [
              72.592952,
              22.697421
            ],
            [
              72.5930285,
              22.6984099
            ],
            [
              72.5935233,
              22.6989859
            ],
            [
              72.5944775,
              22.7000292
            ],
            [
              72.5965979,
              22.7016321
            ],
            [
              72.5982648,
              22.7027352
            ],
            [
              72.5992778,
              22.7031427
            ],
            [
              72.6005029,
              22.7029742
            ],
            [
              72.6012333,
              22.7026265
            ],
            [
              72.6019342,
              22.7017245
            ],
            [
              72.6025939,
              22.7005128
            ],
            [
              72.6032182,
              22.698774
            ],
            [
              72.6039309,
              22.6974916
            ],
            [
              72.604944,
              22.6959756
            ],
            [
              72.6053504,
              22.6952963
            ],
            [
              72.6063812,
              22.6937096
            ],
            [
              72.6072823,
              22.6927695
            ],
            [
              72.6087961,
              22.6913567
            ],
            [
              72.6105807,
              22.6904329
            ],
            [
              72.6120532,
              22.6910089
            ],
            [
              72.6124302,
              22.6920196
            ],
            [
              72.6129014,
              22.693302
            ],
            [
              72.613243,
              22.6950518
            ],
            [
              72.6133726,
              22.6974862
            ],
            [
              72.6131841,
              22.6992793
            ],
            [
              72.6124655,
              22.70054
            ],
            [
              72.6110519,
              22.7022244
            ],
            [
              72.6117705,
              22.7038545
            ],
            [
              72.6137142,
              22.706017
            ],
            [
              72.6151042,
              22.7066908
            ],
            [
              72.616188,
              22.7074406
            ],
            [
              72.6174485,
              22.7080274
            ],
            [
              72.6189092,
              22.7094944
            ],
            [
              72.6201814,
              22.7104181
            ],
            [
              72.6212769,
              22.7113309
            ],
            [
              72.6237507,
              22.7125153
            ],
            [
              72.6275439,
              22.714167
            ],
            [
              72.630807,
              22.7153297
            ],
            [
              72.6326329,
              22.7158839
            ],
            [
              72.6355661,
              22.7161556
            ],
            [
              72.6384875,
              22.7162968
            ],
            [
              72.6415856,
              22.7163512
            ],
            [
              72.6431642,
              22.7160034
            ],
            [
              72.6437594,
              22.7160314
            ],
            [
              72.6461681,
              22.7161447
            ],
            [
              72.6489952,
              22.7163403
            ],
            [
              72.6522583,
              22.7167315
            ],
            [
              72.653825,
              22.7171227
            ],
            [
              72.6572884,
              22.717666
            ],
            [
              72.6602098,
              22.7184918
            ],
            [
              72.6631783,
              22.7200891
            ],
            [
              72.6646626,
              22.7211322
            ],
            [
              72.6647451,
              22.7226208
            ],
            [
              72.6645684,
              22.7245223
            ],
            [
              72.6634022,
              22.7264889
            ],
            [
              72.6614873,
              22.728936
            ],
            [
              72.6603282,
              22.7302673
            ],
            [
              72.6600425,
              22.7313264
            ],
            [
              72.6602805,
              22.7324013
            ],
            [
              72.660998,
              22.7329907
            ],
            [
              72.661407,
              22.7334502
            ],
            [
              72.6616967,
              22.734034
            ],
            [
              72.6627309,
              22.734486
            ],
            [
              72.6643328,
              22.7345834
            ],
            [
              72.666677,
              22.7345182
            ],
            [
              72.6699754,
              22.7346703
            ],
            [
              72.6719662,
              22.7349202
            ],
            [
              72.6729322,
              22.7350289
            ],
            [
              72.674122,
              22.7347681
            ],
            [
              72.6754649,
              22.7348985
            ],
            [
              72.6773025,
              22.7352353
            ],
            [
              72.6783745,
              22.7358872
            ],
            [
              72.6792816,
              22.7370171
            ],
            [
              72.6803536,
              22.7398201
            ],
            [
              72.6810604,
              22.7425579
            ],
            [
              72.680763,
              22.7448212
            ],
            [
              72.6810245,
              22.7489573
            ],
            [
              72.6812944,
              22.7516794
            ],
            [
              72.6812655,
              22.753139
            ],
            [
              72.6815086,
              22.7539049
            ],
            [
              72.6825329,
              22.7549424
            ],
            [
              72.6828863,
              22.7561917
            ],
            [
              72.6822973,
              22.7569629
            ],
            [
              72.6823797,
              22.7579515
            ],
            [
              72.6817554,
              22.7585272
            ],
            [
              72.6806127,
              22.7588748
            ],
            [
              72.6789517,
              22.7591572
            ],
            [
              72.6776677,
              22.7590812
            ],
            [
              72.6751468,
              22.7591029
            ],
            [
              72.6719898,
              22.7582773
            ],
            [
              72.6698458,
              22.7582665
            ],
            [
              72.667855,
              22.7576582
            ],
            [
              72.6665356,
              22.7576582
            ],
            [
              72.665711,
              22.757669
            ],
            [
              72.6652398,
              22.7578211
            ],
            [
              72.6649571,
              22.7586901
            ],
            [
              72.6645684,
              22.759494
            ],
            [
              72.6643446,
              22.7603847
            ],
            [
              72.6644388,
              22.7618512
            ],
            [
              72.6653812,
              22.7632742
            ],
            [
              72.6667241,
              22.7646537
            ],
            [
              72.6676547,
              22.7661527
            ],
            [
              72.6703759,
              22.7692593
            ],
            [
              72.6731207,
              22.7725287
            ],
            [
              72.6757476,
              22.7762216
            ],
            [
              72.6767371,
              22.7781549
            ],
            [
              72.6773968,
              22.7802403
            ],
            [
              72.677762,
              22.7823582
            ],
            [
              72.6778915,
              22.7837701
            ],
            [
              72.677974,
              22.784324
            ],
            [
              72.6777031,
              22.7851603
            ],
            [
              72.6753353,
              22.7875062
            ],
            [
              72.6723785,
              22.789776
            ],
            [
              72.6686089,
              22.7930015
            ],
            [
              72.6673013,
              22.7946088
            ],
            [
              72.6657817,
              22.7966287
            ],
            [
              72.6653694,
              22.7982577
            ],
            [
              72.6661024,
              22.7996679
            ],
            [
              72.6680849,
              22.8009426
            ],
            [
              72.6722498,
              22.8013112
            ],
            [
              72.6770977,
              22.8015723
            ],
            [
              72.6802796,
              22.8013112
            ],
            [
              72.6849776,
              22.8012959
            ],
            [
              72.6898588,
              22.8021712
            ],
            [
              72.6885093,
              22.8036763
            ],
            [
              72.6864103,
              22.8030312
            ],
            [
              72.6844611,
              22.8028777
            ],
            [
              72.6801297,
              22.8028777
            ],
            [
              72.6749819,
              22.8030005
            ],
            [
              72.6724164,
              22.8032002
            ],
            [
              72.6697025,
              22.8029118
            ],
            [
              72.6659666,
              22.8021996
            ],
            [
              72.6646843,
              22.8017943
            ],
            [
              72.6637911,
              22.8011959
            ],
            [
              72.6631207,
              22.8005846
            ],
            [
              72.6630204,
              22.7976407
            ],
            [
              72.6638368,
              22.7958899
            ],
            [
              72.6650529,
              22.7936476
            ],
            [
              72.6674519,
              22.7914667
            ],
            [
              72.6695343,
              22.7895315
            ],
            [
              72.673166,
              22.7866132
            ],
            [
              72.6742989,
              22.7851848
            ],
            [
              72.6753817,
              22.7841404
            ],
            [
              72.675615,
              22.7832649
            ],
            [
              72.6758649,
              22.7815907
            ],
            [
              72.6760148,
              22.7805309
            ],
            [
              72.6754317,
              22.7787798
            ],
            [
              72.673166,
              22.7755695
            ],
            [
              72.6699008,
              22.7715757
            ],
            [
              72.6649863,
              22.7658307
            ],
            [
              72.663337,
              22.7635878
            ],
            [
              72.662404,
              22.7614525
            ],
            [
              72.6622208,
              22.7597934
            ],
            [
              72.6630204,
              22.7574737
            ],
            [
              72.6637868,
              22.7566441
            ],
            [
              72.6652695,
              22.7562908
            ],
            [
              72.667152,
              22.7562601
            ],
            [
              72.6697342,
              22.7563753
            ],
            [
              72.6713668,
              22.7564367
            ],
            [
              72.6727745,
              22.7562985
            ],
            [
              72.6748903,
              22.7559912
            ],
            [
              72.6769727,
              22.7560527
            ],
            [
              72.678522,
              22.7557838
            ],
            [
              72.6794216,
              22.7551847
            ],
            [
              72.6797548,
              22.754309
            ],
            [
              72.6793633,
              22.7528188
            ],
            [
              72.6787636,
              22.7521659
            ],
            [
              72.6783804,
              22.7514745
            ],
            [
              72.6784554,
              22.7506372
            ],
            [
              72.6778557,
              22.7489242
            ],
            [
              72.6780889,
              22.747626
            ],
            [
              72.6786303,
              22.7466811
            ],
            [
              72.6789552,
              22.7457977
            ],
            [
              72.6785387,
              22.7444995
            ],
            [
              72.6787679,
              22.7423127
            ],
            [
              72.6784781,
              22.7408081
            ],
            [
              72.6779306,
              22.7391823
            ],
            [
              72.6773249,
              22.7380741
            ],
            [
              72.6767385,
              22.7377233
            ],
            [
              72.6755067,
              22.736994
            ],
            [
              72.6749819,
              22.7365561
            ],
            [
              72.6737908,
              22.7363103
            ],
            [
              72.6726246,
              22.736364
            ],
            [
              72.6713335,
              22.7364716
            ],
            [
              72.6690595,
              22.7365715
            ],
            [
              72.6665939,
              22.7365561
            ],
            [
              72.6656443,
              22.7365254
            ],
            [
              72.6643615,
              22.7363179
            ],
            [
              72.6612962,
              22.7359108
            ],
            [
              72.6598801,
              22.735542
            ],
            [
              72.6582892,
              22.7348813
            ],
            [
              72.6578977,
              22.7343666
            ],
            [
              72.6578727,
              22.7334831
            ],
            [
              72.657981,
              22.7323153
            ],
            [
              72.6587057,
              22.7308633
            ],
            [
              72.659522,
              22.7294113
            ],
            [
              72.6610796,
              22.7273215
            ],
            [
              72.6617377,
              22.7255006
            ],
            [
              72.6620375,
              22.7235645
            ],
            [
              72.6620875,
              22.7224351
            ],
            [
              72.6621542,
              22.7211289
            ],
            [
              72.6611796,
              22.7208293
            ],
            [
              72.6600634,
              22.7204297
            ],
            [
              72.658764,
              22.7200763
            ],
            [
              72.6545825,
              22.7191005
            ],
            [
              72.6515338,
              22.7186165
            ],
            [
              72.6488016,
              22.7184167
            ],
            [
              72.6456447,
              22.7183322
            ],
            [
              72.6445785,
              22.7183245
            ],
            [
              72.6428542,
              22.7183706
            ],
            [
              72.6410407,
              22.7181986
            ],
            [
              72.6405053,
              22.7181478
            ],
            [
              72.6383395,
              22.7180172
            ],
            [
              72.6360405,
              22.7178712
            ],
            [
              72.634108,
              22.7175254
            ],
            [
              72.6321755,
              22.7174793
            ],
            [
              72.6305513,
              22.717487
            ],
            [
              72.6289103,
              22.7172488
            ],
            [
              72.6276942,
              22.71688
            ],
            [
              72.6267196,
              22.7164651
            ],
            [
              72.6255035,
              22.7157428
            ],
            [
              72.6234793,
              22.71489
            ],
            [
              72.6220716,
              22.7140217
            ],
            [
              72.6203057,
              22.7131688
            ],
            [
              72.6183316,
              22.7121546
            ],
            [
              72.6171488,
              22.7112094
            ],
            [
              72.6152746,
              22.7100569
            ],
            [
              72.6135503,
              22.7089811
            ],
            [
              72.611951,
              22.7075442
            ],
            [
              72.6109348,
              22.7060996
            ],
            [
              72.6098519,
              22.7043245
            ],
            [
              72.609019,
              22.7031412
            ],
            [
              72.6089273,
              22.7023804
            ],
            [
              72.6088357,
              22.7014583
            ],
            [
              72.6094271,
              22.700321
            ],
            [
              72.6098269,
              22.7000982
            ],
            [
              72.6102184,
              22.699445
            ],
            [
              72.6106016,
              22.6983077
            ],
            [
              72.6110847,
              22.6966324
            ],
            [
              72.6105849,
              22.6952338
            ],
            [
              72.6099602,
              22.6943808
            ],
            [
              72.6093188,
              22.6937353
            ],
            [
              72.6087358,
              22.6935508
            ],
            [
              72.6080444,
              22.6938659
            ],
            [
              72.6076196,
              22.694742
            ],
            [
              72.6055455,
              22.6983999
            ],
            [
              72.6044376,
              22.7011125
            ],
            [
              72.6037712,
              22.702488
            ],
            [
              72.6025884,
              22.7040863
            ],
            [
              72.601314,
              22.7044782
            ],
            [
              72.5996064,
              22.7046242
            ],
            [
              72.5986318,
              22.7042554
            ],
            [
              72.5966244,
              22.7030797
            ],
            [
              72.594317,
              22.7022805
            ],
            [
              72.5927927,
              22.7010049
            ],
            [
              72.5915099,
              22.6998292
            ],
            [
              72.5904937,
              22.6985305
            ],
            [
              72.5903937,
              22.6979619
            ],
            [
              72.5903521,
              22.6972165
            ],
            [
              72.5906603,
              22.6965479
            ],
            [
              72.5910018,
              22.6961406
            ],
            [
              72.5920514,
              22.6955566
            ],
            [
              72.5940838,
              22.6949879
            ],
            [
              72.5962828,
              22.6943193
            ],
            [
              72.5979488,
              22.693497
            ],
            [
              72.5995481,
              22.6927286
            ],
            [
              72.6009558,
              22.6917526
            ],
            [
              72.6009308,
              22.6911839
            ],
            [
              72.6007892,
              22.6900465
            ],
            [
              72.6000562,
              22.6895547
            ],
            [
              72.5983153,
              22.6887554
            ],
            [
              72.5964328,
              22.688033
            ],
            [
              72.5950167,
              22.6870724
            ],
            [
              72.5933091,
              22.6853278
            ],
            [
              72.5923096,
              22.684175
            ],
            [
              72.5908935,
              22.6825227
            ],
            [
              72.5897024,
              22.6814236
            ],
            [
              72.5884529,
              22.6804015
            ],
            [
              72.5874117,
              22.6801863
            ],
            [
              72.5867786,
              22.6801094
            ],
            [
              72.5855875,
              22.6801863
            ],
            [
              72.5845296,
              22.6807012
            ],
            [
              72.584388,
              22.6814236
            ],
            [
              72.584438,
              22.6825918
            ],
            [
              72.5850128,
              22.6835218
            ],
            [
              72.5864704,
              22.6846438
            ],
            [
              72.58757,
              22.6857966
            ],
            [
              72.5885029,
              22.6867957
            ],
            [
              72.5893442,
              22.6878639
            ],
            [
              72.5895191,
              22.6890244
            ],
            [
              72.5895358,
              22.6895931
            ],
            [
              72.5888111,
              22.690131
            ],
            [
              72.5878615,
              22.6911685
            ],
            [
              72.5861789,
              22.6929822
            ],
            [
              72.585321,
              22.6936123
            ],
            [
              72.5844796,
              22.694181
            ],
            [
              72.58363,
              22.6946113
            ],
            [
              72.5830803,
              22.6948573
            ],
            [
              72.5824722,
              22.6949648
            ],
            [
              72.5818641,
              22.6949187
            ],
            [
              72.5806563,
              22.6947497
            ],
            [
              72.5790903,
              22.6941964
            ],
            [
              72.5786489,
              22.6938659
            ],
            [
              72.578324,
              22.6935508
            ],
            [
              72.5781741,
              22.693059
            ],
            [
              72.5780741,
              22.6924519
            ],
            [
              72.5780491,
              22.6915297
            ],
            [
              72.5778159,
              22.6892242
            ],
            [
              72.5777576,
              22.6877948
            ],
            [
              72.5776909,
              22.6860041
            ],
            [
              72.5778159,
              22.6843595
            ],
            [
              72.5778659,
              22.6818002
            ],
            [
              72.5777659,
              22.6806013
            ],
            [
              72.578349,
              22.6779959
            ],
            [
              72.5786905,
              22.6762973
            ],
            [
              72.5796901,
              22.6734535
            ],
            [
              72.5804814,
              22.6708941
            ],
            [
              72.5807729,
              22.6697796
            ],
            [
              72.5817558,
              22.667197
            ],
            [
              72.5823223,
              22.6656136
            ],
            [
              72.5829053,
              22.6637074
            ],
            [
              72.5836383,
              22.6614783
            ],
            [
              72.5837716,
              22.6607096
            ],
            [
              72.583655,
              22.6596104
            ],
            [
              72.5831969,
              22.6587956
            ],
            [
              72.5827221,
              22.6575042
            ],
            [
              72.5813977,
              22.6572659
            ],
            [
              72.5804564,
              22.6573197
            ],
            [
              72.5794652,
              22.6574735
            ],
            [
              72.5779242,
              22.6583421
            ],
            [
              72.5768163,
              22.6592876
            ],
            [
              72.5763748,
              22.6603868
            ],
            [
              72.5763415,
              22.661117
            ],
            [
              72.5766747,
              22.6621854
            ],
            [
              72.5772828,
              22.6637151
            ],
            [
              72.5777326,
              22.6659749
            ],
            [
              72.5780075,
              22.6676351
            ],
            [
              72.5781574,
              22.6689725
            ],
            [
              72.5778992,
              22.6701178
            ],
            [
              72.5776826,
              22.6706712
            ],
            [
              72.5769079,
              22.6713245
            ],
            [
              72.5764082,
              22.6719394
            ],
            [
              72.5755252,
              22.6724774
            ],
            [
              72.5744424,
              22.6728463
            ],
            [
              72.5721017,
              22.6730692
            ],
            [
              72.5700859,
              22.6737533
            ],
            [
              72.5683034,
              22.6742682
            ],
            [
              72.5673704,
              22.6744758
            ],
            [
              72.5659211,
              22.6744527
            ],
            [
              72.5649048,
              22.6739301
            ],
            [
              72.5639886,
              22.6734535
            ],
            [
              72.5633555,
              22.6728771
            ],
            [
              72.5628307,
              22.6721392
            ],
            [
              72.5622227,
              22.6712861
            ],
            [
              72.561573,
              22.6702177
            ],
            [
              72.560879,
              22.6692938
            ],
            [
              72.5605353,
              22.6685854
            ],
            [
              72.5604255,
              22.668359
            ],
            [
              72.5595891,
              22.6661089
            ],
            [
              72.5593481,
              22.664423
            ],
            [
              72.5592828,
              22.6635489
            ],
            [
              72.5592239,
              22.6620543
            ],
            [
              72.5594477,
              22.6609237
            ],
            [
              72.5596539,
              22.6592116
            ],
            [
              72.5600839,
              22.6583419
            ],
            [
              72.5601251,
              22.6571081
            ],
            [
              72.560188,
              22.6548277
            ],
            [
              72.560188,
              22.6539129
            ],
            [
              72.5598381,
              22.653031
            ],
            [
              72.558489,
              22.6519315
            ],
            [
              72.5568731,
              22.6507896
            ],
            [
              72.5546005,
              22.6506166
            ],
            [
              72.5519611,
              22.6512156
            ],
            [
              72.5506414,
              22.6517515
            ],
            [
              72.5478099,
              22.6529418
            ],
            [
              72.5454215,
              22.6539005
            ],
            [
              72.5435456,
              22.6546812
            ],
            [
              72.5426427,
              22.6551324
            ],
            [
              72.5406397,
              22.6527788
            ]
          ]
        ]
      },
      "id": "way/185442813"
    },
    {
      "type": "Feature",
      "properties": {
        "@id": "way/185442818",
        "name": "Watrak",
        "natural": "water",
        "water": "river"
      },
      "geometry": {
        "type": "Polygon",
        "coordinates": [
          [
            [
              72.6898588,
              22.8021712
            ],
            [
              72.6902867,
              22.8023578
            ],
            [
              72.6908031,
              22.8029645
            ],
            [
              72.6913946,
              22.8040088
            ],
            [
              72.6926274,
              22.8059898
            ],
            [
              72.6933604,
              22.8068421
            ],
            [
              72.694185,
              22.8074257
            ],
            [
              72.6949513,
              22.8076791
            ],
            [
              72.6974836,
              22.8077635
            ],
            [
              72.6987414,
              22.8077482
            ],
            [
              72.7006655,
              22.8074257
            ],
            [
              72.7022065,
              22.8068037
            ],
            [
              72.7039724,
              22.8061204
            ],
            [
              72.7044972,
              22.806128
            ],
            [
              72.7054634,
              22.8063123
            ],
            [
              72.7069794,
              22.8070802
            ],
            [
              72.708004,
              22.8078019
            ],
            [
              72.7098199,
              22.8088999
            ],
            [
              72.7117107,
              22.810259
            ],
            [
              72.713435,
              22.81138
            ],
            [
              72.7158756,
              22.8127698
            ],
            [
              72.7179247,
              22.8136681
            ],
            [
              72.7209484,
              22.8146432
            ],
            [
              72.7226143,
              22.8151269
            ],
            [
              72.7260711,
              22.8160944
            ],
            [
              72.7281452,
              22.8170388
            ],
            [
              72.7316187,
              22.8185513
            ],
            [
              72.7333596,
              22.8195955
            ],
            [
              72.7361584,
              22.8213844
            ],
            [
              72.7379076,
              22.8225207
            ],
            [
              72.7399567,
              22.8241406
            ],
            [
              72.7409313,
              22.8257682
            ],
            [
              72.7418192,
              22.8275651
            ],
            [
              72.7418181,
              22.8287855
            ],
            [
              72.741624,
              22.8294142
            ],
            [
              72.7415477,
              22.8307201
            ],
            [
              72.7421724,
              22.8313803
            ],
            [
              72.7450295,
              22.8328159
            ],
            [
              72.7456126,
              22.8329925
            ],
            [
              72.7475618,
              22.8327929
            ],
            [
              72.7489445,
              22.8320021
            ],
            [
              72.7496368,
              22.8315214
            ],
            [
              72.7509806,
              22.8311175
            ],
            [
              72.7521634,
              22.8318096
            ],
            [
              72.7530011,
              22.8329003
            ],
            [
              72.7532759,
              22.8340596
            ],
            [
              72.7534842,
              22.8356717
            ],
            [
              72.7537459,
              22.8363566
            ],
            [
              72.7542834,
              22.837029
            ],
            [
              72.7552319,
              22.8373662
            ],
            [
              72.7563913,
              22.837399
            ],
            [
              72.7576137,
              22.8377162
            ],
            [
              72.7586569,
              22.837422
            ],
            [
              72.7593483,
              22.8369614
            ],
            [
              72.7605978,
              22.8364087
            ],
            [
              72.7614057,
              22.8359327
            ],
            [
              72.763155,
              22.8351036
            ],
            [
              72.7644179,
              22.8344349
            ],
            [
              72.7657205,
              22.8336527
            ],
            [
              72.767753,
              22.832624
            ],
            [
              72.7695355,
              22.8319254
            ],
            [
              72.7710682,
              22.8314954
            ],
            [
              72.7730257,
              22.8313649
            ],
            [
              72.7739919,
              22.8315492
            ],
            [
              72.7747499,
              22.8320021
            ],
            [
              72.7754663,
              22.8322094
            ],
            [
              72.776066,
              22.8323553
            ],
            [
              72.7764575,
              22.8324628
            ],
            [
              72.7766741,
              22.8326086
            ],
            [
              72.7771989,
              22.8331153
            ],
            [
              72.7775904,
              22.8335375
            ],
            [
              72.7781901,
              22.8338369
            ],
            [
              72.7781484,
              22.8348273
            ],
            [
              72.7779735,
              22.8356333
            ],
            [
              72.7774071,
              22.8374834
            ],
            [
              72.776799,
              22.8385505
            ],
            [
              72.7761077,
              22.8395254
            ],
            [
              72.7762659,
              22.8403238
            ],
            [
              72.7771239,
              22.8419359
            ],
            [
              72.7776487,
              22.8423427
            ],
            [
              72.7780485,
              22.8426805
            ],
            [
              72.7787482,
              22.8429799
            ],
            [
              72.7793396,
              22.8432485
            ],
            [
              72.7803308,
              22.8438012
            ],
            [
              72.7808556,
              22.8442081
            ],
            [
              72.7810722,
              22.8444998
            ],
            [
              72.7813554,
              22.8448913
            ],
            [
              72.7815803,
              22.8457664
            ],
            [
              72.7815803,
              22.8469255
            ],
            [
              72.7818802,
              22.8476547
            ],
            [
              72.7819551,
              22.8483149
            ],
            [
              72.7819385,
              22.8490057
            ],
            [
              72.7817969,
              22.8494433
            ],
            [
              72.7807585,
              22.8503844
            ],
            [
              72.7801501,
              22.8510141
            ],
            [
              72.7794146,
              22.8518689
            ],
            [
              72.7790147,
              22.8522911
            ],
            [
              72.7780402,
              22.8534962
            ],
            [
              72.7778569,
              22.8548087
            ],
            [
              72.7777434,
              22.8571919
            ],
            [
              72.777767,
              22.8584077
            ],
            [
              72.7777905,
              22.8596451
            ],
            [
              72.7780968,
              22.8602964
            ],
            [
              72.778462,
              22.8606112
            ],
            [
              72.7788978,
              22.8606655
            ],
            [
              72.7800169,
              22.860622
            ],
            [
              72.7805352,
              22.8605352
            ],
            [
              72.782314,
              22.8596777
            ],
            [
              72.7830208,
              22.858907
            ],
            [
              72.7840692,
              22.8576912
            ],
            [
              72.7852826,
              22.856584
            ],
            [
              72.7863074,
              22.8558676
            ],
            [
              72.7873676,
              22.8549992
            ],
            [
              72.7885103,
              22.8547495
            ],
            [
              72.7890993,
              22.854717
            ],
            [
              72.7905482,
              22.8549015
            ],
            [
              72.7922092,
              22.8553357
            ],
            [
              72.7925862,
              22.8557482
            ],
            [
              72.7928924,
              22.8563127
            ],
            [
              72.7930102,
              22.8570834
            ],
            [
              72.7934579,
              22.8588961
            ],
            [
              72.7939998,
              22.8608826
            ],
            [
              72.7944827,
              22.8628472
            ],
            [
              72.7948479,
              22.8640738
            ],
            [
              72.7951895,
              22.8651701
            ],
            [
              72.7957903,
              22.8663423
            ],
            [
              72.7964853,
              22.867113
            ],
            [
              72.7984644,
              22.8678077
            ],
            [
              72.7997366,
              22.8682418
            ],
            [
              72.8015625,
              22.8695443
            ],
            [
              72.8023209,
              22.870169
            ],
            [
              72.8025936,
              22.8703353
            ],
            [
              72.8028819,
              22.8705754
            ],
            [
              72.8036122,
              22.8706623
            ],
            [
              72.8056266,
              22.8717151
            ],
            [
              72.8066397,
              22.8724423
            ],
            [
              72.8076881,
              22.8733757
            ],
            [
              72.8087012,
              22.8747541
            ],
            [
              72.8091488,
              22.8766101
            ],
            [
              72.8089839,
              22.8781078
            ],
            [
              72.8096789,
              22.8810382
            ],
            [
              72.8101619,
              22.8819281
            ],
            [
              72.8109394,
              22.8826987
            ],
            [
              72.8120703,
              22.8837623
            ],
            [
              72.8130009,
              22.8846522
            ],
            [
              72.8132954,
              22.8844243
            ],
            [
              72.8137901,
              22.8837731
            ],
            [
              72.8146736,
              22.8826553
            ],
            [
              72.8147914,
              22.8817653
            ],
            [
              72.814709,
              22.881125
            ],
            [
              72.8144852,
              22.8801591
            ],
            [
              72.8139433,
              22.87839
            ],
            [
              72.8136723,
              22.8776628
            ],
            [
              72.8132954,
              22.876762
            ],
            [
              72.813048,
              22.8759914
            ],
            [
              72.8127771,
              22.874765
            ],
            [
              72.8128949,
              22.8739944
            ],
            [
              72.8133543,
              22.8729307
            ],
            [
              72.8140964,
              22.8712375
            ],
            [
              72.8147325,
              22.8700979
            ],
            [
              72.8158752,
              22.8685892
            ],
            [
              72.8177247,
              22.8674712
            ],
            [
              72.8198804,
              22.8663532
            ],
            [
              72.8223424,
              22.8650941
            ],
            [
              72.8235911,
              22.8650181
            ],
            [
              72.8243803,
              22.8652786
            ],
            [
              72.8253581,
              22.8655934
            ],
            [
              72.8256408,
              22.8658648
            ],
            [
              72.8261473,
              22.8667765
            ],
            [
              72.8274549,
              22.8689148
            ],
            [
              72.8286918,
              22.8710856
            ],
            [
              72.8294104,
              22.8721275
            ],
            [
              72.8310596,
              22.8733431
            ],
            [
              72.83179,
              22.8735168
            ],
            [
              72.8331682,
              22.8736688
            ],
            [
              72.8339575,
              22.8730827
            ],
            [
              72.8348056,
              22.872019
            ],
            [
              72.8361014,
              22.8699025
            ],
            [
              72.8370909,
              22.8683721
            ],
            [
              72.8383278,
              22.866961
            ],
            [
              72.8392349,
              22.8661253
            ],
            [
              72.8415202,
              22.8647576
            ],
            [
              72.8428396,
              22.8649313
            ],
            [
              72.8439469,
              22.8650073
            ],
            [
              72.8451485,
              22.8653112
            ],
            [
              72.8467034,
              22.8661795
            ],
            [
              72.848812,
              22.8673301
            ],
            [
              72.8499633,
              22.8683264
            ],
            [
              72.8504617,
              22.8698625
            ],
            [
              72.8509202,
              22.8719545
            ],
            [
              72.8509809,
              22.8729623
            ],
            [
              72.8509688,
              22.8737909
            ],
            [
              72.8506528,
              22.8751345
            ],
            [
              72.8499723,
              22.8765117
            ],
            [
              72.8492674,
              22.8776314
            ],
            [
              72.8486719,
              22.8784936
            ],
            [
              72.8480157,
              22.879199
            ],
            [
              72.8467032,
              22.8802627
            ],
            [
              72.8453907,
              22.8813935
            ],
            [
              72.8442605,
              22.8826363
            ],
            [
              72.8418421,
              22.8843605
            ],
            [
              72.8410278,
              22.8849092
            ],
            [
              72.8399098,
              22.8856481
            ],
            [
              72.840007,
              22.886387
            ],
            [
              72.8402744,
              22.8880217
            ],
            [
              72.8405174,
              22.8886486
            ],
            [
              72.8416476,
              22.8901153
            ],
            [
              72.8426198,
              22.8912013
            ],
            [
              72.843191,
              22.8918954
            ],
            [
              72.8437379,
              22.8933956
            ],
            [
              72.8438351,
              22.8947055
            ],
            [
              72.8441875,
              22.895937
            ],
            [
              72.8442969,
              22.8971349
            ],
            [
              72.8437987,
              22.8989149
            ],
            [
              72.8431546,
              22.8998776
            ],
            [
              72.8424011,
              22.9018591
            ],
            [
              72.8421094,
              22.9031241
            ],
            [
              72.8424983,
              22.9038966
            ],
            [
              72.8425348,
              22.9043556
            ],
            [
              72.8423403,
              22.9055534
            ],
            [
              72.8421702,
              22.9064825
            ],
            [
              72.8420973,
              22.9070758
            ],
            [
              72.8425226,
              22.9079266
            ],
            [
              72.8429237,
              22.9087438
            ],
            [
              72.8441997,
              22.9093147
            ],
            [
              72.8454028,
              22.9091803
            ],
            [
              72.846533,
              22.9085535
            ],
            [
              72.8467882,
              22.9079602
            ],
            [
              72.8470921,
              22.9070086
            ],
            [
              72.8472865,
              22.9061355
            ],
            [
              72.8473473,
              22.9052959
            ],
            [
              72.8471285,
              22.9044451
            ],
            [
              72.8468855,
              22.903113
            ],
            [
              72.8469098,
              22.9021502
            ],
            [
              72.8472865,
              22.9001687
            ],
            [
              72.8476389,
              22.89915
            ],
            [
              72.8486598,
              22.8981984
            ],
            [
              72.8494861,
              22.8975491
            ],
            [
              72.8512969,
              22.8967766
            ],
            [
              72.8535938,
              22.8972916
            ],
            [
              72.8548698,
              22.8983663
            ],
            [
              72.8567778,
              22.8997769
            ],
            [
              72.8579202,
              22.9011763
            ],
            [
              72.8583455,
              22.9016017
            ],
            [
              72.8595122,
              22.9023965
            ],
            [
              72.8600712,
              22.9036839
            ],
            [
              72.8606302,
              22.9059564
            ],
            [
              72.8608733,
              22.9068855
            ],
            [
              72.8622344,
              22.9076803
            ],
            [
              72.8634132,
              22.9080945
            ],
            [
              72.8650052,
              22.9081729
            ],
            [
              72.8669983,
              22.908296
            ],
            [
              72.869684,
              22.9079826
            ],
            [
              72.8704861,
              22.9080049
            ],
            [
              72.8717865,
              22.9084527
            ],
            [
              72.8726615,
              22.9091132
            ],
            [
              72.8730868,
              22.9097736
            ],
            [
              72.8735851,
              22.9111617
            ],
            [
              72.8742049,
              22.9135908
            ],
            [
              72.874132,
              22.9147214
            ],
            [
              72.874059,
              22.916031
            ],
            [
              72.8740955,
              22.9166131
            ],
            [
              72.8744965,
              22.9177996
            ],
            [
              72.8752622,
              22.9190197
            ],
            [
              72.8764653,
              22.920083
            ],
            [
              72.8775104,
              22.9203629
            ],
            [
              72.8783733,
              22.9208442
            ],
            [
              72.8793212,
              22.9212919
            ],
            [
              72.8805608,
              22.9223217
            ],
            [
              72.8815451,
              22.9240342
            ],
            [
              72.8822743,
              22.925646
            ],
            [
              72.8824931,
              22.927157
            ],
            [
              72.88225,
              22.9284106
            ],
            [
              72.8820191,
              22.9303021
            ],
            [
              72.8813264,
              22.931164
            ],
            [
              72.8800504,
              22.93169
            ],
            [
              72.8778142,
              22.9325742
            ],
            [
              72.8752014,
              22.9330778
            ],
            [
              72.8725156,
              22.9333241
            ],
            [
              72.8719323,
              22.9337382
            ],
            [
              72.8714584,
              22.9347007
            ],
            [
              72.8713125,
              22.9351484
            ],
            [
              72.8707049,
              22.93629
            ],
            [
              72.8716771,
              22.9372189
            ],
            [
              72.8731111,
              22.9378904
            ],
            [
              72.8741684,
              22.9384948
            ],
            [
              72.8755903,
              22.9388641
            ],
            [
              72.8762222,
              22.9391327
            ],
            [
              72.8786163,
              22.9397482
            ],
            [
              72.8814844,
              22.9404869
            ],
            [
              72.8837083,
              22.9407107
            ],
            [
              72.8855677,
              22.9413822
            ],
            [
              72.8862847,
              22.9424678
            ],
            [
              72.8869896,
              22.9431728
            ],
            [
              72.8872934,
              22.9437324
            ],
            [
              72.887342,
              22.9441689
            ],
            [
              72.8873906,
              22.9446725
            ],
            [
              72.8874028,
              22.9451313
            ],
            [
              72.8869653,
              22.9461273
            ],
            [
              72.8858472,
              22.9472464
            ],
            [
              72.8830642,
              22.9491265
            ],
            [
              72.8816667,
              22.9502232
            ],
            [
              72.8803785,
              22.9521816
            ],
            [
              72.8791146,
              22.9553933
            ],
            [
              72.8782761,
              22.9574187
            ],
            [
              72.8781616,
              22.959353
            ],
            [
              72.8762946,
              22.9596465
            ],
            [
              72.8762708,
              22.9588175
            ],
            [
              72.8764896,
              22.957967
            ],
            [
              72.8766719,
              22.956904
            ],
            [
              72.8769757,
              22.9554157
            ],
            [
              72.8771215,
              22.9546659
            ],
            [
              72.8777049,
              22.9530321
            ],
            [
              72.8782517,
              22.9520585
            ],
            [
              72.8788229,
              22.9509618
            ],
            [
              72.879382,
              22.9502456
            ],
            [
              72.8811198,
              22.9487572
            ],
            [
              72.8816059,
              22.9485334
            ],
            [
              72.8826389,
              22.9477948
            ],
            [
              72.8835139,
              22.9472912
            ],
            [
              72.8841215,
              22.9464519
            ],
            [
              72.8841823,
              22.9453999
            ],
            [
              72.8842552,
              22.9443255
            ],
            [
              72.8840486,
              22.94371
            ],
            [
              72.883441,
              22.9427923
            ],
            [
              72.8825295,
              22.9424454
            ],
            [
              72.8809254,
              22.9417627
            ],
            [
              72.8786406,
              22.9415053
            ],
            [
              72.8770486,
              22.9410017
            ],
            [
              72.8748368,
              22.9404533
            ],
            [
              72.8742292,
              22.9402071
            ],
            [
              72.8725764,
              22.9399945
            ],
            [
              72.8720417,
              22.9397594
            ],
            [
              72.8713611,
              22.9392558
            ],
            [
              72.8705955,
              22.938741
            ],
            [
              72.8702188,
              22.9383493
            ],
            [
              72.8693438,
              22.9365362
            ],
            [
              72.8692344,
              22.9350924
            ],
            [
              72.8691007,
              22.9345216
            ],
            [
              72.8691858,
              22.9336263
            ],
            [
              72.869842,
              22.9327309
            ],
            [
              72.8708507,
              22.9322384
            ],
            [
              72.8729896,
              22.9314102
            ],
            [
              72.8745087,
              22.9309625
            ],
            [
              72.877,
              22.9304924
            ],
            [
              72.8789809,
              22.9296194
            ],
            [
              72.8799531,
              22.92878
            ],
            [
              72.8801111,
              22.9281308
            ],
            [
              72.8802326,
              22.9267541
            ],
            [
              72.8800139,
              22.9261273
            ],
            [
              72.8793698,
              22.9245827
            ],
            [
              72.8785677,
              22.9232731
            ],
            [
              72.8779722,
              22.9224896
            ],
            [
              72.8768906,
              22.9217396
            ],
            [
              72.8754445,
              22.9212024
            ],
            [
              72.8740469,
              22.9202621
            ],
            [
              72.8730625,
              22.9194898
            ],
            [
              72.872625,
              22.9178556
            ],
            [
              72.8725521,
              22.9146766
            ],
            [
              72.8715677,
              22.9121244
            ],
            [
              72.8702188,
              22.9101542
            ],
            [
              72.8694531,
              22.90974
            ],
            [
              72.8684323,
              22.9096169
            ],
            [
              72.8665365,
              22.9101654
            ],
            [
              72.8654306,
              22.9100647
            ],
            [
              72.8633768,
              22.9099639
            ],
            [
              72.8623073,
              22.9099639
            ],
            [
              72.8612622,
              22.9100367
            ],
            [
              72.8605695,
              22.9099136
            ],
            [
              72.8601745,
              22.9098184
            ],
            [
              72.8599679,
              22.909477
            ],
            [
              72.8597856,
              22.9090796
            ],
            [
              72.8597249,
              22.9086374
            ],
            [
              72.8595973,
              22.9083016
            ],
            [
              72.8593056,
              22.9079042
            ],
            [
              72.8590808,
              22.907546
            ],
            [
              72.8587952,
              22.9067848
            ],
            [
              72.8586554,
              22.905822
            ],
            [
              72.8582544,
              22.9050328
            ],
            [
              72.8574037,
              22.9034768
            ],
            [
              72.8570756,
              22.9027771
            ],
            [
              72.8568446,
              22.9023965
            ],
            [
              72.8560669,
              22.9015849
            ],
            [
              72.8554045,
              22.9009636
            ],
            [
              72.8540131,
              22.8996314
            ],
            [
              72.8527127,
              22.8991724
            ],
            [
              72.851862,
              22.8990156
            ],
            [
              72.8502578,
              22.8991052
            ],
            [
              72.8496745,
              22.8995082
            ],
            [
              72.8492613,
              22.9003142
            ],
            [
              72.8491276,
              22.9007285
            ],
            [
              72.8488603,
              22.9015121
            ],
            [
              72.8486172,
              22.902945
            ],
            [
              72.8485686,
              22.905184
            ],
            [
              72.8487144,
              22.9068407
            ],
            [
              72.8489332,
              22.9081729
            ],
            [
              72.8487509,
              22.9092027
            ],
            [
              72.8483985,
              22.9097848
            ],
            [
              72.847244,
              22.9105236
            ],
            [
              72.8461016,
              22.9115759
            ],
            [
              72.8448377,
              22.9118669
            ],
            [
              72.8440356,
              22.9117662
            ],
            [
              72.8432335,
              22.9113856
            ],
            [
              72.8423464,
              22.910949
            ],
            [
              72.8411676,
              22.9102774
            ],
            [
              72.8404368,
              22.9097341
            ],
            [
              72.8401532,
              22.9092513
            ],
            [
              72.8399556,
              22.908721
            ],
            [
              72.839904,
              22.9079848
            ],
            [
              72.8399384,
              22.9073753
            ],
            [
              72.8402907,
              22.9063938
            ],
            [
              72.8402563,
              22.9054835
            ],
            [
              72.8402907,
              22.9046444
            ],
            [
              72.8402391,
              22.9038845
            ],
            [
              72.8401962,
              22.9028079
            ],
            [
              72.8403337,
              22.9016681
            ],
            [
              72.8404368,
              22.9009477
            ],
            [
              72.8405141,
              22.899887
            ],
            [
              72.8403938,
              22.8994199
            ],
            [
              72.8409094,
              22.8980267
            ],
            [
              72.8413649,
              22.8964118
            ],
            [
              72.841511,
              22.8952085
            ],
            [
              72.8417172,
              22.8941319
            ],
            [
              72.8415625,
              22.8931898
            ],
            [
              72.84115,
              22.8921132
            ],
            [
              72.8402306,
              22.8908228
            ],
            [
              72.8398439,
              22.8902528
            ],
            [
              72.8382197,
              22.8884716
            ],
            [
              72.8375838,
              22.8874661
            ],
            [
              72.8374034,
              22.8865874
            ],
            [
              72.8374119,
              22.8862074
            ],
            [
              72.8376697,
              22.8857482
            ],
            [
              72.8379619,
              22.8852494
            ],
            [
              72.8386923,
              22.884339
            ],
            [
              72.8398868,
              22.883286
            ],
            [
              72.8412875,
              22.8823201
            ],
            [
              72.8423445,
              22.881283
            ],
            [
              72.8435991,
              22.8800479
            ],
            [
              72.8454295,
              22.8783774
            ],
            [
              72.8474575,
              22.876113
            ],
            [
              72.8483254,
              22.8753292
            ],
            [
              72.8482997,
              22.8744741
            ],
            [
              72.8486348,
              22.8730252
            ],
            [
              72.8487207,
              22.8715604
            ],
            [
              72.848609,
              22.8707528
            ],
            [
              72.8482997,
              22.8695652
            ],
            [
              72.8478356,
              22.8688526
            ],
            [
              72.8468904,
              22.867752
            ],
            [
              72.845335,
              22.8670235
            ],
            [
              72.8443811,
              22.8667306
            ],
            [
              72.8425937,
              22.8664614
            ],
            [
              72.8413649,
              22.8665326
            ],
            [
              72.8400071,
              22.8670077
            ],
            [
              72.8389587,
              22.8682191
            ],
            [
              72.8385635,
              22.8691376
            ],
            [
              72.8370682,
              22.8716159
            ],
            [
              72.8361487,
              22.8733577
            ],
            [
              72.8352207,
              22.8741178
            ],
            [
              72.8349371,
              22.8743712
            ],
            [
              72.833734,
              22.8747196
            ],
            [
              72.8328575,
              22.8749412
            ],
            [
              72.8320411,
              22.8749412
            ],
            [
              72.831199,
              22.8750442
            ],
            [
              72.8302365,
              22.8748542
            ],
            [
              72.8297467,
              22.8743474
            ],
            [
              72.8291882,
              22.8739199
            ],
            [
              72.8281312,
              22.872661
            ],
            [
              72.827375,
              22.8716634
            ],
            [
              72.8268508,
              22.8705786
            ],
            [
              72.8262836,
              22.8698185
            ],
            [
              72.8258625,
              22.8691693
            ],
            [
              72.8245907,
              22.868037
            ],
            [
              72.8236713,
              22.8677837
            ],
            [
              72.8231557,
              22.8674828
            ],
            [
              72.8223909,
              22.8673878
            ],
            [
              72.8213768,
              22.8673561
            ],
            [
              72.8194863,
              22.8682191
            ],
            [
              72.8177848,
              22.8691297
            ],
            [
              72.8163498,
              22.8705153
            ],
            [
              72.8153357,
              22.8720355
            ],
            [
              72.8147084,
              22.8734923
            ],
            [
              72.8145452,
              22.873912
            ],
            [
              72.814485,
              22.8748621
            ],
            [
              72.8148459,
              22.8762001
            ],
            [
              72.8156193,
              22.8776094
            ],
            [
              72.8159545,
              22.8784011
            ],
            [
              72.8163154,
              22.8789712
            ],
            [
              72.8166935,
              22.8800717
            ],
            [
              72.8173036,
              22.8810692
            ],
            [
              72.8177419,
              22.8824389
            ],
            [
              72.8177848,
              22.8835473
            ],
            [
              72.8176731,
              22.8852178
            ],
            [
              72.8173724,
              22.8860807
            ],
            [
              72.8166849,
              22.8868882
            ],
            [
              72.8160318,
              22.8871653
            ],
            [
              72.8156537,
              22.8872445
            ],
            [
              72.8149061,
              22.8872682
            ],
            [
              72.8141155,
              22.8870861
            ],
            [
              72.8135569,
              22.8868961
            ],
            [
              72.8132132,
              22.8865003
            ],
            [
              72.8125859,
              22.8860015
            ],
            [
              72.8116492,
              22.8856294
            ],
            [
              72.8099649,
              22.8845844
            ],
            [
              72.8092431,
              22.8837294
            ],
            [
              72.8082033,
              22.8822964
            ],
            [
              72.808083,
              22.8815522
            ],
            [
              72.8080143,
              22.8806734
            ],
            [
              72.8076276,
              22.8793908
            ],
            [
              72.8072752,
              22.8778469
            ],
            [
              72.8066565,
              22.8752817
            ],
            [
              72.8064932,
              22.8747987
            ],
            [
              72.8058745,
              22.8738407
            ],
            [
              72.8051957,
              22.8732469
            ],
            [
              72.8047918,
              22.8729777
            ],
            [
              72.8035457,
              22.8725501
            ],
            [
              72.8029442,
              22.8722493
            ],
            [
              72.8023513,
              22.8718455
            ],
            [
              72.8016638,
              22.8716
            ],
            [
              72.8009334,
              22.8712041
            ],
            [
              72.8003576,
              22.8709112
            ],
            [
              72.7985616,
              22.8705866
            ],
            [
              72.7973414,
              22.8699215
            ],
            [
              72.7957344,
              22.8687417
            ],
            [
              72.7947548,
              22.8679816
            ],
            [
              72.7940329,
              22.8663663
            ],
            [
              72.7937236,
              22.8654399
            ],
            [
              72.7933369,
              22.8648144
            ],
            [
              72.7927354,
              22.8631595
            ],
            [
              72.7923916,
              22.8606732
            ],
            [
              72.7920565,
              22.8587807
            ],
            [
              72.7915065,
              22.857585
            ],
            [
              72.7909737,
              22.8569832
            ],
            [
              72.7899855,
              22.8561755
            ],
            [
              72.7890145,
              22.8559934
            ],
            [
              72.7881723,
              22.8562547
            ],
            [
              72.7875192,
              22.8565239
            ],
            [
              72.7867888,
              22.8570703
            ],
            [
              72.7854053,
              22.8585115
            ],
            [
              72.7838585,
              22.8602535
            ],
            [
              72.7822773,
              22.8619084
            ],
            [
              72.7815211,
              22.8627399
            ],
            [
              72.7802665,
              22.8632466
            ],
            [
              72.7793986,
              22.8631595
            ],
            [
              72.7784963,
              22.8629061
            ],
            [
              72.7780666,
              22.8627003
            ],
            [
              72.7773791,
              22.8622964
            ],
            [
              72.7768034,
              22.8619876
            ],
            [
              72.7765026,
              22.8612987
            ],
            [
              72.7762878,
              22.8596834
            ],
            [
              72.7758495,
              22.8587728
            ],
            [
              72.7756175,
              22.8581551
            ],
            [
              72.7754714,
              22.8574821
            ],
            [
              72.7754456,
              22.8570228
            ],
            [
              72.7755488,
              22.8557558
            ],
            [
              72.7756261,
              22.8549798
            ],
            [
              72.7758151,
              22.8540691
            ],
            [
              72.7761417,
              22.8534119
            ],
            [
              72.776726,
              22.8525804
            ],
            [
              72.7780408,
              22.8514243
            ],
            [
              72.7784447,
              22.8507512
            ],
            [
              72.7794329,
              22.8490724
            ],
            [
              72.7797821,
              22.8481771
            ],
            [
              72.7801609,
              22.8468043
            ],
            [
              72.7800707,
              22.8462466
            ],
            [
              72.7796866,
              22.8454107
            ],
            [
              72.7791679,
              22.844726
            ],
            [
              72.7782556,
              22.8442496
            ],
            [
              72.7772416,
              22.8437586
            ],
            [
              72.7759269,
              22.8432359
            ],
            [
              72.7748355,
              22.8424202
            ],
            [
              72.7739848,
              22.8415649
            ],
            [
              72.773959,
              22.8408839
            ],
            [
              72.7740707,
              22.8402978
            ],
            [
              72.7744832,
              22.8395217
            ],
            [
              72.7751878,
              22.8381912
            ],
            [
              72.7755745,
              22.8373597
            ],
            [
              72.7758581,
              22.8363301
            ],
            [
              72.7756519,
              22.8353164
            ],
            [
              72.7753253,
              22.8344769
            ],
            [
              72.7748011,
              22.8337958
            ],
            [
              72.7744144,
              22.8334948
            ],
            [
              72.7733231,
              22.8331859
            ],
            [
              72.7724122,
              22.8332097
            ],
            [
              72.7714154,
              22.8332414
            ],
            [
              72.7691639,
              22.8339621
            ],
            [
              72.7678577,
              22.8343422
            ],
            [
              72.7656063,
              22.8355302
            ],
            [
              72.7644866,
              22.8358504
            ],
            [
              72.7605964,
              22.8381199
            ],
            [
              72.7591527,
              22.8389357
            ],
            [
              72.7576575,
              22.8395296
            ],
            [
              72.7567036,
              22.8396801
            ],
            [
              72.7550451,
              22.8400523
            ],
            [
              72.7540053,
              22.8398306
            ],
            [
              72.7536186,
              22.8395771
            ],
            [
              72.7529484,
              22.8389911
            ],
            [
              72.7526304,
              22.8384446
            ],
            [
              72.7522867,
              22.837621
            ],
            [
              72.7519258,
              22.835744
            ],
            [
              72.7519773,
              22.8350946
            ],
            [
              72.7519172,
              22.8346036
            ],
            [
              72.7515906,
              22.8341046
            ],
            [
              72.7512445,
              22.8332667
            ],
            [
              72.7508663,
              22.8328583
            ],
            [
              72.7504457,
              22.8326699
            ],
            [
              72.7497999,
              22.8324781
            ],
            [
              72.7495451,
              22.832886
            ],
            [
              72.7485056,
              22.8335978
            ],
            [
              72.7463659,
              22.8347699
            ],
            [
              72.7450339,
              22.8351896
            ],
            [
              72.7436848,
              22.8353639
            ],
            [
              72.74292,
              22.8353718
            ],
            [
              72.742327,
              22.8351659
            ],
            [
              72.7414505,
              22.8347303
            ],
            [
              72.7411068,
              22.8340888
            ],
            [
              72.7408232,
              22.8330196
            ],
            [
              72.7404537,
              22.8323543
            ],
            [
              72.7403076,
              22.8317049
            ],
            [
              72.7399123,
              22.8308733
            ],
            [
              72.7396803,
              22.8297328
            ],
            [
              72.7390014,
              22.8281092
            ],
            [
              72.7384944,
              22.8270954
            ],
            [
              72.7373773,
              22.8248143
            ],
            [
              72.7362344,
              22.823547
            ],
            [
              72.7353836,
              22.8227075
            ],
            [
              72.7342493,
              22.8220184
            ],
            [
              72.7319291,
              22.820957
            ],
            [
              72.7303823,
              22.8200541
            ],
            [
              72.7278731,
              22.8187313
            ],
            [
              72.726988,
              22.8182877
            ],
            [
              72.724642,
              22.8177887
            ],
            [
              72.722614,
              22.8170679
            ],
            [
              72.7202251,
              22.816458
            ],
            [
              72.7190306,
              22.8161491
            ],
            [
              72.7178791,
              22.8158164
            ],
            [
              72.7158253,
              22.8146837
            ],
            [
              72.7138231,
              22.8132896
            ],
            [
              72.7102826,
              22.8110242
            ],
            [
              72.7075843,
              22.8093607
            ],
            [
              72.7055477,
              22.8083072
            ],
            [
              72.7049462,
              22.80822
            ],
            [
              72.7042501,
              22.8081329
            ],
            [
              72.7018698,
              22.8083389
            ],
            [
              72.6998761,
              22.808624
            ],
            [
              72.6983981,
              22.809329
            ],
            [
              72.6967396,
              22.8096696
            ],
            [
              72.6955365,
              22.8099073
            ],
            [
              72.6942991,
              22.8100182
            ],
            [
              72.6931819,
              22.8098439
            ],
            [
              72.6927179,
              22.8095667
            ],
            [
              72.6921421,
              22.8089567
            ],
            [
              72.6920047,
              22.8084181
            ],
            [
              72.6918414,
              22.8078398
            ],
            [
              72.6910164,
              22.8058198
            ],
            [
              72.6901915,
              22.8047425
            ],
            [
              72.6894438,
              22.8041484
            ],
            [
              72.6885093,
              22.8036763
            ],
            [
              72.6898588,
              22.8021712
            ]
          ]
        ]
      },
      "id": "way/185442818"
    },
    {
      "type": "Feature",
      "properties": {
        "@id": "way/229021237",
        "name": "Shilaj Lake",
        "natural": "water"
      },
      "geometry": {
        "type": "Polygon",
        "coordinates": [
          [
            [
              72.4734713,
              23.0550493
            ],
            [
              72.4732782,
              23.0549013
            ],
            [
              72.4732782,
              23.054763
            ],
            [
              72.4733962,
              23.0545162
            ],
            [
              72.4738146,
              23.0543484
            ],
            [
              72.4741794,
              23.0542398
            ],
            [
              72.4743403,
              23.0538746
            ],
            [
              72.4740185,
              23.0534797
            ],
            [
              72.4737073,
              23.0533514
            ],
            [
              72.4734498,
              23.0534205
            ],
            [
              72.4732782,
              23.0533119
            ],
            [
              72.4732996,
              23.0530157
            ],
            [
              72.4736966,
              23.0530157
            ],
            [
              72.4744584,
              23.0532329
            ],
            [
              72.4749519,
              23.0534994
            ],
            [
              72.4752308,
              23.0540128
            ],
            [
              72.4754883,
              23.0543879
            ],
            [
              72.4756063,
              23.0544373
            ],
            [
              72.475778,
              23.0544471
            ],
            [
              72.4760033,
              23.0545064
            ],
            [
              72.4761428,
              23.0547038
            ],
            [
              72.4761964,
              23.0550395
            ],
            [
              72.4763252,
              23.0552468
            ],
            [
              72.4761642,
              23.0554343
            ],
            [
              72.4759818,
              23.0553652
            ],
            [
              72.4760569,
              23.0552172
            ],
            [
              72.4759926,
              23.0550493
            ],
            [
              72.4759604,
              23.0546643
            ],
            [
              72.4758316,
              23.0546643
            ],
            [
              72.4757244,
              23.0548716
            ],
            [
              72.4758746,
              23.0549309
            ],
            [
              72.4758531,
              23.0551283
            ],
            [
              72.4757887,
              23.0553948
            ],
            [
              72.4759282,
              23.0555528
            ],
            [
              72.4759497,
              23.0556416
            ],
            [
              72.4758316,
              23.0557799
            ],
            [
              72.4759818,
              23.0558391
            ],
            [
              72.4762072,
              23.0557799
            ],
            [
              72.4763359,
              23.0558786
            ],
            [
              72.4763359,
              23.0559773
            ],
            [
              72.4763359,
              23.0561155
            ],
            [
              72.4762286,
              23.0561945
            ],
            [
              72.4760677,
              23.0561352
            ],
            [
              72.4759282,
              23.0561352
            ],
            [
              72.4757995,
              23.056234
            ],
            [
              72.475542,
              23.056234
            ],
            [
              72.4751128,
              23.0560859
            ],
            [
              72.4749519,
              23.0557996
            ],
            [
              72.4748231,
              23.0556416
            ],
            [
              72.4747266,
              23.0555034
            ],
            [
              72.4744798,
              23.0554343
            ],
            [
              72.4741579,
              23.0554343
            ],
            [
              72.473997,
              23.0552468
            ],
            [
              72.4734713,
              23.0550493
            ]
          ]
        ]
      },
      "id": "way/229021237"
    },
    {
      "type": "Feature",
      "properties": {
        "@id": "way/297225637",
        "landuse": "basin",
        "name": "Chandlodia Lake",
        "natural": "water",
        "water": "lake"
      },
      "geometry": {
        "type": "Polygon",
        "coordinates": [
          [
            [
              72.5513157,
              23.0844669
            ],
            [
              72.5512138,
              23.0841831
            ],
            [
              72.5512353,
              23.0839043
            ],
            [
              72.5514847,
              23.0834601
            ],
            [
              72.5517422,
              23.0832331
            ],
            [
              72.5520667,
              23.0830728
            ],
            [
              72.552107,
              23.0832208
            ],
            [
              72.5521982,
              23.0832356
            ],
            [
              72.5524905,
              23.0833343
            ],
            [
              72.5525817,
              23.0833911
            ],
            [
              72.5525576,
              23.0834601
            ],
            [
              72.552571,
              23.0834725
            ],
            [
              72.5530055,
              23.0838253
            ],
            [
              72.5530377,
              23.0839684
            ],
            [
              72.553027,
              23.0841412
            ],
            [
              72.5528795,
              23.0843114
            ],
            [
              72.551887,
              23.0845162
            ],
            [
              72.5517046,
              23.0845582
            ],
            [
              72.5514632,
              23.0845631
            ],
            [
              72.5513157,
              23.0844669
            ]
          ]
        ]
      },
      "id": "way/297225637"
    },
    {
      "type": "Feature",
      "properties": {
        "@id": "way/297316929",
        "name": "Auda Lake",
        "natural": "water",
        "water": "lake"
      },
      "geometry": {
        "type": "Polygon",
        "coordinates": [
          [
            [
              72.5631975,
              23.0882751
            ],
            [
              72.5630278,
              23.0882058
            ],
            [
              72.562877,
              23.0880439
            ],
            [
              72.5627701,
              23.0876738
            ],
            [
              72.5630467,
              23.0871072
            ],
            [
              72.5635809,
              23.0870667
            ],
            [
              72.5637066,
              23.0872055
            ],
            [
              72.5637569,
              23.087749
            ],
            [
              72.5637066,
              23.0881422
            ],
            [
              72.5634804,
              23.0882983
            ],
            [
              72.5631975,
              23.0882751
            ]
          ]
        ]
      },
      "id": "way/297316929"
    },
    {
      "type": "Feature",
      "properties": {
        "@id": "way/310366539",
        "natural": "water"
      },
      "geometry": {
        "type": "Polygon",
        "coordinates": [
          [
            [
              72.6359272,
              23.1946648
            ],
            [
              72.6359272,
              23.1945496
            ],
            [
              72.6361429,
              23.1945282
            ],
            [
              72.6361516,
              23.1946353
            ],
            [
              72.6359272,
              23.1946648
            ]
          ]
        ]
      },
      "id": "way/310366539"
    },
    {
      "type": "Feature",
      "properties": {
        "@id": "way/313584708",
        "name": "Naroda Lake",
        "natural": "water",
        "source": "bing",
        "water": "reservoir"
      },
      "geometry": {
        "type": "Polygon",
        "coordinates": [
          [
            [
              72.6578251,
              23.076992
            ],
            [
              72.6581169,
              23.077591
            ],
            [
              72.6575247,
              23.0776222
            ],
            [
              72.657052,
              23.0773705
            ],
            [
              72.6568207,
              23.0769358
            ],
            [
              72.6567492,
              23.0764731
            ],
            [
              72.6568996,
              23.0760267
            ],
            [
              72.6573145,
              23.0756741
            ],
            [
              72.6579817,
              23.0754936
            ],
            [
              72.6583969,
              23.0755919
            ],
            [
              72.6587448,
              23.0758223
            ],
            [
              72.6589768,
              23.0761507
            ],
            [
              72.6590826,
              23.0766984
            ],
            [
              72.6587799,
              23.0772583
            ],
            [
              72.6584487,
              23.0774746
            ],
            [
              72.6581722,
              23.0768974
            ],
            [
              72.6582618,
              23.0766844
            ],
            [
              72.6581542,
              23.0764099
            ],
            [
              72.657798,
              23.0763823
            ],
            [
              72.6575894,
              23.0765709
            ],
            [
              72.6576115,
              23.0768393
            ],
            [
              72.6578251,
              23.076992
            ]
          ]
        ]
      },
      "id": "way/313584708"
    },
    {
      "type": "Feature",
      "properties": {
        "@id": "way/314450134",
        "amenity": "bus_station",
        "bus": "yes",
        "name": "Gujarat State Road Transport Corporation | Bus Station | Gita Mandir",
        "operator": "Gujarat State Road Transport Corporation",
        "public_transport": "station",
        "website": "http://www.gsrtc.in/site/"
      },
      "geometry": {
        "type": "Polygon",
        "coordinates": [
          [
            [
              72.5914071,
              23.0139585
            ],
            [
              72.5914355,
              23.0138705
            ],
            [
              72.5917894,
              23.0134112
            ],
            [
              72.5919026,
              23.0131376
            ],
            [
              72.5920053,
              23.0131148
            ],
            [
              72.5923663,
              23.0131636
            ],
            [
              72.5925468,
              23.0132092
            ],
            [
              72.5927556,
              23.0132549
            ],
            [
              72.593067,
              23.0133363
            ],
            [
              72.593159,
              23.0134242
            ],
            [
              72.5933093,
              23.0135901
            ],
            [
              72.5933749,
              23.0136848
            ],
            [
              72.5934422,
              23.0138542
            ],
            [
              72.5934811,
              23.0140399
            ],
            [
              72.5934811,
              23.0142223
            ],
            [
              72.593513,
              23.0148054
            ],
            [
              72.5934068,
              23.0148706
            ],
            [
              72.5932086,
              23.0149194
            ],
            [
              72.5931024,
              23.0149553
            ],
            [
              72.5929184,
              23.0149911
            ],
            [
              72.5928087,
              23.0150335
            ],
            [
              72.5927025,
              23.0150758
            ],
            [
              72.5926459,
              23.0150921
            ],
            [
              72.5925857,
              23.0150009
            ],
            [
              72.5925538,
              23.0149292
            ],
            [
              72.5924547,
              23.0147794
            ],
            [
              72.5923663,
              23.0146686
            ],
            [
              72.5922495,
              23.0145741
            ],
            [
              72.5920761,
              23.0144373
            ],
            [
              72.5918956,
              23.0143298
            ],
            [
              72.5916513,
              23.0141409
            ],
            [
              72.5914071,
              23.0139585
            ]
          ]
        ]
      },
      "id": "way/314450134"
    },
    {
      "type": "Feature",
      "properties": {
        "@id": "way/316612687",
        "natural": "water"
      },
      "geometry": {
        "type": "Polygon",
        "coordinates": [
          [
            [
              72.6800953,
              23.0918184
            ],
            [
              72.6800151,
              23.0912679
            ],
            [
              72.6813056,
              23.0911088
            ],
            [
              72.6813858,
              23.0916593
            ],
            [
              72.6800953,
              23.0918184
            ]
          ]
        ]
      },
      "id": "way/316612687"
    },
    {
      "type": "Feature",
      "properties": {
        "@id": "way/316612689",
        "natural": "water"
      },
      "geometry": {
        "type": "Polygon",
        "coordinates": [
          [
            [
              72.6818201,
              23.0794363
            ],
            [
              72.6818455,
              23.0791575
            ],
            [
              72.6819936,
              23.0788681
            ],
            [
              72.6822202,
              23.0787745
            ],
            [
              72.6825626,
              23.0789936
            ],
            [
              72.6825695,
              23.0791511
            ],
            [
              72.6823451,
              23.0797278
            ],
            [
              72.6822318,
              23.079732
            ],
            [
              72.6818201,
              23.0794363
            ]
          ]
        ]
      },
      "id": "way/316612689"
    },
    {
      "type": "Feature",
      "properties": {
        "@id": "way/321978190",
        "name": "Ratna Lake",
        "natural": "water",
        "water": "lake"
      },
      "geometry": {
        "type": "Polygon",
        "coordinates": [
          [
            [
              72.4486171,
              23.0169751
            ],
            [
              72.4481653,
              23.0170738
            ],
            [
              72.4479429,
              23.0170988
            ],
            [
              72.4477723,
              23.0170805
            ],
            [
              72.4475571,
              23.0170418
            ],
            [
              72.4473503,
              23.0169867
            ],
            [
              72.4471537,
              23.0168953
            ],
            [
              72.4469201,
              23.0167601
            ],
            [
              72.4466516,
              23.0164776
            ],
            [
              72.4464115,
              23.0162566
            ],
            [
              72.4461131,
              23.0160892
            ],
            [
              72.4460884,
              23.0160548
            ],
            [
              72.446083,
              23.0160239
            ],
            [
              72.4460848,
              23.0159897
            ],
            [
              72.4461058,
              23.0159552
            ],
            [
              72.4461786,
              23.015931
            ],
            [
              72.4462848,
              23.0159245
            ],
            [
              72.4463573,
              23.0159636
            ],
            [
              72.4464122,
              23.015975
            ],
            [
              72.4464901,
              23.0159555
            ],
            [
              72.4468263,
              23.0158346
            ],
            [
              72.4472047,
              23.0157543
            ],
            [
              72.4473182,
              23.0157682
            ],
            [
              72.4474449,
              23.0158212
            ],
            [
              72.4476268,
              23.0161427
            ],
            [
              72.4476916,
              23.0161998
            ],
            [
              72.44775,
              23.0162258
            ],
            [
              72.4478314,
              23.0162144
            ],
            [
              72.4479033,
              23.0162164
            ],
            [
              72.4479871,
              23.0162666
            ],
            [
              72.4481039,
              23.0163399
            ],
            [
              72.4482493,
              23.016453
            ],
            [
              72.4483977,
              23.0165777
            ],
            [
              72.4485228,
              23.0167283
            ],
            [
              72.448633,
              23.0168822
            ],
            [
              72.4486401,
              23.0169441
            ],
            [
              72.4486171,
              23.0169751
            ]
          ]
        ]
      },
      "id": "way/321978190"
    },
    {
      "type": "Feature",
      "properties": {
        "@id": "way/323234510",
        "name": "Saijpur Lake",
        "natural": "water",
        "water": "reservoir"
      },
      "geometry": {
        "type": "Polygon",
        "coordinates": [
          [
            [
              72.6418972,
              23.0590863
            ],
            [
              72.6418141,
              23.0591694
            ],
            [
              72.6417563,
              23.0592293
            ],
            [
              72.6417237,
              23.0592825
            ],
            [
              72.6417707,
              23.0594256
            ],
            [
              72.642031,
              23.0602504
            ],
            [
              72.6419732,
              23.0602903
            ],
            [
              72.6419117,
              23.0603136
            ],
            [
              72.6418322,
              23.060287
            ],
            [
              72.6417996,
              23.0603302
            ],
            [
              72.6417129,
              23.0603502
            ],
            [
              72.6416008,
              23.0603136
            ],
            [
              72.6415358,
              23.0602438
            ],
            [
              72.6414165,
              23.0601939
            ],
            [
              72.6413695,
              23.0602338
            ],
            [
              72.6413839,
              23.0603236
            ],
            [
              72.6413478,
              23.0603901
            ],
            [
              72.6412827,
              23.0603702
            ],
            [
              72.6411779,
              23.0603302
            ],
            [
              72.6411128,
              23.0603436
            ],
            [
              72.6409429,
              23.0602637
            ],
            [
              72.6408887,
              23.0601573
            ],
            [
              72.6408706,
              23.0600642
            ],
            [
              72.6408634,
              23.0599877
            ],
            [
              72.6408887,
              23.0599245
            ],
            [
              72.640914,
              23.0598613
            ],
            [
              72.6409899,
              23.0597415
            ],
            [
              72.6410658,
              23.0595885
            ],
            [
              72.6411237,
              23.0594555
            ],
            [
              72.6412683,
              23.0593058
            ],
            [
              72.6413839,
              23.0591961
            ],
            [
              72.6416695,
              23.0589865
            ],
            [
              72.6417707,
              23.0589599
            ],
            [
              72.6418177,
              23.0589799
            ],
            [
              72.6418575,
              23.0589998
            ],
            [
              72.6418792,
              23.0590364
            ],
            [
              72.6418972,
              23.0590863
            ]
          ]
        ]
      },
      "id": "way/323234510"
    },
    {
      "type": "Feature",
      "properties": {
        "@id": "way/323895527",
        "amenity": "bus_station",
        "name": "Nava vadej bus stop"
      },
      "geometry": {
        "type": "Polygon",
        "coordinates": [
          [
            [
              72.5707345,
              23.0550775
            ],
            [
              72.5713577,
              23.0546836
            ],
            [
              72.5714643,
              23.0554581
            ],
            [
              72.5710037,
              23.0554847
            ],
            [
              72.5707345,
              23.0550775
            ]
          ]
        ]
      },
      "id": "way/323895527"
    },
    {
      "type": "Feature",
      "properties": {
        "@id": "way/326493488",
        "name": "Mumatpura Lake",
        "natural": "water",
        "water": "lake"
      },
      "geometry": {
        "type": "Polygon",
        "coordinates": [
          [
            [
              72.4887439,
              23.0160368
            ],
            [
              72.4887771,
              23.0160162
            ],
            [
              72.4888203,
              23.0159979
            ],
            [
              72.4888942,
              23.0159714
            ],
            [
              72.4889411,
              23.0159349
            ],
            [
              72.4889699,
              23.0159067
            ],
            [
              72.4890204,
              23.0158802
            ],
            [
              72.4890582,
              23.0158453
            ],
            [
              72.4890816,
              23.0158204
            ],
            [
              72.4891159,
              23.0157757
            ],
            [
              72.4891303,
              23.0157408
            ],
            [
              72.4891501,
              23.015706
            ],
            [
              72.4891663,
              23.0156761
            ],
            [
              72.4891862,
              23.0156247
            ],
            [
              72.4892096,
              23.0155683
            ],
            [
              72.4892258,
              23.0154937
            ],
            [
              72.4892456,
              23.0154406
            ],
            [
              72.4892655,
              23.0153992
            ],
            [
              72.4892582,
              23.0153262
            ],
            [
              72.4892492,
              23.0152764
            ],
            [
              72.4892276,
              23.0152366
            ],
            [
              72.4893083,
              23.0152276
            ],
            [
              72.4894282,
              23.0153917
            ],
            [
              72.4895149,
              23.0155102
            ],
            [
              72.489566,
              23.0156323
            ],
            [
              72.489612,
              23.0156592
            ],
            [
              72.4897103,
              23.0156541
            ],
            [
              72.4897959,
              23.0156716
            ],
            [
              72.4898308,
              23.0157546
            ],
            [
              72.4898259,
              23.0158188
            ],
            [
              72.4897935,
              23.0158685
            ],
            [
              72.4897466,
              23.0159017
            ],
            [
              72.4897178,
              23.0159465
            ],
            [
              72.4896727,
              23.0159929
            ],
            [
              72.4896439,
              23.0160344
            ],
            [
              72.4896277,
              23.016056
            ],
            [
              72.4896006,
              23.0160825
            ],
            [
              72.489561,
              23.0160908
            ],
            [
              72.4895502,
              23.016119
            ],
            [
              72.4895249,
              23.016124
            ],
            [
              72.4894997,
              23.0161041
            ],
            [
              72.4894673,
              23.0160974
            ],
            [
              72.4894421,
              23.0161289
            ],
            [
              72.4894096,
              23.016182
            ],
            [
              72.4893664,
              23.0162235
            ],
            [
              72.4893285,
              23.0162384
            ],
            [
              72.4892997,
              23.0162202
            ],
            [
              72.4892474,
              23.0162019
            ],
            [
              72.4892222,
              23.0162069
            ],
            [
              72.4891692,
              23.0161928
            ],
            [
              72.4891319,
              23.0162143
            ],
            [
              72.4890937,
              23.0162113
            ],
            [
              72.4890641,
              23.0162006
            ],
            [
              72.4890467,
              23.0162391
            ],
            [
              72.4890106,
              23.0162092
            ],
            [
              72.4889674,
              23.0161296
            ],
            [
              72.4889169,
              23.0160799
            ],
            [
              72.4888556,
              23.0160799
            ],
            [
              72.4888052,
              23.0160799
            ],
            [
              72.4887439,
              23.0160368
            ]
          ]
        ]
      },
      "id": "way/326493488"
    },
    {
      "type": "Feature",
      "properties": {
        "@id": "way/326732726",
        "natural": "water"
      },
      "geometry": {
        "type": "Polygon",
        "coordinates": [
          [
            [
              72.613015,
              22.9536823
            ],
            [
              72.6132073,
              22.9533932
            ],
            [
              72.6135051,
              22.9531938
            ],
            [
              72.6138632,
              22.9531146
            ],
            [
              72.613963,
              22.9531835
            ],
            [
              72.6139005,
              22.9534489
            ],
            [
              72.6142165,
              22.9535736
            ],
            [
              72.6143588,
              22.9533082
            ],
            [
              72.6145409,
              22.9533446
            ],
            [
              72.6147574,
              22.9536189
            ],
            [
              72.6148435,
              22.9539486
            ],
            [
              72.614786,
              22.9542835
            ],
            [
              72.6145936,
              22.9545726
            ],
            [
              72.6142958,
              22.954772
            ],
            [
              72.6139378,
              22.9548512
            ],
            [
              72.6135741,
              22.9547983
            ],
            [
              72.61326,
              22.9546212
            ],
            [
              72.6130435,
              22.9543469
            ],
            [
              72.6129575,
              22.9540172
            ],
            [
              72.613015,
              22.9536823
            ]
          ]
        ]
      },
      "id": "way/326732726"
    },
    {
      "type": "Feature",
      "properties": {
        "@id": "way/326971304",
        "natural": "water"
      },
      "geometry": {
        "type": "Polygon",
        "coordinates": [
          [
            [
              72.5886414,
              22.9924636
            ],
            [
              72.5892509,
              22.9922008
            ],
            [
              72.5903812,
              22.9914679
            ],
            [
              72.5914886,
              22.9910719
            ],
            [
              72.5927914,
              22.9909248
            ],
            [
              72.5928261,
              22.991137
            ],
            [
              72.5923131,
              22.9911838
            ],
            [
              72.5919537,
              22.9915834
            ],
            [
              72.5919659,
              22.9927413
            ],
            [
              72.5918481,
              22.9929838
            ],
            [
              72.5901299,
              22.9931249
            ],
            [
              72.5889456,
              22.9931309
            ],
            [
              72.5886414,
              22.9924636
            ]
          ]
        ]
      },
      "id": "way/326971304"
    },
    {
      "type": "Feature",
      "properties": {
        "@id": "way/328553143",
        "amenity": "bus_station",
        "bus": "yes",
        "name": "Helmet Cross Roads Bus Station",
        "public_transport": "station"
      },
      "geometry": {
        "type": "Polygon",
        "coordinates": [
          [
            [
              72.5427303,
              23.0448741
            ],
            [
              72.5424099,
              23.0449446
            ],
            [
              72.5423241,
              23.0449041
            ],
            [
              72.5422382,
              23.044854
            ],
            [
              72.5421859,
              23.0447943
            ],
            [
              72.5418174,
              23.0442267
            ],
            [
              72.542412,
              23.0438914
            ],
            [
              72.5427722,
              23.0443847
            ],
            [
              72.5425335,
              23.0445504
            ],
            [
              72.5427158,
              23.0448502
            ],
            [
              72.5427303,
              23.0448741
            ]
          ]
        ]
      },
      "id": "way/328553143"
    },
    {
      "type": "Feature",
      "properties": {
        "@id": "way/328733432",
        "amenity": "bus_station",
        "internet_access": "no",
        "name": "Vasna Bus Station"
      },
      "geometry": {
        "type": "Polygon",
        "coordinates": [
          [
            [
              72.5472985,
              23.0023332
            ],
            [
              72.5472741,
              23.0023024
            ],
            [
              72.5477249,
              23.0019076
            ],
            [
              72.5479953,
              23.0019748
            ],
            [
              72.5477978,
              23.0025487
            ],
            [
              72.5472985,
              23.0023332
            ]
          ]
        ]
      },
      "id": "way/328733432"
    },
    {
      "type": "Feature",
      "properties": {
        "@id": "way/328753119",
        "amenity": "bus_station",
        "bus": "yes",
        "name": "Lal Darwaja AMTS Bus Stop",
        "public_transport": "station"
      },
      "geometry": {
        "type": "Polygon",
        "coordinates": [
          [
            [
              72.5778594,
              23.0249613
            ],
            [
              72.5778905,
              23.0241565
            ],
            [
              72.5779771,
              23.0241592
            ],
            [
              72.578985,
              23.0241902
            ],
            [
              72.5789963,
              23.0249899
            ],
            [
              72.5778594,
              23.0249613
            ]
          ]
        ]
      },
      "id": "way/328753119"
    },
    {
      "type": "Feature",
      "properties": {
        "@id": "way/336346912",
        "natural": "water",
        "water": "lake"
      },
      "geometry": {
        "type": "Polygon",
        "coordinates": [
          [
            [
              72.511344,
              23.0093044
            ],
            [
              72.5114558,
              23.0089555
            ],
            [
              72.5115571,
              23.0087593
            ],
            [
              72.5116759,
              23.0086273
            ],
            [
              72.5118364,
              23.0085782
            ],
            [
              72.5119843,
              23.0086666
            ],
            [
              72.5122444,
              23.0089688
            ],
            [
              72.5123774,
              23.0094813
            ],
            [
              72.5123982,
              23.0097037
            ],
            [
              72.51236,
              23.0097617
            ],
            [
              72.5122724,
              23.0098051
            ],
            [
              72.5121649,
              23.0098098
            ],
            [
              72.5116526,
              23.009496
            ],
            [
              72.5116966,
              23.0094453
            ],
            [
              72.511344,
              23.0093044
            ]
          ]
        ]
      },
      "id": "way/336346912"
    },
    {
      "type": "Feature",
      "properties": {
        "@id": "way/340401815",
        "name": "Lotus Pond",
        "natural": "water",
        "short_name": "LP",
        "water": "lake"
      },
      "geometry": {
        "type": "Polygon",
        "coordinates": [
          [
            [
              72.6288326,
              23.1886125
            ],
            [
              72.6288238,
              23.1885926
            ],
            [
              72.6288226,
              23.188571
            ],
            [
              72.6288291,
              23.1885503
            ],
            [
              72.6288426,
              23.1885328
            ],
            [
              72.6288617,
              23.1885202
            ],
            [
              72.6288842,
              23.1885141
            ],
            [
              72.6289076,
              23.1885151
            ],
            [
              72.6289293,
              23.188523
            ],
            [
              72.6289468,
              23.1885368
            ],
            [
              72.6289585,
              23.1885551
            ],
            [
              72.6289632,
              23.1885758
            ],
            [
              72.6289604,
              23.1885969
            ],
            [
              72.6289503,
              23.1886159
            ],
            [
              72.6289341,
              23.188631
            ],
            [
              72.6289135,
              23.1886405
            ],
            [
              72.6288907,
              23.1886433
            ],
            [
              72.628868,
              23.1886393
            ],
            [
              72.628848,
              23.1886287
            ],
            [
              72.6288326,
              23.1886125
            ]
          ]
        ]
      },
      "id": "way/340401815"
    },
    {
      "type": "Feature",
      "properties": {
        "@id": "way/360829674",
        "natural": "water",
        "water": "lake"
      },
      "geometry": {
        "type": "Polygon",
        "coordinates": [
          [
            [
              72.463021,
              23.0668053
            ],
            [
              72.4631879,
              23.0668011
            ],
            [
              72.4632781,
              23.066797
            ],
            [
              72.4632781,
              23.0667472
            ],
            [
              72.4631653,
              23.0667347
            ],
            [
              72.4630345,
              23.066743
            ],
            [
              72.4629804,
              23.0667057
            ],
            [
              72.462854,
              23.0666725
            ],
            [
              72.4627864,
              23.0666559
            ],
            [
              72.4626555,
              23.0666434
            ],
            [
              72.4626059,
              23.0665562
            ],
            [
              72.462651,
              23.0665106
            ],
            [
              72.4627007,
              23.0665272
            ],
            [
              72.4627999,
              23.0665521
            ],
            [
              72.4628721,
              23.0665189
            ],
            [
              72.4629217,
              23.0664649
            ],
            [
              72.4630571,
              23.0664276
            ],
            [
              72.4631022,
              23.0664027
            ],
            [
              72.4631969,
              23.0664317
            ],
            [
              72.4633142,
              23.0664317
            ],
            [
              72.4633999,
              23.0664068
            ],
            [
              72.4635398,
              23.0663985
            ],
            [
              72.4637022,
              23.0663985
            ],
            [
              72.4639052,
              23.066411
            ],
            [
              72.4640767,
              23.0663736
            ],
            [
              72.4642256,
              23.0663777
            ],
            [
              72.4643519,
              23.0664193
            ],
            [
              72.4644872,
              23.0664691
            ],
            [
              72.4645594,
              23.0665023
            ],
            [
              72.4646226,
              23.0665479
            ],
            [
              72.4647038,
              23.066606
            ],
            [
              72.4647805,
              23.066606
            ],
            [
              72.4647985,
              23.0666642
            ],
            [
              72.4648797,
              23.0667555
            ],
            [
              72.46497,
              23.0667804
            ],
            [
              72.4651188,
              23.0668053
            ],
            [
              72.465173,
              23.0668551
            ],
            [
              72.4651549,
              23.0669049
            ],
            [
              72.4651955,
              23.0669464
            ],
            [
              72.4652316,
              23.0669921
            ],
            [
              72.4652226,
              23.0670751
            ],
            [
              72.4651775,
              23.0671207
            ],
            [
              72.4652091,
              23.0671955
            ],
            [
              72.465164,
              23.0672785
            ],
            [
              72.4651775,
              23.0673407
            ],
            [
              72.465173,
              23.0673947
            ],
            [
              72.465164,
              23.0674736
            ],
            [
              72.4650873,
              23.06754
            ],
            [
              72.464997,
              23.0675649
            ],
            [
              72.4648797,
              23.0675607
            ],
            [
              72.4647354,
              23.0675607
            ],
            [
              72.4646135,
              23.0675607
            ],
            [
              72.4645008,
              23.06754
            ],
            [
              72.4644015,
              23.0675275
            ],
            [
              72.4642977,
              23.0675068
            ],
            [
              72.4641624,
              23.0674985
            ],
            [
              72.464018,
              23.0674736
            ],
            [
              72.4638285,
              23.0674736
            ],
            [
              72.4637203,
              23.0674279
            ],
            [
              72.463612,
              23.0673947
            ],
            [
              72.4635353,
              23.067403
            ],
            [
              72.4634541,
              23.0673864
            ],
            [
              72.4633503,
              23.0673864
            ],
            [
              72.463215,
              23.0673864
            ],
            [
              72.4630661,
              23.0673781
            ],
            [
              72.4629849,
              23.067349
            ],
            [
              72.4629759,
              23.0672702
            ],
            [
              72.4629804,
              23.0671581
            ],
            [
              72.4629623,
              23.0670668
            ],
            [
              72.4629488,
              23.0669672
            ],
            [
              72.4629759,
              23.0668759
            ],
            [
              72.463021,
              23.0668053
            ]
          ]
        ]
      },
      "id": "way/360829674"
    },
    {
      "type": "Feature",
      "properties": {
        "@id": "way/360830122",
        "intermittent": "no",
        "name": "Rancharda Lake",
        "natural": "water",
        "water": "lake"
      },
      "geometry": {
        "type": "Polygon",
        "coordinates": [
          [
            [
              72.437444,
              23.0708848
            ],
            [
              72.4375121,
              23.0708438
            ],
            [
              72.4375903,
              23.0708049
            ],
            [
              72.4376489,
              23.0707779
            ],
            [
              72.4377335,
              23.0707959
            ],
            [
              72.4378084,
              23.0708228
            ],
            [
              72.4379158,
              23.0708288
            ],
            [
              72.4379712,
              23.0708228
            ],
            [
              72.4380428,
              23.0708198
            ],
            [
              72.4381567,
              23.0708079
            ],
            [
              72.4382349,
              23.0707899
            ],
            [
              72.4383228,
              23.0707749
            ],
            [
              72.4383749,
              23.0707569
            ],
            [
              72.4384465,
              23.070733
            ],
            [
              72.4385214,
              23.070715
            ],
            [
              72.4385897,
              23.070715
            ],
            [
              72.4387069,
              23.070715
            ],
            [
              72.438759,
              23.070736
            ],
            [
              72.4387688,
              23.0707899
            ],
            [
              72.4387916,
              23.0708228
            ],
            [
              72.4388437,
              23.0708468
            ],
            [
              72.4388176,
              23.0709157
            ],
            [
              72.4387753,
              23.0709696
            ],
            [
              72.4387004,
              23.0710325
            ],
            [
              72.4386483,
              23.0710744
            ],
            [
              72.4385865,
              23.0711313
            ],
            [
              72.438593,
              23.0712062
            ],
            [
              72.4385669,
              23.0712601
            ],
            [
              72.4385344,
              23.071317
            ],
            [
              72.438466,
              23.071362
            ],
            [
              72.4384595,
              23.0714249
            ],
            [
              72.4384013,
              23.0714763
            ],
            [
              72.4383829,
              23.0715525
            ],
            [
              72.4383645,
              23.0716118
            ],
            [
              72.4383645,
              23.0717304
            ],
            [
              72.4383506,
              23.0717982
            ],
            [
              72.4383967,
              23.0718999
            ],
            [
              72.4383645,
              23.0719676
            ],
            [
              72.4383645,
              23.0720312
            ],
            [
              72.4383829,
              23.0721074
            ],
            [
              72.4383553,
              23.0721794
            ],
            [
              72.4383599,
              23.0722472
            ],
            [
              72.4384151,
              23.0723319
            ],
            [
              72.4384151,
              23.0724039
            ],
            [
              72.4383783,
              23.0724505
            ],
            [
              72.4383322,
              23.0725056
            ],
            [
              72.4383184,
              23.0725606
            ],
            [
              72.4383645,
              23.0726115
            ],
            [
              72.4384151,
              23.0726665
            ],
            [
              72.4384427,
              23.072747
            ],
            [
              72.4384197,
              23.0728317
            ],
            [
              72.4384059,
              23.072891
            ],
            [
              72.4384105,
              23.072963
            ],
            [
              72.4384289,
              23.073035
            ],
            [
              72.4384704,
              23.0731325
            ],
            [
              72.4384796,
              23.0732087
            ],
            [
              72.4385072,
              23.0733061
            ],
            [
              72.4385624,
              23.0733739
            ],
            [
              72.4385808,
              23.0734459
            ],
            [
              72.4385947,
              23.0735179
            ],
            [
              72.4386361,
              23.0735899
            ],
            [
              72.4386683,
              23.0736746
            ],
            [
              72.4386691,
              23.0737492
            ],
            [
              72.4386593,
              23.0738211
            ],
            [
              72.4386593,
              23.0738989
            ],
            [
              72.4386496,
              23.0739768
            ],
            [
              72.4386203,
              23.0740547
            ],
            [
              72.4385747,
              23.0741146
            ],
            [
              72.4386007,
              23.0741505
            ],
            [
              72.438591,
              23.0742014
            ],
            [
              72.4385584,
              23.0742554
            ],
            [
              72.4385487,
              23.0743093
            ],
            [
              72.4385096,
              23.0743452
            ],
            [
              72.4385161,
              23.0744261
            ],
            [
              72.4385259,
              23.074465
            ],
            [
              72.4385096,
              23.074498
            ],
            [
              72.4384868,
              23.0745489
            ],
            [
              72.4384998,
              23.0746118
            ],
            [
              72.4385324,
              23.0746657
            ],
            [
              72.4385617,
              23.0747166
            ],
            [
              72.4385714,
              23.0747585
            ],
            [
              72.4386073,
              23.0748035
            ],
            [
              72.438604,
              23.0748334
            ],
            [
              72.4386333,
              23.0748723
            ],
            [
              72.43863,
              23.0749173
            ],
            [
              72.4386317,
              23.0749784
            ],
            [
              72.4386271,
              23.0750229
            ],
            [
              72.4386455,
              23.0750589
            ],
            [
              72.4386916,
              23.0750885
            ],
            [
              72.4387376,
              23.0751097
            ],
            [
              72.438786,
              23.0751478
            ],
            [
              72.4388228,
              23.0751732
            ],
            [
              72.4388826,
              23.0751859
            ],
            [
              72.438931,
              23.0751859
            ],
            [
              72.4389563,
              23.075205
            ],
            [
              72.439099,
              23.0752325
            ],
            [
              72.4391842,
              23.0752601
            ],
            [
              72.4391911,
              23.075294
            ],
            [
              72.4391846,
              23.0753171
            ],
            [
              72.4391785,
              23.0753455
            ],
            [
              72.439196,
              23.0754258
            ],
            [
              72.4392086,
              23.0754702
            ],
            [
              72.4391959,
              23.0755095
            ],
            [
              72.4391563,
              23.0755392
            ],
            [
              72.4390741,
              23.0755527
            ],
            [
              72.4390052,
              23.0755503
            ],
            [
              72.4388917,
              23.075542
            ],
            [
              72.4388209,
              23.0755191
            ],
            [
              72.4387699,
              23.0754979
            ],
            [
              72.4387077,
              23.0754507
            ],
            [
              72.4386939,
              23.0754147
            ],
            [
              72.4386409,
              23.0753871
            ],
            [
              72.4386064,
              23.0753405
            ],
            [
              72.4385558,
              23.075277
            ],
            [
              72.4385143,
              23.0752537
            ],
            [
              72.4384729,
              23.0751965
            ],
            [
              72.4384591,
              23.0751372
            ],
            [
              72.4384499,
              23.0750758
            ],
            [
              72.4384361,
              23.0750589
            ],
            [
              72.4383949,
              23.0750212
            ],
            [
              72.4383668,
              23.0749549
            ],
            [
              72.4383509,
              23.0749106
            ],
            [
              72.4383002,
              23.0748852
            ],
            [
              72.438297,
              23.0748433
            ],
            [
              72.4382841,
              23.0748073
            ],
            [
              72.4382588,
              23.0747603
            ],
            [
              72.4382335,
              23.0747412
            ],
            [
              72.4382105,
              23.0746967
            ],
            [
              72.4381759,
              23.074684
            ],
            [
              72.4381179,
              23.0746723
            ],
            [
              72.4380627,
              23.0746561
            ],
            [
              72.4380038,
              23.0746683
            ],
            [
              72.4379617,
              23.0746505
            ],
            [
              72.4379478,
              23.0746174
            ],
            [
              72.4379496,
              23.0745349
            ],
            [
              72.4379485,
              23.0744494
            ],
            [
              72.4379438,
              23.0743632
            ],
            [
              72.4379577,
              23.0742496
            ],
            [
              72.4378694,
              23.0740733
            ],
            [
              72.4377359,
              23.0739752
            ],
            [
              72.4375973,
              23.0737801
            ],
            [
              72.4374596,
              23.0736178
            ],
            [
              72.4373735,
              23.0734687
            ],
            [
              72.4372945,
              23.0733506
            ],
            [
              72.4372617,
              23.073221
            ],
            [
              72.4372031,
              23.0730952
            ],
            [
              72.4370599,
              23.0730293
            ],
            [
              72.4369427,
              23.0729335
            ],
            [
              72.4367799,
              23.0728436
            ],
            [
              72.4367152,
              23.0727702
            ],
            [
              72.43665,
              23.0727428
            ],
            [
              72.4366085,
              23.0726784
            ],
            [
              72.436566,
              23.0726463
            ],
            [
              72.4365108,
              23.0726084
            ],
            [
              72.4364576,
              23.0725812
            ],
            [
              72.4363897,
              23.072522
            ],
            [
              72.4362785,
              23.0724138
            ],
            [
              72.4362981,
              23.0723405
            ],
            [
              72.4364023,
              23.0722267
            ],
            [
              72.4365064,
              23.0721188
            ],
            [
              72.4365911,
              23.072017
            ],
            [
              72.4367018,
              23.0718792
            ],
            [
              72.4367799,
              23.0717714
            ],
            [
              72.4368776,
              23.0716396
            ],
            [
              72.4369687,
              23.0715258
            ],
            [
              72.4370664,
              23.071394
            ],
            [
              72.4371575,
              23.0712562
            ],
            [
              72.4372943,
              23.0711604
            ],
            [
              72.4373464,
              23.0710466
            ],
            [
              72.4373854,
              23.0709507
            ],
            [
              72.437444,
              23.0708848
            ]
          ]
        ]
      },
      "id": "way/360830122"
    },
    {
      "type": "Feature",
      "properties": {
        "@id": "way/366459075",
        "natural": "water"
      },
      "geometry": {
        "type": "Polygon",
        "coordinates": [
          [
            [
              72.495285,
              23.0354599
            ],
            [
              72.4952637,
              23.03529
            ],
            [
              72.4953777,
              23.035278
            ],
            [
              72.4953791,
              23.0352894
            ],
            [
              72.4954374,
              23.0352832
            ],
            [
              72.4954421,
              23.0353204
            ],
            [
              72.4953904,
              23.0353259
            ],
            [
              72.4953933,
              23.0353496
            ],
            [
              72.4953395,
              23.0353553
            ],
            [
              72.4953448,
              23.0353974
            ],
            [
              72.4953986,
              23.0353917
            ],
            [
              72.4954002,
              23.0354048
            ],
            [
              72.4954534,
              23.0353991
            ],
            [
              72.4954587,
              23.0354416
            ],
            [
              72.495285,
              23.0354599
            ]
          ]
        ]
      },
      "id": "way/366459075"
    },
    {
      "type": "Feature",
      "properties": {
        "@id": "way/366459076",
        "natural": "water"
      },
      "geometry": {
        "type": "Polygon",
        "coordinates": [
          [
            [
              72.4954427,
              23.0364741
            ],
            [
              72.4954353,
              23.0364248
            ],
            [
              72.495427,
              23.0364258
            ],
            [
              72.4954188,
              23.0363708
            ],
            [
              72.4954264,
              23.0363699
            ],
            [
              72.4954182,
              23.0363147
            ],
            [
              72.4954617,
              23.0363092
            ],
            [
              72.4954581,
              23.0362851
            ],
            [
              72.4955533,
              23.036273
            ],
            [
              72.4955496,
              23.0362482
            ],
            [
              72.4956106,
              23.0362405
            ],
            [
              72.4956257,
              23.0363413
            ],
            [
              72.4956534,
              23.0363378
            ],
            [
              72.4956695,
              23.0364453
            ],
            [
              72.4954427,
              23.0364741
            ]
          ]
        ]
      },
      "id": "way/366459076"
    },
    {
      "type": "Feature",
      "properties": {
        "@id": "way/366459081",
        "natural": "water"
      },
      "geometry": {
        "type": "Polygon",
        "coordinates": [
          [
            [
              72.4925395,
              23.0367602
            ],
            [
              72.4925264,
              23.0366602
            ],
            [
              72.4925679,
              23.0366556
            ],
            [
              72.4925629,
              23.0366174
            ],
            [
              72.4925214,
              23.036622
            ],
            [
              72.4925097,
              23.0365326
            ],
            [
              72.4927366,
              23.0365074
            ],
            [
              72.4927445,
              23.036568
            ],
            [
              72.4928504,
              23.0365563
            ],
            [
              72.492858,
              23.0366143
            ],
            [
              72.49276,
              23.0366251
            ],
            [
              72.4927743,
              23.0367342
            ],
            [
              72.4927039,
              23.036742
            ],
            [
              72.4927126,
              23.036809
            ],
            [
              72.4926401,
              23.0368171
            ],
            [
              72.4926313,
              23.0367501
            ],
            [
              72.4925395,
              23.0367602
            ]
          ]
        ]
      },
      "id": "way/366459081"
    },
    {
      "type": "Feature",
      "properties": {
        "@id": "way/366459082",
        "natural": "water"
      },
      "geometry": {
        "type": "Polygon",
        "coordinates": [
          [
            [
              72.4955268,
              23.0357435
            ],
            [
              72.495519,
              23.0356815
            ],
            [
              72.4955637,
              23.0356767
            ],
            [
              72.4955601,
              23.035648
            ],
            [
              72.4955155,
              23.0356527
            ],
            [
              72.4955083,
              23.0355956
            ],
            [
              72.4955202,
              23.0355944
            ],
            [
              72.4955195,
              23.0355886
            ],
            [
              72.4957131,
              23.0355681
            ],
            [
              72.4957116,
              23.0355562
            ],
            [
              72.4957683,
              23.0355502
            ],
            [
              72.4957743,
              23.0355983
            ],
            [
              72.4957156,
              23.0356045
            ],
            [
              72.4957173,
              23.0356181
            ],
            [
              72.495683,
              23.0356217
            ],
            [
              72.4956959,
              23.0357256
            ],
            [
              72.4955268,
              23.0357435
            ]
          ]
        ]
      },
      "id": "way/366459082"
    },
    {
      "type": "Feature",
      "properties": {
        "@id": "way/366459087",
        "natural": "water"
      },
      "geometry": {
        "type": "Polygon",
        "coordinates": [
          [
            [
              72.4943044,
              23.0356345
            ],
            [
              72.4942974,
              23.0355712
            ],
            [
              72.494286,
              23.0355723
            ],
            [
              72.494285,
              23.0355631
            ],
            [
              72.4942357,
              23.0355677
            ],
            [
              72.4942309,
              23.0355245
            ],
            [
              72.4942204,
              23.0355255
            ],
            [
              72.4942123,
              23.035452
            ],
            [
              72.494271,
              23.0354464
            ],
            [
              72.4942749,
              23.035481
            ],
            [
              72.4943035,
              23.0354783
            ],
            [
              72.4942987,
              23.0354345
            ],
            [
              72.4943348,
              23.0354311
            ],
            [
              72.4943404,
              23.0354813
            ],
            [
              72.4943535,
              23.0354801
            ],
            [
              72.4943465,
              23.0354172
            ],
            [
              72.4944025,
              23.0354119
            ],
            [
              72.4944039,
              23.0354246
            ],
            [
              72.4944485,
              23.0354205
            ],
            [
              72.4944705,
              23.0356189
            ],
            [
              72.4943044,
              23.0356345
            ]
          ]
        ]
      },
      "id": "way/366459087"
    },
    {
      "type": "Feature",
      "properties": {
        "@id": "way/366459107",
        "natural": "water"
      },
      "geometry": {
        "type": "Polygon",
        "coordinates": [
          [
            [
              72.4955607,
              23.0361859
            ],
            [
              72.4955443,
              23.036056
            ],
            [
              72.4956693,
              23.0360427
            ],
            [
              72.4956623,
              23.0359871
            ],
            [
              72.4956216,
              23.0359914
            ],
            [
              72.49562,
              23.0359793
            ],
            [
              72.4955636,
              23.0359853
            ],
            [
              72.4955586,
              23.0359463
            ],
            [
              72.4955435,
              23.0359479
            ],
            [
              72.4955339,
              23.0358718
            ],
            [
              72.4955492,
              23.0358701
            ],
            [
              72.4955437,
              23.0358266
            ],
            [
              72.4955969,
              23.0358209
            ],
            [
              72.4955946,
              23.0358026
            ],
            [
              72.4956457,
              23.0357971
            ],
            [
              72.495648,
              23.0358156
            ],
            [
              72.4956998,
              23.0358101
            ],
            [
              72.4957062,
              23.0358604
            ],
            [
              72.4957349,
              23.0358573
            ],
            [
              72.4957412,
              23.035907
            ],
            [
              72.4957135,
              23.0359099
            ],
            [
              72.4957295,
              23.0360364
            ],
            [
              72.495751,
              23.0360341
            ],
            [
              72.4957694,
              23.0361799
            ],
            [
              72.4956249,
              23.0361954
            ],
            [
              72.4956229,
              23.0361793
            ],
            [
              72.4955607,
              23.0361859
            ]
          ]
        ]
      },
      "id": "way/366459107"
    },
    {
      "type": "Feature",
      "properties": {
        "@id": "way/366459111",
        "natural": "water"
      },
      "geometry": {
        "type": "Polygon",
        "coordinates": [
          [
            [
              72.4970737,
              23.0356093
            ],
            [
              72.4970689,
              23.0355329
            ],
            [
              72.4970849,
              23.0355321
            ],
            [
              72.4970827,
              23.0354976
            ],
            [
              72.4971046,
              23.0354965
            ],
            [
              72.4970968,
              23.0353714
            ],
            [
              72.4970699,
              23.0353729
            ],
            [
              72.4970624,
              23.0352534
            ],
            [
              72.4972857,
              23.0352415
            ],
            [
              72.4972887,
              23.0352893
            ],
            [
              72.4974857,
              23.0352788
            ],
            [
              72.4974909,
              23.0353617
            ],
            [
              72.4973846,
              23.0353674
            ],
            [
              72.4973854,
              23.0353791
            ],
            [
              72.4974052,
              23.0353781
            ],
            [
              72.4974099,
              23.0354534
            ],
            [
              72.497387,
              23.0354546
            ],
            [
              72.4973879,
              23.0354697
            ],
            [
              72.4974108,
              23.0354685
            ],
            [
              72.4974163,
              23.0355555
            ],
            [
              72.4973809,
              23.0355574
            ],
            [
              72.4973837,
              23.035602
            ],
            [
              72.4973043,
              23.0356062
            ],
            [
              72.4973071,
              23.03565
            ],
            [
              72.4972663,
              23.0356521
            ],
            [
              72.4972683,
              23.0356844
            ],
            [
              72.4971639,
              23.03569
            ],
            [
              72.497162,
              23.0356606
            ],
            [
              72.497129,
              23.0356624
            ],
            [
              72.4971274,
              23.0356373
            ],
            [
              72.4970959,
              23.035639
            ],
            [
              72.4970939,
              23.0356082
            ],
            [
              72.4970737,
              23.0356093
            ]
          ]
        ]
      },
      "id": "way/366459111"
    },
    {
      "type": "Feature",
      "properties": {
        "@id": "way/366459126",
        "natural": "water"
      },
      "geometry": {
        "type": "Polygon",
        "coordinates": [
          [
            [
              72.4947668,
              23.0365256
            ],
            [
              72.4946687,
              23.0363741
            ],
            [
              72.4947297,
              23.0363407
            ],
            [
              72.4948278,
              23.0364921
            ],
            [
              72.4947668,
              23.0365256
            ]
          ]
        ]
      },
      "id": "way/366459126"
    },
    {
      "type": "Feature",
      "properties": {
        "@id": "way/366459134",
        "natural": "water"
      },
      "geometry": {
        "type": "Polygon",
        "coordinates": [
          [
            [
              72.4957623,
              23.0360895
            ],
            [
              72.4957576,
              23.0360302
            ],
            [
              72.4958129,
              23.0360265
            ],
            [
              72.4958176,
              23.0360858
            ],
            [
              72.4957623,
              23.0360895
            ]
          ]
        ]
      },
      "id": "way/366459134"
    },
    {
      "type": "Feature",
      "properties": {
        "@id": "way/366459138",
        "natural": "water"
      },
      "geometry": {
        "type": "Polygon",
        "coordinates": [
          [
            [
              72.4956417,
              23.0363294
            ],
            [
              72.4956337,
              23.0362427
            ],
            [
              72.4956831,
              23.0362389
            ],
            [
              72.4956911,
              23.0363255
            ],
            [
              72.4956417,
              23.0363294
            ]
          ]
        ]
      },
      "id": "way/366459138"
    },
    {
      "type": "Feature",
      "properties": {
        "@id": "way/366459142",
        "natural": "water"
      },
      "geometry": {
        "type": "Polygon",
        "coordinates": [
          [
            [
              72.4951982,
              23.0363467
            ],
            [
              72.4951865,
              23.0362533
            ],
            [
              72.4953047,
              23.0362408
            ],
            [
              72.4953164,
              23.0363342
            ],
            [
              72.4951982,
              23.0363467
            ]
          ]
        ]
      },
      "id": "way/366459142"
    },
    {
      "type": "Feature",
      "properties": {
        "@id": "way/366778319",
        "name": "Bopal Lake",
        "natural": "water",
        "water": "lake"
      },
      "geometry": {
        "type": "Polygon",
        "coordinates": [
          [
            [
              72.4574001,
              23.0376937
            ],
            [
              72.4574535,
              23.037624
            ],
            [
              72.4575281,
              23.0376023
            ],
            [
              72.457605,
              23.0376195
            ],
            [
              72.4576152,
              23.0375634
            ],
            [
              72.4581551,
              23.0376399
            ],
            [
              72.4583147,
              23.0377258
            ],
            [
              72.4585622,
              23.0379466
            ],
            [
              72.4586938,
              23.0379906
            ],
            [
              72.4588202,
              23.0380191
            ],
            [
              72.4589085,
              23.0380203
            ],
            [
              72.4589897,
              23.0380526
            ],
            [
              72.4592714,
              23.0382554
            ],
            [
              72.4593914,
              23.0384628
            ],
            [
              72.459396,
              23.0386752
            ],
            [
              72.459352,
              23.0389
            ],
            [
              72.4590932,
              23.0392318
            ],
            [
              72.4587799,
              23.0395534
            ],
            [
              72.4586617,
              23.0396006
            ],
            [
              72.4585578,
              23.0396232
            ],
            [
              72.4584524,
              23.0396075
            ],
            [
              72.4583616,
              23.0395559
            ],
            [
              72.4582991,
              23.0394763
            ],
            [
              72.4582746,
              23.0393807
            ],
            [
              72.4582607,
              23.039335
            ],
            [
              72.458426,
              23.0389704
            ],
            [
              72.4583498,
              23.038739
            ],
            [
              72.4582338,
              23.0386186
            ],
            [
              72.4580707,
              23.0385377
            ],
            [
              72.4579678,
              23.0385212
            ],
            [
              72.4577497,
              23.0385418
            ],
            [
              72.4576174,
              23.0385315
            ],
            [
              72.4576247,
              23.0385286
            ],
            [
              72.457558,
              23.0385217
            ],
            [
              72.4574364,
              23.0384599
            ],
            [
              72.4573498,
              23.0383599
            ],
            [
              72.4573113,
              23.0382371
            ],
            [
              72.4573268,
              23.03811
            ],
            [
              72.4573567,
              23.0378489
            ],
            [
              72.4574001,
              23.0376937
            ]
          ]
        ]
      },
      "id": "way/366778319"
    },
    {
      "type": "Feature",
      "properties": {
        "@id": "way/366778748",
        "natural": "water"
      },
      "geometry": {
        "type": "Polygon",
        "coordinates": [
          [
            [
              72.494636,
              23.0363284
            ],
            [
              72.4945708,
              23.036212
            ],
            [
              72.4947226,
              23.0361711
            ],
            [
              72.4946902,
              23.0360811
            ],
            [
              72.4945218,
              23.0361319
            ],
            [
              72.4944508,
              23.0360096
            ],
            [
              72.4949847,
              23.035935
            ],
            [
              72.4949907,
              23.0359786
            ],
            [
              72.4950347,
              23.0359741
            ],
            [
              72.4950771,
              23.0362782
            ],
            [
              72.494636,
              23.0363284
            ]
          ]
        ]
      },
      "id": "way/366778748"
    },
    {
      "type": "Feature",
      "properties": {
        "@id": "way/366778776",
        "natural": "water"
      },
      "geometry": {
        "type": "Polygon",
        "coordinates": [
          [
            [
              72.4952184,
              23.0364206
            ],
            [
              72.4952105,
              23.0363599
            ],
            [
              72.4953503,
              23.0363447
            ],
            [
              72.4953581,
              23.0364053
            ],
            [
              72.4952184,
              23.0364206
            ]
          ]
        ]
      },
      "id": "way/366778776"
    },
    {
      "type": "Feature",
      "properties": {
        "@id": "way/366778823",
        "natural": "water"
      },
      "geometry": {
        "type": "Polygon",
        "coordinates": [
          [
            [
              72.4951074,
              23.036406
            ],
            [
              72.4951032,
              23.0363594
            ],
            [
              72.4951558,
              23.0363554
            ],
            [
              72.49516,
              23.036402
            ],
            [
              72.4951074,
              23.036406
            ]
          ]
        ]
      },
      "id": "way/366778823"
    },
    {
      "type": "Feature",
      "properties": {
        "@id": "way/369050341",
        "natural": "water",
        "water": "lake"
      },
      "geometry": {
        "type": "Polygon",
        "coordinates": [
          [
            [
              72.537329,
              23.0515758
            ],
            [
              72.5373303,
              23.0516256
            ],
            [
              72.5373111,
              23.0516779
            ],
            [
              72.5372589,
              23.0517374
            ],
            [
              72.5372179,
              23.0517641
            ],
            [
              72.5371549,
              23.0517819
            ],
            [
              72.5370748,
              23.0518018
            ],
            [
              72.5369769,
              23.0518117
            ],
            [
              72.5369287,
              23.0518142
            ],
            [
              72.536879,
              23.0518077
            ],
            [
              72.5368417,
              23.0517932
            ],
            [
              72.5368094,
              23.0517772
            ],
            [
              72.5367903,
              23.0517591
            ],
            [
              72.5367648,
              23.0517434
            ],
            [
              72.5367453,
              23.051719
            ],
            [
              72.5367337,
              23.0516959
            ],
            [
              72.5367178,
              23.0516674
            ],
            [
              72.5367171,
              23.0516366
            ],
            [
              72.5367191,
              23.0516022
            ],
            [
              72.536729,
              23.0515674
            ],
            [
              72.5367539,
              23.0515197
            ],
            [
              72.536798,
              23.0514864
            ],
            [
              72.5368449,
              23.0514624
            ],
            [
              72.5368998,
              23.0514463
            ],
            [
              72.5369465,
              23.0514336
            ],
            [
              72.5369907,
              23.0514239
            ],
            [
              72.5370348,
              23.0514163
            ],
            [
              72.5370761,
              23.0514114
            ],
            [
              72.5371305,
              23.051411
            ],
            [
              72.5371809,
              23.0514225
            ],
            [
              72.5372403,
              23.0514422
            ],
            [
              72.5372953,
              23.0514763
            ],
            [
              72.5373182,
              23.0515234
            ],
            [
              72.537329,
              23.0515758
            ]
          ]
        ]
      },
      "id": "way/369050341"
    },
    {
      "type": "Feature",
      "properties": {
        "@id": "way/369677549",
        "natural": "water",
        "water": "pond"
      },
      "geometry": {
        "type": "Polygon",
        "coordinates": [
          [
            [
              72.624571,
              23.1259692
            ],
            [
              72.6245246,
              23.1258171
            ],
            [
              72.6243043,
              23.1258846
            ],
            [
              72.6242242,
              23.1258416
            ],
            [
              72.6244133,
              23.125596
            ],
            [
              72.6243781,
              23.1244835
            ],
            [
              72.6252616,
              23.1244719
            ],
            [
              72.625382,
              23.1255114
            ],
            [
              72.6252346,
              23.1256308
            ],
            [
              72.6250009,
              23.1259951
            ],
            [
              72.624571,
              23.1259692
            ]
          ]
        ]
      },
      "id": "way/369677549"
    },
    {
      "type": "Feature",
      "properties": {
        "@id": "way/378365064",
        "name": "Ghuma Lake",
        "natural": "water",
        "water": "lake"
      },
      "geometry": {
        "type": "Polygon",
        "coordinates": [
          [
            [
              72.4480865,
              23.0325125
            ],
            [
              72.4480745,
              23.0322774
            ],
            [
              72.4481491,
              23.0320628
            ],
            [
              72.4482779,
              23.0318797
            ],
            [
              72.4483832,
              23.0317139
            ],
            [
              72.448589,
              23.0315915
            ],
            [
              72.4488543,
              23.0314756
            ],
            [
              72.4491528,
              23.0313352
            ],
            [
              72.4493916,
              23.0313962
            ],
            [
              72.449491,
              23.0315366
            ],
            [
              72.4495749,
              23.031876
            ],
            [
              72.4495571,
              23.0321669
            ],
            [
              72.4494789,
              23.0323574
            ],
            [
              72.449374,
              23.0324384
            ],
            [
              72.4492573,
              23.0324343
            ],
            [
              72.4491586,
              23.0323786
            ],
            [
              72.4490948,
              23.0322112
            ],
            [
              72.4489777,
              23.0320834
            ],
            [
              72.4488316,
              23.03207
            ],
            [
              72.4487033,
              23.0320952
            ],
            [
              72.4485965,
              23.0322031
            ],
            [
              72.448585,
              23.0322908
            ],
            [
              72.4486129,
              23.0323746
            ],
            [
              72.4486728,
              23.0324307
            ],
            [
              72.4487859,
              23.0324881
            ],
            [
              72.4488741,
              23.0325045
            ],
            [
              72.4489525,
              23.0325566
            ],
            [
              72.4490603,
              23.0325385
            ],
            [
              72.4491973,
              23.0325658
            ],
            [
              72.4492897,
              23.0326448
            ],
            [
              72.4493023,
              23.0327333
            ],
            [
              72.4492887,
              23.0330417
            ],
            [
              72.4492643,
              23.0332871
            ],
            [
              72.4492399,
              23.0335273
            ],
            [
              72.4492149,
              23.0337272
            ],
            [
              72.4491646,
              23.033812
            ],
            [
              72.4490769,
              23.0338545
            ],
            [
              72.4489538,
              23.0338073
            ],
            [
              72.4486288,
              23.0333861
            ],
            [
              72.4482779,
              23.0329373
            ],
            [
              72.4480865,
              23.0325125
            ]
          ]
        ]
      },
      "id": "way/378365064"
    },
    {
      "type": "Feature",
      "properties": {
        "@id": "way/378473414",
        "amenity": "bus_station",
        "building": "yes",
        "bus": "yes",
        "layer": "1",
        "name": "Parasnagar BRTS stand",
        "public_transport": "station"
      },
      "geometry": {
        "type": "Polygon",
        "coordinates": [
          [
            [
              72.5430445,
              23.0556105
            ],
            [
              72.5433356,
              23.0554588
            ],
            [
              72.5434174,
              23.0554822
            ],
            [
              72.5431317,
              23.0556303
            ],
            [
              72.5430445,
              23.0556105
            ]
          ]
        ]
      },
      "id": "way/378473414"
    },
    {
      "type": "Feature",
      "properties": {
        "@id": "way/378473566",
        "amenity": "bus_station",
        "building": "yes",
        "bus": "yes",
        "name": "Sola cross road BRTS stand",
        "public_transport": "station"
      },
      "geometry": {
        "type": "Polygon",
        "coordinates": [
          [
            [
              72.5467949,
              23.0528519
            ],
            [
              72.5467534,
              23.052594
            ],
            [
              72.546811,
              23.0525854
            ],
            [
              72.5468527,
              23.0528992
            ],
            [
              72.5467949,
              23.0528519
            ]
          ]
        ]
      },
      "id": "way/378473566"
    },
    {
      "type": "Feature",
      "properties": {
        "@id": "way/413809871",
        "fishing": "no",
        "natural": "water",
        "salt": "no",
        "tidal": "no",
        "water": "pond"
      },
      "geometry": {
        "type": "Polygon",
        "coordinates": [
          [
            [
              72.5563184,
              23.0200949
            ],
            [
              72.5562968,
              23.0201272
            ],
            [
              72.5562498,
              23.0201821
            ],
            [
              72.5561766,
              23.0202282
            ],
            [
              72.5561189,
              23.0202667
            ],
            [
              72.5560744,
              23.0202971
            ],
            [
              72.5560681,
              23.0203282
            ],
            [
              72.5560455,
              23.02042
            ],
            [
              72.5560602,
              23.0204731
            ],
            [
              72.5560603,
              23.0205268
            ],
            [
              72.5560466,
              23.0205873
            ],
            [
              72.5559869,
              23.0206286
            ],
            [
              72.5559825,
              23.0206287
            ],
            [
              72.5559815,
              23.0206702
            ],
            [
              72.5559935,
              23.0207043
            ],
            [
              72.5560291,
              23.0207413
            ],
            [
              72.5560625,
              23.0207745
            ],
            [
              72.5560652,
              23.0208129
            ],
            [
              72.5560605,
              23.0208456
            ],
            [
              72.5560528,
              23.0208811
            ],
            [
              72.5560466,
              23.0209062
            ],
            [
              72.5560288,
              23.0209341
            ],
            [
              72.5560234,
              23.0209669
            ],
            [
              72.5560162,
              23.0209966
            ],
            [
              72.5559916,
              23.0210093
            ],
            [
              72.5559614,
              23.0210168
            ],
            [
              72.55597,
              23.0209871
            ],
            [
              72.5559413,
              23.0209582
            ],
            [
              72.5559303,
              23.020921
            ],
            [
              72.5559095,
              23.0209116
            ],
            [
              72.5558816,
              23.0209006
            ],
            [
              72.5558472,
              23.0208976
            ],
            [
              72.5557991,
              23.0208842
            ],
            [
              72.5557703,
              23.0208658
            ],
            [
              72.5557463,
              23.0208363
            ],
            [
              72.5557391,
              23.0208031
            ],
            [
              72.5557551,
              23.0207464
            ],
            [
              72.5557719,
              23.0207043
            ],
            [
              72.5558512,
              23.0206048
            ],
            [
              72.5559036,
              23.0205841
            ],
            [
              72.5559077,
              23.0204891
            ],
            [
              72.5558888,
              23.0204034
            ],
            [
              72.5558222,
              23.0204193
            ],
            [
              72.5557433,
              23.020375
            ],
            [
              72.5557006,
              23.0203304
            ],
            [
              72.5557087,
              23.0202738
            ],
            [
              72.5557722,
              23.0202044
            ],
            [
              72.55582,
              23.020195
            ],
            [
              72.5558382,
              23.020176
            ],
            [
              72.5558594,
              23.020176
            ],
            [
              72.5558841,
              23.0201517
            ],
            [
              72.5558806,
              23.0201322
            ],
            [
              72.5558964,
              23.0201013
            ],
            [
              72.5559344,
              23.0200886
            ],
            [
              72.5559333,
              23.0200674
            ],
            [
              72.5559032,
              23.0200408
            ],
            [
              72.5559498,
              23.0200163
            ],
            [
              72.5559938,
              23.0200123
            ],
            [
              72.5560328,
              23.0199995
            ],
            [
              72.5560799,
              23.020005
            ],
            [
              72.5561896,
              23.0199816
            ],
            [
              72.5562597,
              23.0199841
            ],
            [
              72.556358,
              23.01998
            ],
            [
              72.5564368,
              23.0199718
            ],
            [
              72.5565114,
              23.019952
            ],
            [
              72.5565889,
              23.0199446
            ],
            [
              72.5566753,
              23.0199566
            ],
            [
              72.556767,
              23.019987
            ],
            [
              72.5568749,
              23.0200515
            ],
            [
              72.5569377,
              23.0201307
            ],
            [
              72.5569471,
              23.0202127
            ],
            [
              72.5569403,
              23.0202685
            ],
            [
              72.5568983,
              23.0202857
            ],
            [
              72.5567843,
              23.020275
            ],
            [
              72.5566644,
              23.0202527
            ],
            [
              72.5566008,
              23.0202176
            ],
            [
              72.5565563,
              23.0201662
            ],
            [
              72.5565092,
              23.0201449
            ],
            [
              72.5564481,
              23.0201119
            ],
            [
              72.556389,
              23.020091
            ],
            [
              72.5563184,
              23.0200949
            ]
          ]
        ]
      },
      "id": "way/413809871"
    },
    {
      "type": "Feature",
      "properties": {
        "@id": "way/420550103",
        "name": "Suryajyot Lake",
        "natural": "water",
        "water": "lake"
      },
      "geometry": {
        "type": "Polygon",
        "coordinates": [
          [
            [
              72.6483261,
              23.1998989
            ],
            [
              72.6482884,
              23.1997919
            ],
            [
              72.6482978,
              23.1997051
            ],
            [
              72.6483481,
              23.1996068
            ],
            [
              72.6484558,
              23.1995379
            ],
            [
              72.648567,
              23.1994974
            ],
            [
              72.6486733,
              23.1994524
            ],
            [
              72.6488198,
              23.1994183
            ],
            [
              72.6488755,
              23.1993721
            ],
            [
              72.6489553,
              23.1993078
            ],
            [
              72.6490419,
              23.1992409
            ],
            [
              72.6491372,
              23.1992061
            ],
            [
              72.6492397,
              23.1991991
            ],
            [
              72.6493495,
              23.1992535
            ],
            [
              72.6494451,
              23.1993361
            ],
            [
              72.6495345,
              23.1994296
            ],
            [
              72.649635,
              23.1994786
            ],
            [
              72.6497247,
              23.1994717
            ],
            [
              72.6498737,
              23.1994216
            ],
            [
              72.6500177,
              23.1993799
            ],
            [
              72.6501857,
              23.1993928
            ],
            [
              72.6503681,
              23.1994766
            ],
            [
              72.6504657,
              23.199601
            ],
            [
              72.6504988,
              23.1996636
            ],
            [
              72.650524,
              23.1997896
            ],
            [
              72.650497,
              23.1999237
            ],
            [
              72.6504511,
              23.1999969
            ],
            [
              72.6503696,
              23.20006
            ],
            [
              72.6501918,
              23.200153
            ],
            [
              72.6499402,
              23.2002633
            ],
            [
              72.6498069,
              23.2003438
            ],
            [
              72.6496477,
              23.2004257
            ],
            [
              72.6495179,
              23.2004756
            ],
            [
              72.6493891,
              23.2005355
            ],
            [
              72.6492294,
              23.2005955
            ],
            [
              72.649055,
              23.2006036
            ],
            [
              72.6489411,
              23.2005555
            ],
            [
              72.6488484,
              23.2003876
            ],
            [
              72.6487509,
              23.2002604
            ],
            [
              72.6486691,
              23.2001707
            ],
            [
              72.6485967,
              23.2001071
            ],
            [
              72.6484992,
              23.2000406
            ],
            [
              72.6484079,
              23.1999827
            ],
            [
              72.6483261,
              23.1998989
            ]
          ]
        ]
      },
      "id": "way/420550103"
    },
    {
      "type": "Feature",
      "properties": {
        "@id": "way/424053785",
        "name": "Chenpur Lake",
        "natural": "water"
      },
      "geometry": {
        "type": "Polygon",
        "coordinates": [
          [
            [
              72.5589441,
              23.1033784
            ],
            [
              72.5589119,
              23.1032896
            ],
            [
              72.5589621,
              23.1028556
            ],
            [
              72.5590337,
              23.1027649
            ],
            [
              72.5591933,
              23.1027286
            ],
            [
              72.5594618,
              23.1026456
            ],
            [
              72.5596216,
              23.1026622
            ],
            [
              72.5598855,
              23.102586
            ],
            [
              72.5600357,
              23.1027271
            ],
            [
              72.5601752,
              23.1028751
            ],
            [
              72.5602315,
              23.1029171
            ],
            [
              72.5602449,
              23.1030749
            ],
            [
              72.5602101,
              23.1033532
            ],
            [
              72.5602315,
              23.1035333
            ],
            [
              72.5602891,
              23.1036569
            ],
            [
              72.5602917,
              23.1037251
            ],
            [
              72.5602362,
              23.1037871
            ],
            [
              72.560078,
              23.10387
            ],
            [
              72.559902,
              23.1039948
            ],
            [
              72.5598319,
              23.1040963
            ],
            [
              72.5596933,
              23.1040631
            ],
            [
              72.5595987,
              23.1040045
            ],
            [
              72.5595721,
              23.103947
            ],
            [
              72.5595273,
              23.1039157
            ],
            [
              72.559493,
              23.1039072
            ],
            [
              72.5594393,
              23.1038831
            ],
            [
              72.5593976,
              23.1038769
            ],
            [
              72.5593614,
              23.1038511
            ],
            [
              72.5592445,
              23.1037707
            ],
            [
              72.5591855,
              23.1037312
            ],
            [
              72.5591747,
              23.1035856
            ],
            [
              72.559126,
              23.1034991
            ],
            [
              72.5590759,
              23.1034395
            ],
            [
              72.5589441,
              23.1033784
            ]
          ]
        ]
      },
      "id": "way/424053785"
    },
    {
      "type": "Feature",
      "properties": {
        "@id": "way/424713830",
        "natural": "water"
      },
      "geometry": {
        "type": "Polygon",
        "coordinates": [
          [
            [
              72.6485322,
              22.9878098
            ],
            [
              72.6483927,
              22.9877703
            ],
            [
              72.6483447,
              22.9876407
            ],
            [
              72.6483337,
              22.9874345
            ],
            [
              72.6483873,
              22.9872469
            ],
            [
              72.6484463,
              22.9871234
            ],
            [
              72.648559,
              22.9871234
            ],
            [
              72.6486555,
              22.9871975
            ],
            [
              72.6487146,
              22.9874395
            ],
            [
              72.6486931,
              22.9876469
            ],
            [
              72.6486287,
              22.9877703
            ],
            [
              72.6485322,
              22.9878098
            ]
          ]
        ]
      },
      "id": "way/424713830"
    },
    {
      "type": "Feature",
      "properties": {
        "@id": "way/424727309",
        "natural": "water"
      },
      "geometry": {
        "type": "Polygon",
        "coordinates": [
          [
            [
              72.6208946,
              22.9664063
            ],
            [
              72.6207793,
              22.9663075
            ],
            [
              72.6206854,
              22.9662383
            ],
            [
              72.6205996,
              22.9660111
            ],
            [
              72.620562,
              22.9658037
            ],
            [
              72.6203992,
              22.9656665
            ],
            [
              72.6205111,
              22.9653024
            ],
            [
              72.6209912,
              22.9652678
            ],
            [
              72.6213023,
              22.9651962
            ],
            [
              72.6215732,
              22.9652381
            ],
            [
              72.6217315,
              22.9652826
            ],
            [
              72.6217288,
              22.9654629
            ],
            [
              72.6216537,
              22.9656506
            ],
            [
              72.6215142,
              22.9658827
            ],
            [
              72.621364,
              22.9661865
            ],
            [
              72.621254,
              22.9662853
            ],
            [
              72.6210207,
              22.9663766
            ],
            [
              72.6208946,
              22.9664063
            ]
          ]
        ]
      },
      "id": "way/424727309"
    },
    {
      "type": "Feature",
      "properties": {
        "@id": "way/451501638",
        "amenity": "bus_station",
        "building": "commercial",
        "building:colour": "lightgrey",
        "building:levels": "11",
        "building:material": "plaster",
        "name": "Ranip GSRTC",
        "roof:colour": "lightgrey",
        "roof:material": "tar_paper",
        "roof:shape": "flat"
      },
      "geometry": {
        "type": "Polygon",
        "coordinates": [
          [
            [
              72.5751406,
              23.0680167
            ],
            [
              72.5761685,
              23.068016
            ],
            [
              72.5764392,
              23.0686493
            ],
            [
              72.5762282,
              23.0687399
            ],
            [
              72.5762092,
              23.0685867
            ],
            [
              72.5752003,
              23.0687527
            ],
            [
              72.5751543,
              23.0683951
            ],
            [
              72.5751406,
              23.0680167
            ]
          ]
        ]
      },
      "id": "way/451501638"
    },
    {
      "type": "Feature",
      "properties": {
        "@id": "way/451825414",
        "natural": "water"
      },
      "geometry": {
        "type": "Polygon",
        "coordinates": [
          [
            [
              72.5410752,
              23.0845978
            ],
            [
              72.5412639,
              23.0846225
            ],
            [
              72.5413366,
              23.0847177
            ],
            [
              72.5413315,
              23.0848729
            ],
            [
              72.5413638,
              23.0850132
            ],
            [
              72.5413337,
              23.0851871
            ],
            [
              72.5411215,
              23.0852634
            ],
            [
              72.5409463,
              23.0852119
            ],
            [
              72.5409134,
              23.0850874
            ],
            [
              72.5409272,
              23.0849535
            ],
            [
              72.541028,
              23.0846743
            ],
            [
              72.5410752,
              23.0845978
            ]
          ]
        ]
      },
      "id": "way/451825414"
    },
    {
      "type": "Feature",
      "properties": {
        "@id": "way/451826306",
        "natural": "water"
      },
      "geometry": {
        "type": "Polygon",
        "coordinates": [
          [
            [
              72.5372514,
              23.0864626
            ],
            [
              72.5372341,
              23.0858719
            ],
            [
              72.5373169,
              23.0855162
            ],
            [
              72.5373927,
              23.0853239
            ],
            [
              72.5374882,
              23.0852921
            ],
            [
              72.5376798,
              23.0852875
            ],
            [
              72.5378401,
              23.0853668
            ],
            [
              72.537951,
              23.0855596
            ],
            [
              72.5377536,
              23.0864947
            ],
            [
              72.5372514,
              23.0864626
            ]
          ]
        ]
      },
      "id": "way/451826306"
    },
    {
      "type": "Feature",
      "properties": {
        "@id": "way/454798783",
        "natural": "water",
        "water": "lake"
      },
      "geometry": {
        "type": "Polygon",
        "coordinates": [
          [
            [
              72.5372201,
              23.1674255
            ],
            [
              72.5373432,
              23.1672577
            ],
            [
              72.5359275,
              23.1663801
            ],
            [
              72.5359723,
              23.166319
            ],
            [
              72.5356194,
              23.1661001
            ],
            [
              72.535878,
              23.1657477
            ],
            [
              72.5361931,
              23.1659432
            ],
            [
              72.5361027,
              23.1660664
            ],
            [
              72.5371618,
              23.1667238
            ],
            [
              72.537201,
              23.1666704
            ],
            [
              72.5373809,
              23.1667823
            ],
            [
              72.5381304,
              23.165763
            ],
            [
              72.5380544,
              23.1657157
            ],
            [
              72.538162,
              23.1655695
            ],
            [
              72.5370848,
              23.1648994
            ],
            [
              72.5370331,
              23.1649696
            ],
            [
              72.5368616,
              23.1648628
            ],
            [
              72.5367177,
              23.1650581
            ],
            [
              72.5364604,
              23.1648979
            ],
            [
              72.5366667,
              23.1646178
            ],
            [
              72.5369147,
              23.1647722
            ],
            [
              72.5370493,
              23.1645896
            ],
            [
              72.5375198,
              23.1648826
            ],
            [
              72.5376449,
              23.1647128
            ],
            [
              72.5385259,
              23.1652617
            ],
            [
              72.5387272,
              23.1649886
            ],
            [
              72.5390508,
              23.1651902
            ],
            [
              72.5388516,
              23.1654605
            ],
            [
              72.5388096,
              23.1654343
            ],
            [
              72.5386927,
              23.165593
            ],
            [
              72.53868,
              23.165585
            ],
            [
              72.5386257,
              23.1656587
            ],
            [
              72.5386382,
              23.1656664
            ],
            [
              72.5383225,
              23.1660948
            ],
            [
              72.5383095,
              23.1660866
            ],
            [
              72.5382517,
              23.1661651
            ],
            [
              72.5382654,
              23.1661736
            ],
            [
              72.5379567,
              23.1665933
            ],
            [
              72.5379442,
              23.1665856
            ],
            [
              72.5378848,
              23.1666665
            ],
            [
              72.5378978,
              23.1666746
            ],
            [
              72.5376944,
              23.1669519
            ],
            [
              72.5377382,
              23.166979
            ],
            [
              72.5373511,
              23.1675068
            ],
            [
              72.5372201,
              23.1674255
            ]
          ]
        ]
      },
      "id": "way/454798783"
    },
    {
      "type": "Feature",
      "properties": {
        "@id": "way/454862685",
        "golf": "water_hazard",
        "natural": "water"
      },
      "geometry": {
        "type": "Polygon",
        "coordinates": [
          [
            [
              72.5363914,
              23.1712501
            ],
            [
              72.5364143,
              23.1712702
            ],
            [
              72.5364034,
              23.1713103
            ],
            [
              72.5363456,
              23.1714307
            ],
            [
              72.5362823,
              23.1714929
            ],
            [
              72.5361928,
              23.1715441
            ],
            [
              72.5360891,
              23.1715621
            ],
            [
              72.5359855,
              23.1715581
            ],
            [
              72.5359047,
              23.171519
            ],
            [
              72.5358491,
              23.1714638
            ],
            [
              72.5358163,
              23.1714418
            ],
            [
              72.5357923,
              23.1714468
            ],
            [
              72.5357557,
              23.1714085
            ],
            [
              72.5357749,
              23.1713948
            ],
            [
              72.5357774,
              23.1713795
            ],
            [
              72.5357657,
              23.171352
            ],
            [
              72.5357308,
              23.1712725
            ],
            [
              72.5357092,
              23.1712533
            ],
            [
              72.5356801,
              23.1712381
            ],
            [
              72.5356144,
              23.1712197
            ],
            [
              72.5355445,
              23.1711723
            ],
            [
              72.5355096,
              23.171131
            ],
            [
              72.5354979,
              23.1710722
            ],
            [
              72.5355104,
              23.1709965
            ],
            [
              72.5355428,
              23.1709292
            ],
            [
              72.5356135,
              23.1708528
            ],
            [
              72.5356834,
              23.1708153
            ],
            [
              72.5357923,
              23.1707839
            ],
            [
              72.5359428,
              23.1707442
            ],
            [
              72.5360168,
              23.1708894
            ],
            [
              72.5359861,
              23.1709032
            ],
            [
              72.5359487,
              23.17093
            ],
            [
              72.5359146,
              23.1709605
            ],
            [
              72.5358821,
              23.1709972
            ],
            [
              72.5358547,
              23.1710446
            ],
            [
              72.5358331,
              23.171115
            ],
            [
              72.5358356,
              23.1711746
            ],
            [
              72.5358583,
              23.1712525
            ],
            [
              72.5358911,
              23.1712977
            ],
            [
              72.5359459,
              23.1713428
            ],
            [
              72.5360171,
              23.1713742
            ],
            [
              72.536094,
              23.1713886
            ],
            [
              72.5361738,
              23.1713841
            ],
            [
              72.5362528,
              23.17135
            ],
            [
              72.5363154,
              23.1713088
            ],
            [
              72.5363496,
              23.1712676
            ],
            [
              72.5363674,
              23.1712505
            ],
            [
              72.5363914,
              23.1712501
            ]
          ]
        ]
      },
      "id": "way/454862685"
    },
    {
      "type": "Feature",
      "properties": {
        "@id": "way/454862686",
        "golf": "water_hazard",
        "natural": "water"
      },
      "geometry": {
        "type": "Polygon",
        "coordinates": [
          [
            [
              72.5360373,
              23.170887
            ],
            [
              72.5359624,
              23.1707397
            ],
            [
              72.5360476,
              23.1707189
            ],
            [
              72.5361612,
              23.1707228
            ],
            [
              72.5362611,
              23.1707541
            ],
            [
              72.5363324,
              23.1707939
            ],
            [
              72.5364017,
              23.1708753
            ],
            [
              72.536457,
              23.1710278
            ],
            [
              72.536461,
              23.1711001
            ],
            [
              72.5364496,
              23.1711234
            ],
            [
              72.536423,
              23.171135
            ],
            [
              72.5363917,
              23.1711289
            ],
            [
              72.5363704,
              23.1711068
            ],
            [
              72.5363511,
              23.1710431
            ],
            [
              72.5363144,
              23.1709831
            ],
            [
              72.5362591,
              23.170928
            ],
            [
              72.5361732,
              23.1708894
            ],
            [
              72.5361119,
              23.1708802
            ],
            [
              72.5360373,
              23.170887
            ]
          ]
        ]
      },
      "id": "way/454862686"
    },
    {
      "type": "Feature",
      "properties": {
        "@id": "way/454865432",
        "golf": "water_hazard",
        "natural": "water"
      },
      "geometry": {
        "type": "Polygon",
        "coordinates": [
          [
            [
              72.5360369,
              23.1695677
            ],
            [
              72.5360433,
              23.1695988
            ],
            [
              72.5360369,
              23.1696221
            ],
            [
              72.536013,
              23.1696467
            ],
            [
              72.5359764,
              23.169659
            ],
            [
              72.5359229,
              23.1696557
            ],
            [
              72.5358891,
              23.1696382
            ],
            [
              72.5358595,
              23.1696253
            ],
            [
              72.5358412,
              23.1696259
            ],
            [
              72.5358089,
              23.1696408
            ],
            [
              72.5357347,
              23.1696704
            ],
            [
              72.5356666,
              23.1696821
            ],
            [
              72.5354996,
              23.169674
            ],
            [
              72.5351563,
              23.1696326
            ],
            [
              72.5351025,
              23.169636
            ],
            [
              72.5345802,
              23.1698133
            ],
            [
              72.5344855,
              23.169841
            ],
            [
              72.5344198,
              23.1698609
            ],
            [
              72.5343775,
              23.1698868
            ],
            [
              72.5343503,
              23.1698626
            ],
            [
              72.5344031,
              23.1698372
            ],
            [
              72.5344765,
              23.1698132
            ],
            [
              72.534567,
              23.1697882
            ],
            [
              72.5346357,
              23.1697637
            ],
            [
              72.534936,
              23.1696518
            ],
            [
              72.535067,
              23.1696116
            ],
            [
              72.5351444,
              23.1696002
            ],
            [
              72.5353615,
              23.1696357
            ],
            [
              72.5356475,
              23.1696532
            ],
            [
              72.5358108,
              23.1696217
            ],
            [
              72.5358501,
              23.1695976
            ],
            [
              72.5358562,
              23.1695763
            ],
            [
              72.5358783,
              23.1695513
            ],
            [
              72.5359197,
              23.1695253
            ],
            [
              72.535959,
              23.1695179
            ],
            [
              72.5360023,
              23.1695309
            ],
            [
              72.5360205,
              23.1695476
            ],
            [
              72.5360369,
              23.1695677
            ]
          ]
        ]
      },
      "id": "way/454865432"
    },
    {
      "type": "Feature",
      "properties": {
        "@id": "way/454865433",
        "golf": "water_hazard",
        "natural": "water"
      },
      "geometry": {
        "type": "Polygon",
        "coordinates": [
          [
            [
              72.534261,
              23.1699431
            ],
            [
              72.534282,
              23.1699608
            ],
            [
              72.5342628,
              23.1699779
            ],
            [
              72.534247,
              23.1699962
            ],
            [
              72.5342202,
              23.169986
            ],
            [
              72.5342365,
              23.1699645
            ],
            [
              72.534261,
              23.1699431
            ]
          ]
        ]
      },
      "id": "way/454865433"
    },
    {
      "type": "Feature",
      "properties": {
        "@id": "way/454865434",
        "golf": "water_hazard",
        "natural": "water"
      },
      "geometry": {
        "type": "Polygon",
        "coordinates": [
          [
            [
              72.5342313,
              23.170016
            ],
            [
              72.5342126,
              23.1700465
            ],
            [
              72.5341619,
              23.1701028
            ],
            [
              72.5340978,
              23.1701945
            ],
            [
              72.5340742,
              23.1702373
            ],
            [
              72.5340576,
              23.1703016
            ],
            [
              72.5340514,
              23.1703736
            ],
            [
              72.5340597,
              23.1703993
            ],
            [
              72.534112,
              23.1704588
            ],
            [
              72.5340965,
              23.1704779
            ],
            [
              72.5340255,
              23.1703936
            ],
            [
              72.5340177,
              23.1703817
            ],
            [
              72.5340141,
              23.1703212
            ],
            [
              72.5340221,
              23.1702634
            ],
            [
              72.5340525,
              23.1701785
            ],
            [
              72.5340996,
              23.170113
            ],
            [
              72.5342036,
              23.170002
            ],
            [
              72.5342313,
              23.170016
            ]
          ]
        ]
      },
      "id": "way/454865434"
    },
    {
      "type": "Feature",
      "properties": {
        "@id": "way/454865435",
        "golf": "water_hazard",
        "natural": "water"
      },
      "geometry": {
        "type": "Polygon",
        "coordinates": [
          [
            [
              72.5341502,
              23.1704925
            ],
            [
              72.5341977,
              23.1705267
            ],
            [
              72.5342651,
              23.1705687
            ],
            [
              72.5343869,
              23.1706123
            ],
            [
              72.5345087,
              23.1706512
            ],
            [
              72.5345533,
              23.1706896
            ],
            [
              72.5345847,
              23.1707459
            ],
            [
              72.5345882,
              23.1708021
            ],
            [
              72.534551,
              23.1708833
            ],
            [
              72.5344654,
              23.1709632
            ],
            [
              72.53443,
              23.1710013
            ],
            [
              72.5343798,
              23.1710413
            ],
            [
              72.5343544,
              23.1710198
            ],
            [
              72.5343912,
              23.170989
            ],
            [
              72.5344246,
              23.170938
            ],
            [
              72.5344293,
              23.1709042
            ],
            [
              72.5344266,
              23.1708489
            ],
            [
              72.5344146,
              23.1707991
            ],
            [
              72.5343939,
              23.1707462
            ],
            [
              72.5343337,
              23.1706546
            ],
            [
              72.5343156,
              23.1706306
            ],
            [
              72.5342635,
              23.1705901
            ],
            [
              72.5342113,
              23.1705513
            ],
            [
              72.5341418,
              23.1705009
            ],
            [
              72.5341502,
              23.1704925
            ]
          ]
        ]
      },
      "id": "way/454865435"
    },
    {
      "type": "Feature",
      "properties": {
        "@id": "way/454865436",
        "golf": "water_hazard",
        "natural": "water"
      },
      "geometry": {
        "type": "Polygon",
        "coordinates": [
          [
            [
              72.5343677,
              23.1710448
            ],
            [
              72.5343148,
              23.1710906
            ],
            [
              72.5343121,
              23.1711008
            ],
            [
              72.5343174,
              23.171112
            ],
            [
              72.5342788,
              23.1711329
            ],
            [
              72.5342619,
              23.1711202
            ],
            [
              72.5342397,
              23.1711222
            ],
            [
              72.5342211,
              23.1711017
            ],
            [
              72.5342248,
              23.1710935
            ],
            [
              72.534255,
              23.1710794
            ],
            [
              72.5342973,
              23.1710677
            ],
            [
              72.5343296,
              23.1710463
            ],
            [
              72.5343502,
              23.1710264
            ],
            [
              72.5343677,
              23.1710448
            ]
          ]
        ]
      },
      "id": "way/454865436"
    },
    {
      "type": "Feature",
      "properties": {
        "@id": "way/454865437",
        "golf": "water_hazard",
        "natural": "water"
      },
      "geometry": {
        "type": "Polygon",
        "coordinates": [
          [
            [
              72.5343164,
              23.1711255
            ],
            [
              72.5343387,
              23.1711454
            ],
            [
              72.5343688,
              23.1711588
            ],
            [
              72.5344267,
              23.1712063
            ],
            [
              72.5345061,
              23.17129
            ],
            [
              72.5345802,
              23.1714035
            ],
            [
              72.5346272,
              23.1714474
            ],
            [
              72.5346881,
              23.1714737
            ],
            [
              72.5346897,
              23.1715205
            ],
            [
              72.534628,
              23.1715006
            ],
            [
              72.534564,
              23.1714616
            ],
            [
              72.5345277,
              23.171429
            ],
            [
              72.5344834,
              23.1713407
            ],
            [
              72.534452,
              23.1712983
            ],
            [
              72.534378,
              23.1712182
            ],
            [
              72.5343354,
              23.1711783
            ],
            [
              72.5342883,
              23.1711399
            ],
            [
              72.5343164,
              23.1711255
            ]
          ]
        ]
      },
      "id": "way/454865437"
    },
    {
      "type": "Feature",
      "properties": {
        "@id": "way/454865438",
        "golf": "water_hazard",
        "natural": "water"
      },
      "geometry": {
        "type": "Polygon",
        "coordinates": [
          [
            [
              72.5347125,
              23.1714803
            ],
            [
              72.5347827,
              23.171498
            ],
            [
              72.5348699,
              23.1715079
            ],
            [
              72.5349671,
              23.1715135
            ],
            [
              72.5350454,
              23.1715071
            ],
            [
              72.5351011,
              23.1714987
            ],
            [
              72.5351587,
              23.1715011
            ],
            [
              72.5352344,
              23.1715047
            ],
            [
              72.5353699,
              23.171511
            ],
            [
              72.5355394,
              23.1715163
            ],
            [
              72.5356073,
              23.171515
            ],
            [
              72.5356925,
              23.1714834
            ],
            [
              72.5357495,
              23.171414
            ],
            [
              72.5357837,
              23.1714506
            ],
            [
              72.5357296,
              23.1714836
            ],
            [
              72.5356705,
              23.17151
            ],
            [
              72.5356098,
              23.1715288
            ],
            [
              72.5355373,
              23.1715322
            ],
            [
              72.5353682,
              23.1715252
            ],
            [
              72.5352314,
              23.1715195
            ],
            [
              72.5351564,
              23.1715179
            ],
            [
              72.5351018,
              23.1715178
            ],
            [
              72.5350447,
              23.1715264
            ],
            [
              72.5349655,
              23.1715309
            ],
            [
              72.5348687,
              23.1715304
            ],
            [
              72.5347133,
              23.1715243
            ],
            [
              72.5347125,
              23.1714803
            ]
          ]
        ]
      },
      "id": "way/454865438"
    },
    {
      "type": "Feature",
      "properties": {
        "@id": "way/461795950",
        "natural": "water",
        "water": "pond"
      },
      "geometry": {
        "type": "Polygon",
        "coordinates": [
          [
            [
              72.538828,
              23.007043
            ],
            [
              72.5393055,
              23.006216
            ],
            [
              72.5405526,
              23.0069986
            ],
            [
              72.5400994,
              23.007527
            ],
            [
              72.538828,
              23.007043
            ]
          ]
        ]
      },
      "id": "way/461795950"
    },
    {
      "type": "Feature",
      "properties": {
        "@id": "way/465311208",
        "natural": "water"
      },
      "geometry": {
        "type": "Polygon",
        "coordinates": [
          [
            [
              72.749704,
              22.8183406
            ],
            [
              72.7497067,
              22.8182244
            ],
            [
              72.749814,
              22.8181206
            ],
            [
              72.7501171,
              22.8180736
            ],
            [
              72.7502888,
              22.8180489
            ],
            [
              72.7503612,
              22.8179549
            ],
            [
              72.7504282,
              22.8177547
            ],
            [
              72.7504819,
              22.8176731
            ],
            [
              72.7505489,
              22.81773
            ],
            [
              72.7510639,
              22.8185409
            ],
            [
              72.7514663,
              22.8193172
            ],
            [
              72.7514421,
              22.8195619
            ],
            [
              72.7513482,
              22.8195768
            ],
            [
              72.7511363,
              22.8195026
            ],
            [
              72.7500286,
              22.8188771
            ],
            [
              72.7497416,
              22.8185681
            ],
            [
              72.749704,
              22.8183406
            ]
          ]
        ]
      },
      "id": "way/465311208"
    },
    {
      "type": "Feature",
      "properties": {
        "@id": "way/483688320",
        "addr:city": "Gandhinagar",
        "addr:postcode": "382424",
        "addr:street": "Serenade Farm, Survey no. 121, Sughad, Near Koba circle",
        "natural": "water",
        "water": "pond"
      },
      "geometry": {
        "type": "Polygon",
        "coordinates": [
          [
            [
              72.6356218,
              23.1259785
            ],
            [
              72.6353622,
              23.1254384
            ],
            [
              72.6367952,
              23.125082
            ],
            [
              72.6371106,
              23.126317
            ],
            [
              72.6363445,
              23.1264206
            ],
            [
              72.6361958,
              23.1258404
            ],
            [
              72.6356218,
              23.1259785
            ]
          ]
        ]
      },
      "id": "way/483688320"
    },
    {
      "type": "Feature",
      "properties": {
        "@id": "way/530535814",
        "name": "Kund",
        "natural": "water"
      },
      "geometry": {
        "type": "Polygon",
        "coordinates": [
          [
            [
              72.4955092,
              23.0802316
            ],
            [
              72.495476,
              23.0800904
            ],
            [
              72.4956301,
              23.0800597
            ],
            [
              72.4956633,
              23.080201
            ],
            [
              72.4955092,
              23.0802316
            ]
          ]
        ]
      },
      "id": "way/530535814"
    },
    {
      "type": "Feature",
      "properties": {
        "@id": "way/550891920",
        "intermittent": "yes",
        "natural": "water",
        "water": "lake"
      },
      "geometry": {
        "type": "Polygon",
        "coordinates": [
          [
            [
              72.5055635,
              23.0323626
            ],
            [
              72.5055695,
              23.0321478
            ],
            [
              72.5056015,
              23.0319841
            ],
            [
              72.5056607,
              23.0319152
            ],
            [
              72.5058188,
              23.0318915
            ],
            [
              72.5059146,
              23.0318977
            ],
            [
              72.506175,
              23.0319516
            ],
            [
              72.5063164,
              23.0320073
            ],
            [
              72.5064516,
              23.0321237
            ],
            [
              72.5066229,
              23.0321343
            ],
            [
              72.506771,
              23.0321364
            ],
            [
              72.5068093,
              23.0322314
            ],
            [
              72.506822,
              23.0323654
            ],
            [
              72.5067623,
              23.0324671
            ],
            [
              72.5066598,
              23.0325554
            ],
            [
              72.5065323,
              23.0326035
            ],
            [
              72.5063949,
              23.0326165
            ],
            [
              72.506197,
              23.03263
            ],
            [
              72.5058973,
              23.032638
            ],
            [
              72.505725,
              23.0326066
            ],
            [
              72.5056505,
              23.0325733
            ],
            [
              72.5055949,
              23.0324665
            ],
            [
              72.5055635,
              23.0323626
            ]
          ]
        ]
      },
      "id": "way/550891920"
    },
    {
      "type": "Feature",
      "properties": {
        "@id": "way/551617841",
        "amenity": "bus_station",
        "building": "yes",
        "name": "Shivranjani"
      },
      "geometry": {
        "type": "Polygon",
        "coordinates": [
          [
            [
              72.5311092,
              23.0243275
            ],
            [
              72.5311301,
              23.024306
            ],
            [
              72.5311528,
              23.0242827
            ],
            [
              72.5314816,
              23.0242811
            ],
            [
              72.5314591,
              23.0243024
            ],
            [
              72.5314364,
              23.024324
            ],
            [
              72.5311092,
              23.0243275
            ]
          ]
        ]
      },
      "id": "way/551617841"
    },
    {
      "type": "Feature",
      "properties": {
        "@id": "way/560452275",
        "addr:postcode": "382213",
        "natural": "water"
      },
      "geometry": {
        "type": "Polygon",
        "coordinates": [
          [
            [
              72.4395347,
              22.9559038
            ],
            [
              72.4396205,
              22.9561014
            ],
            [
              72.4396205,
              22.9562199
            ],
            [
              72.4394917,
              22.9564175
            ],
            [
              72.4394917,
              22.9565756
            ],
            [
              72.4393122,
              22.9565363
            ],
            [
              72.4392166,
              22.9565229
            ],
            [
              72.4387459,
              22.9562968
            ],
            [
              72.4386216,
              22.9561701
            ],
            [
              72.4383488,
              22.9561921
            ],
            [
              72.4381828,
              22.9561606
            ],
            [
              72.4376696,
              22.956081
            ],
            [
              72.4375391,
              22.9560026
            ],
            [
              72.437493,
              22.9559599
            ],
            [
              72.4374516,
              22.9559049
            ],
            [
              72.4376183,
              22.9557681
            ],
            [
              72.4375572,
              22.9557041
            ],
            [
              72.4373488,
              22.9556199
            ],
            [
              72.4373218,
              22.955408
            ],
            [
              72.4373245,
              22.9552913
            ],
            [
              72.4374962,
              22.9552122
            ],
            [
              72.437582,
              22.9552122
            ],
            [
              72.4378824,
              22.9550542
            ],
            [
              72.4383116,
              22.9546985
            ],
            [
              72.4385262,
              22.954738
            ],
            [
              72.4386978,
              22.9549356
            ],
            [
              72.4388266,
              22.9547776
            ],
            [
              72.4389553,
              22.9548171
            ],
            [
              72.4390411,
              22.954738
            ],
            [
              72.439127,
              22.954738
            ],
            [
              72.4392772,
              22.9548764
            ],
            [
              72.4393201,
              22.9549949
            ],
            [
              72.4394917,
              22.9551925
            ],
            [
              72.4394917,
              22.9557062
            ],
            [
              72.4395347,
              22.9557457
            ],
            [
              72.4395347,
              22.9559038
            ]
          ]
        ]
      },
      "id": "way/560452275"
    },
    {
      "type": "Feature",
      "properties": {
        "@id": "way/560801372",
        "natural": "water",
        "source:position": "Bing",
        "source:tracer": "scanaerial",
        "source:zoomlevel": "14",
        "water": "reservoir"
      },
      "geometry": {
        "type": "Polygon",
        "coordinates": [
          [
            [
              72.4133839,
              23.0232654
            ],
            [
              72.4130344,
              23.0229865
            ],
            [
              72.4128628,
              23.0229075
            ],
            [
              72.4126911,
              23.0229865
            ],
            [
              72.4123478,
              23.0229865
            ],
            [
              72.4121761,
              23.0228285
            ],
            [
              72.4118328,
              23.0229075
            ],
            [
              72.4113947,
              23.022753
            ],
            [
              72.4113607,
              23.022473
            ],
            [
              72.4113489,
              23.0221517
            ],
            [
              72.411747,
              23.021817
            ],
            [
              72.4120956,
              23.0216692
            ],
            [
              72.4123478,
              23.0216435
            ],
            [
              72.4125195,
              23.0216435
            ],
            [
              72.4126685,
              23.021569
            ],
            [
              72.4128171,
              23.0215483
            ],
            [
              72.4130973,
              23.0215377
            ],
            [
              72.4134464,
              23.0215177
            ],
            [
              72.4136296,
              23.0214966
            ],
            [
              72.4138184,
              23.0214708
            ],
            [
              72.4139843,
              23.0214285
            ],
            [
              72.4140759,
              23.021407
            ],
            [
              72.4142989,
              23.021407
            ],
            [
              72.4144192,
              23.0214073
            ],
            [
              72.4146652,
              23.0214066
            ],
            [
              72.4148082,
              23.0214232
            ],
            [
              72.4149227,
              23.0213276
            ],
            [
              72.4151311,
              23.0213671
            ],
            [
              72.4152827,
              23.0212017
            ],
            [
              72.4154336,
              23.0212845
            ],
            [
              72.4154893,
              23.0214679
            ],
            [
              72.4154961,
              23.0216797
            ],
            [
              72.4154237,
              23.0218688
            ],
            [
              72.4154066,
              23.0220842
            ],
            [
              72.4153153,
              23.0222472
            ],
            [
              72.4152626,
              23.0223857
            ],
            [
              72.4152598,
              23.0225404
            ],
            [
              72.4151757,
              23.0227034
            ],
            [
              72.4150921,
              23.0227845
            ],
            [
              72.4150695,
              23.0228684
            ],
            [
              72.4150346,
              23.0229738
            ],
            [
              72.4149656,
              23.0230259
            ],
            [
              72.4148369,
              23.0231444
            ],
            [
              72.4148102,
              23.0233935
            ],
            [
              72.4146171,
              23.0233976
            ],
            [
              72.4144122,
              23.0233853
            ],
            [
              72.4142102,
              23.0233363
            ],
            [
              72.4140606,
              23.0233866
            ],
            [
              72.4133839,
              23.0232654
            ]
          ]
        ]
      },
      "id": "way/560801372"
    },
    {
      "type": "Feature",
      "properties": {
        "@id": "way/561594476",
        "landuse": "reservoir",
        "natural": "water",
        "source:position": "Bing",
        "source:tracer": "scanaerial",
        "source:zoomlevel": "14"
      },
      "geometry": {
        "type": "Polygon",
        "coordinates": [
          [
            [
              72.7586746,
              23.1107993
            ],
            [
              72.7591896,
              23.1107993
            ],
            [
              72.7594471,
              23.1107993
            ],
            [
              72.7596188,
              23.1109571
            ],
            [
              72.7597904,
              23.1109571
            ],
            [
              72.7601337,
              23.1107993
            ],
            [
              72.7603054,
              23.1107993
            ],
            [
              72.7603912,
              23.1108782
            ],
            [
              72.7605629,
              23.1108782
            ],
            [
              72.7606487,
              23.1107993
            ],
            [
              72.7616787,
              23.1107993
            ],
            [
              72.7619791,
              23.1110756
            ],
            [
              72.7619791,
              23.1111545
            ],
            [
              72.7617645,
              23.1115097
            ],
            [
              72.7615929,
              23.1115097
            ],
            [
              72.7609062,
              23.1119834
            ],
            [
              72.7606487,
              23.1119834
            ],
            [
              72.7603912,
              23.1118255
            ],
            [
              72.7601337,
              23.1118255
            ],
            [
              72.7598763,
              23.1119834
            ],
            [
              72.7596188,
              23.1119834
            ],
            [
              72.7591038,
              23.1117466
            ],
            [
              72.75846,
              23.1109966
            ],
            [
              72.7586746,
              23.1107993
            ]
          ]
        ]
      },
      "id": "way/561594476"
    },
    {
      "type": "Feature",
      "properties": {
        "@id": "way/621306280",
        "natural": "water",
        "water": "lake"
      },
      "geometry": {
        "type": "Polygon",
        "coordinates": [
          [
            [
              72.4726263,
              22.9638861
            ],
            [
              72.4723331,
              22.9638018
            ],
            [
              72.4722415,
              22.9636668
            ],
            [
              72.4722599,
              22.9634981
            ],
            [
              72.4722599,
              22.9632451
            ],
            [
              72.4723331,
              22.9630258
            ],
            [
              72.472498,
              22.9627896
            ],
            [
              72.4727362,
              22.9627221
            ],
            [
              72.4729011,
              22.9626378
            ],
            [
              72.473066,
              22.9625028
            ],
            [
              72.4731942,
              22.962486
            ],
            [
              72.4733774,
              22.9625197
            ],
            [
              72.4735777,
              22.962674
            ],
            [
              72.4735638,
              22.9629413
            ],
            [
              72.4734874,
              22.9631945
            ],
            [
              72.4733958,
              22.9633126
            ],
            [
              72.4734136,
              22.9634908
            ],
            [
              72.473348,
              22.9636607
            ],
            [
              72.4732925,
              22.9637355
            ],
            [
              72.4731803,
              22.963803
            ],
            [
              72.4729847,
              22.9638988
            ],
            [
              72.4728828,
              22.9639704
            ],
            [
              72.4726263,
              22.9638861
            ]
          ]
        ]
      },
      "id": "way/621306280"
    },
    {
      "type": "Feature",
      "properties": {
        "@id": "way/653190318",
        "natural": "water",
        "water": "pond"
      },
      "geometry": {
        "type": "Polygon",
        "coordinates": [
          [
            [
              72.5919468,
              22.8876765
            ],
            [
              72.5929375,
              22.8877241
            ],
            [
              72.5932879,
              22.8879119
            ],
            [
              72.5935808,
              22.8888855
            ],
            [
              72.5937387,
              22.8901395
            ],
            [
              72.5939455,
              22.8903856
            ],
            [
              72.5943045,
              22.8904067
            ],
            [
              72.594494,
              22.8906845
            ],
            [
              72.5945313,
              22.8913512
            ],
            [
              72.5943561,
              22.8919623
            ],
            [
              72.5943016,
              22.8926872
            ],
            [
              72.5938163,
              22.8927269
            ],
            [
              72.59371,
              22.8923407
            ],
            [
              72.5923775,
              22.8915629
            ],
            [
              72.5908727,
              22.8912242
            ],
            [
              72.5899997,
              22.8911158
            ],
            [
              72.5907636,
              22.8897771
            ],
            [
              72.5911139,
              22.8886315
            ],
            [
              72.5919468,
              22.8876765
            ]
          ]
        ]
      },
      "id": "way/653190318"
    },
    {
      "type": "Feature",
      "properties": {
        "@id": "way/653190332",
        "natural": "water",
        "water": "pond"
      },
      "geometry": {
        "type": "Polygon",
        "coordinates": [
          [
            [
              72.5886496,
              22.8872101
            ],
            [
              72.5884732,
              22.8877099
            ],
            [
              72.5883383,
              22.8877905
            ],
            [
              72.5882419,
              22.8882152
            ],
            [
              72.5879588,
              22.8881223
            ],
            [
              72.5879395,
              22.8876129
            ],
            [
              72.5881174,
              22.8872032
            ],
            [
              72.5883813,
              22.8872647
            ],
            [
              72.5884243,
              22.8871759
            ],
            [
              72.5886496,
              22.8872101
            ]
          ]
        ]
      },
      "id": "way/653190332"
    },
    {
      "type": "Feature",
      "properties": {
        "@id": "way/655923300",
        "intermittent": "yes",
        "name": "Sargasan Lake",
        "natural": "water",
        "water": "lake"
      },
      "geometry": {
        "type": "Polygon",
        "coordinates": [
          [
            [
              72.6165336,
              23.1875859
            ],
            [
              72.6164719,
              23.1875218
            ],
            [
              72.6164451,
              23.1872309
            ],
            [
              72.6164356,
              23.1867344
            ],
            [
              72.6164361,
              23.1866862
            ],
            [
              72.6164437,
              23.1866385
            ],
            [
              72.6164585,
              23.1865923
            ],
            [
              72.6164788,
              23.1865506
            ],
            [
              72.6165049,
              23.1865118
            ],
            [
              72.6165363,
              23.1864764
            ],
            [
              72.6165771,
              23.1864473
            ],
            [
              72.6166221,
              23.1864241
            ],
            [
              72.6166704,
              23.1864074
            ],
            [
              72.6167234,
              23.1863971
            ],
            [
              72.6167775,
              23.1863947
            ],
            [
              72.6168314,
              23.1864
            ],
            [
              72.6169574,
              23.1864222
            ],
            [
              72.6170173,
              23.1864318
            ],
            [
              72.6170757,
              23.1864474
            ],
            [
              72.6171318,
              23.186469
            ],
            [
              72.6171933,
              23.1865012
            ],
            [
              72.6172498,
              23.1865405
            ],
            [
              72.6172795,
              23.1865767
            ],
            [
              72.6173031,
              23.1866164
            ],
            [
              72.6173202,
              23.1866589
            ],
            [
              72.6173303,
              23.1867032
            ],
            [
              72.6173331,
              23.1867529
            ],
            [
              72.6173272,
              23.1868024
            ],
            [
              72.6173127,
              23.1868504
            ],
            [
              72.61729,
              23.1868956
            ],
            [
              72.6170781,
              23.1873172
            ],
            [
              72.6168957,
              23.1875514
            ],
            [
              72.6166999,
              23.1876402
            ],
            [
              72.6165336,
              23.1875859
            ]
          ]
        ]
      },
      "id": "way/655923300"
    },
    {
      "type": "Feature",
      "properties": {
        "@id": "way/663203332",
        "natural": "water",
        "water": "pond"
      },
      "geometry": {
        "type": "Polygon",
        "coordinates": [
          [
            [
              72.7189814,
              22.8471022
            ],
            [
              72.7185694,
              22.8470205
            ],
            [
              72.7181352,
              22.8468123
            ],
            [
              72.7184453,
              22.8457549
            ],
            [
              72.7187643,
              22.8455262
            ],
            [
              72.7190434,
              22.8454446
            ],
            [
              72.719575,
              22.8456283
            ],
            [
              72.7197833,
              22.8460856
            ],
            [
              72.7198187,
              22.846502
            ],
            [
              72.7189814,
              22.8471022
            ]
          ]
        ]
      },
      "id": "way/663203332"
    },
    {
      "type": "Feature",
      "properties": {
        "@id": "way/663203333",
        "natural": "water",
        "water": "pond"
      },
      "geometry": {
        "type": "Polygon",
        "coordinates": [
          [
            [
              72.7192959,
              22.847241
            ],
            [
              72.7192206,
              22.8470491
            ],
            [
              72.7193358,
              22.8469348
            ],
            [
              72.7198054,
              22.8466531
            ],
            [
              72.7200181,
              22.8466286
            ],
            [
              72.7201156,
              22.8468817
            ],
            [
              72.7199339,
              22.8472247
            ],
            [
              72.7195972,
              22.8473431
            ],
            [
              72.7192959,
              22.847241
            ]
          ]
        ]
      },
      "id": "way/663203333"
    },
    {
      "type": "Feature",
      "properties": {
        "@id": "way/663450139",
        "natural": "water",
        "water": "pond"
      },
      "geometry": {
        "type": "Polygon",
        "coordinates": [
          [
            [
              72.6000919,
              22.7952873
            ],
            [
              72.6039713,
              22.7952398
            ],
            [
              72.6059539,
              22.7961339
            ],
            [
              72.606589,
              22.7968064
            ],
            [
              72.6070181,
              22.7979695
            ],
            [
              72.6070353,
              22.7989427
            ],
            [
              72.6068036,
              22.7997339
            ],
            [
              72.6069066,
              22.8004935
            ],
            [
              72.6073872,
              22.8013321
            ],
            [
              72.6081081,
              22.8015062
            ],
            [
              72.6102967,
              22.8007862
            ],
            [
              72.6120476,
              22.7997656
            ],
            [
              72.6137555,
              22.7978746
            ],
            [
              72.6160385,
              22.7954614
            ],
            [
              72.6160727,
              22.7952021
            ],
            [
              72.6165072,
              22.7951132
            ],
            [
              72.6170169,
              22.7947651
            ],
            [
              72.6175147,
              22.7941084
            ],
            [
              72.6181184,
              22.793809
            ],
            [
              72.6184427,
              22.7933467
            ],
            [
              72.6191167,
              22.7931915
            ],
            [
              72.6194372,
              22.7934358
            ],
            [
              72.6197226,
              22.7937687
            ],
            [
              72.6195917,
              22.7944486
            ],
            [
              72.6186648,
              22.79486
            ],
            [
              72.6180297,
              22.794322
            ],
            [
              72.6176606,
              22.7945831
            ],
            [
              72.6179438,
              22.7952556
            ],
            [
              72.6187849,
              22.7957225
            ],
            [
              72.6197634,
              22.7949075
            ],
            [
              72.6199522,
              22.7950974
            ],
            [
              72.6216859,
              22.8025901
            ],
            [
              72.621128,
              22.8032785
            ],
            [
              72.6206731,
              22.8008891
            ],
            [
              72.618064,
              22.7996232
            ],
            [
              72.6143048,
              22.8009998
            ],
            [
              72.6141675,
              22.8033101
            ],
            [
              72.6091466,
              22.8055571
            ],
            [
              72.6016454,
              22.8071473
            ],
            [
              72.6014051,
              22.8070049
            ],
            [
              72.5999203,
              22.795493
            ],
            [
              72.6000919,
              22.7952873
            ]
          ]
        ]
      },
      "id": "way/663450139"
    },
    {
      "type": "Feature",
      "properties": {
        "@id": "way/663450151",
        "natural": "water",
        "water": "pond"
      },
      "geometry": {
        "type": "Polygon",
        "coordinates": [
          [
            [
              72.5764411,
              22.7963492
            ],
            [
              72.5767993,
              22.7970968
            ],
            [
              72.5763794,
              22.797241
            ],
            [
              72.5766058,
              22.7979355
            ],
            [
              72.576968,
              22.7978861
            ],
            [
              72.5770092,
              22.7988728
            ],
            [
              72.5774167,
              22.7999506
            ],
            [
              72.5770915,
              22.8000948
            ],
            [
              72.5748768,
              22.799203
            ],
            [
              72.5748398,
              22.7991157
            ],
            [
              72.5751691,
              22.7979772
            ],
            [
              72.5753132,
              22.7969222
            ],
            [
              72.5752679,
              22.7964441
            ],
            [
              72.5754861,
              22.7962164
            ],
            [
              72.5759554,
              22.7961632
            ],
            [
              72.5764411,
              22.7963492
            ]
          ]
        ]
      },
      "id": "way/663450151"
    },
    {
      "type": "Feature",
      "properties": {
        "@id": "way/663457118",
        "natural": "water",
        "water": "pond"
      },
      "geometry": {
        "type": "Polygon",
        "coordinates": [
          [
            [
              72.684334,
              22.8967462
            ],
            [
              72.6839501,
              22.8962924
            ],
            [
              72.6839374,
              22.8958534
            ],
            [
              72.6841581,
              22.8955528
            ],
            [
              72.6843724,
              22.894772
            ],
            [
              72.684721,
              22.8947631
            ],
            [
              72.6848138,
              22.8950195
            ],
            [
              72.6856518,
              22.8950224
            ],
            [
              72.6858501,
              22.8953024
            ],
            [
              72.6862691,
              22.8953024
            ],
            [
              72.6863299,
              22.8955322
            ],
            [
              72.6858117,
              22.8955027
            ],
            [
              72.6855398,
              22.8955852
            ],
            [
              72.6853735,
              22.8957944
            ],
            [
              72.6853799,
              22.8960154
            ],
            [
              72.6855622,
              22.8963631
            ],
            [
              72.6858981,
              22.8966372
            ],
            [
              72.6863503,
              22.8968482
            ],
            [
              72.6857661,
              22.897401
            ],
            [
              72.6849177,
              22.8967093
            ],
            [
              72.684334,
              22.8967462
            ]
          ]
        ]
      },
      "id": "way/663457118"
    },
    {
      "type": "Feature",
      "properties": {
        "@id": "way/663457130",
        "natural": "water",
        "water": "pond"
      },
      "geometry": {
        "type": "Polygon",
        "coordinates": [
          [
            [
              72.677833,
              22.8952137
            ],
            [
              72.6777474,
              22.8949599
            ],
            [
              72.67794,
              22.8947406
            ],
            [
              72.6783225,
              22.894679
            ],
            [
              72.6785044,
              22.8948687
            ],
            [
              72.6784375,
              22.8951521
            ],
            [
              72.6780042,
              22.895364
            ],
            [
              72.677833,
              22.8952137
            ]
          ]
        ]
      },
      "id": "way/663457130"
    },
    {
      "type": "Feature",
      "properties": {
        "@id": "way/663457135",
        "natural": "water",
        "water": "pond"
      },
      "geometry": {
        "type": "Polygon",
        "coordinates": [
          [
            [
              72.6741473,
              22.8891619
            ],
            [
              72.674137,
              22.8891016
            ],
            [
              72.6748048,
              22.8883231
            ],
            [
              72.6748961,
              22.8883024
            ],
            [
              72.6750716,
              22.8884214
            ],
            [
              72.6751267,
              22.8889542
            ],
            [
              72.6748703,
              22.8891444
            ],
            [
              72.6741473,
              22.8891619
            ]
          ]
        ]
      },
      "id": "way/663457135"
    },
    {
      "type": "Feature",
      "properties": {
        "@id": "way/663471279",
        "natural": "water",
        "water": "pond"
      },
      "geometry": {
        "type": "Polygon",
        "coordinates": [
          [
            [
              72.573409,
              22.8830544
            ],
            [
              72.5738624,
              22.8821092
            ],
            [
              72.5744713,
              22.8822023
            ],
            [
              72.5747122,
              22.882694
            ],
            [
              72.5749972,
              22.8834745
            ],
            [
              72.5749376,
              22.8835676
            ],
            [
              72.5742148,
              22.8832263
            ],
            [
              72.5738857,
              22.8832263
            ],
            [
              72.5736836,
              22.8833814
            ],
            [
              72.5734012,
              22.8831762
            ],
            [
              72.573409,
              22.8830544
            ]
          ]
        ]
      },
      "id": "way/663471279"
    },
    {
      "type": "Feature",
      "properties": {
        "@id": "way/663471282",
        "natural": "water",
        "water": "pond"
      },
      "geometry": {
        "type": "Polygon",
        "coordinates": [
          [
            [
              72.5643662,
              22.8813777
            ],
            [
              72.5660264,
              22.8816699
            ],
            [
              72.5661197,
              22.88286
            ],
            [
              72.5666,
              22.883483
            ],
            [
              72.5660917,
              22.8833498
            ],
            [
              72.5659051,
              22.8834787
            ],
            [
              72.5657839,
              22.8838568
            ],
            [
              72.5654061,
              22.8836506
            ],
            [
              72.5654901,
              22.8833197
            ],
            [
              72.5653922,
              22.882976
            ],
            [
              72.5644175,
              22.8825464
            ],
            [
              72.5642776,
              22.8816312
            ],
            [
              72.5643662,
              22.8813777
            ]
          ]
        ]
      },
      "id": "way/663471282"
    },
    {
      "type": "Feature",
      "properties": {
        "@id": "way/663471283",
        "natural": "water",
        "water": "pond"
      },
      "geometry": {
        "type": "Polygon",
        "coordinates": [
          [
            [
              72.567098,
              22.8758021
            ],
            [
              72.5665257,
              22.8757029
            ],
            [
              72.5666065,
              22.8754175
            ],
            [
              72.5665593,
              22.8750514
            ],
            [
              72.5662294,
              22.874673
            ],
            [
              72.5664718,
              22.8743255
            ],
            [
              72.5669364,
              22.8741456
            ],
            [
              72.567428,
              22.8742449
            ],
            [
              72.5678657,
              22.874766
            ],
            [
              72.5682293,
              22.8748591
            ],
            [
              72.567098,
              22.8758021
            ]
          ]
        ]
      },
      "id": "way/663471283"
    },
    {
      "type": "Feature",
      "properties": {
        "@id": "way/663649570",
        "natural": "water",
        "water": "basin"
      },
      "geometry": {
        "type": "Polygon",
        "coordinates": [
          [
            [
              72.5455179,
              22.9621028
            ],
            [
              72.5449092,
              22.9594407
            ],
            [
              72.5476105,
              22.958917
            ],
            [
              72.5482192,
              22.9615791
            ],
            [
              72.5455179,
              22.9621028
            ]
          ]
        ]
      },
      "id": "way/663649570"
    },
    {
      "type": "Feature",
      "properties": {
        "@id": "way/665041223",
        "natural": "water",
        "water": "pond"
      },
      "geometry": {
        "type": "Polygon",
        "coordinates": [
          [
            [
              72.7888931,
              22.8856285
            ],
            [
              72.7888466,
              22.885487
            ],
            [
              72.7886651,
              22.8854227
            ],
            [
              72.7887024,
              22.8852856
            ],
            [
              72.7891676,
              22.8849084
            ],
            [
              72.7894141,
              22.8846384
            ],
            [
              72.7897677,
              22.8846341
            ],
            [
              72.7898654,
              22.8850027
            ],
            [
              72.7902097,
              22.8854699
            ],
            [
              72.7898142,
              22.8859028
            ],
            [
              72.7888931,
              22.8856285
            ]
          ]
        ]
      },
      "id": "way/665041223"
    },
    {
      "type": "Feature",
      "properties": {
        "@id": "way/668414750",
        "natural": "water",
        "water": "pond"
      },
      "geometry": {
        "type": "Polygon",
        "coordinates": [
          [
            [
              72.7936754,
              23.0030916
            ],
            [
              72.7936565,
              23.0027047
            ],
            [
              72.7939475,
              23.0022459
            ],
            [
              72.794058,
              23.0016308
            ],
            [
              72.7942035,
              23.0015663
            ],
            [
              72.794904,
              23.0017176
            ],
            [
              72.7947316,
              23.0021169
            ],
            [
              72.7950549,
              23.0034636
            ],
            [
              72.7948932,
              23.0035975
            ],
            [
              72.7936754,
              23.0030916
            ]
          ]
        ]
      },
      "id": "way/668414750"
    },
    {
      "type": "Feature",
      "properties": {
        "@id": "way/668421747",
        "natural": "water",
        "water": "pond"
      },
      "geometry": {
        "type": "Polygon",
        "coordinates": [
          [
            [
              72.7579078,
              23.0341338
            ],
            [
              72.7583977,
              23.0334634
            ],
            [
              72.7588959,
              23.0334017
            ],
            [
              72.7593733,
              23.0337023
            ],
            [
              72.7595156,
              23.0340645
            ],
            [
              72.7593984,
              23.0353938
            ],
            [
              72.7596957,
              23.0365228
            ],
            [
              72.7597543,
              23.0377828
            ],
            [
              72.7595994,
              23.0377751
            ],
            [
              72.7593398,
              23.037671
            ],
            [
              72.7593858,
              23.0366423
            ],
            [
              72.7593146,
              23.0361491
            ],
            [
              72.7588792,
              23.0353437
            ],
            [
              72.7584898,
              23.0347812
            ],
            [
              72.758025,
              23.034496
            ],
            [
              72.7578785,
              23.0343034
            ],
            [
              72.7579078,
              23.0341338
            ]
          ]
        ]
      },
      "id": "way/668421747"
    },
    {
      "type": "Feature",
      "properties": {
        "@id": "way/668423637",
        "natural": "water",
        "water": "pond"
      },
      "geometry": {
        "type": "Polygon",
        "coordinates": [
          [
            [
              72.7304825,
              23.0136087
            ],
            [
              72.7302424,
              23.0132435
            ],
            [
              72.729616,
              23.012619
            ],
            [
              72.7290523,
              23.0122251
            ],
            [
              72.7289166,
              23.0120233
            ],
            [
              72.7289584,
              23.0117831
            ],
            [
              72.7291358,
              23.0116293
            ],
            [
              72.729616,
              23.0115429
            ],
            [
              72.7300545,
              23.0116534
            ],
            [
              72.7301902,
              23.0119224
            ],
            [
              72.7300806,
              23.0121002
            ],
            [
              72.7301902,
              23.0124797
            ],
            [
              72.7307748,
              23.0133492
            ],
            [
              72.7304825,
              23.0136087
            ]
          ]
        ]
      },
      "id": "way/668423637"
    },
    {
      "type": "Feature",
      "properties": {
        "@id": "way/668423642",
        "natural": "water",
        "water": "pond"
      },
      "geometry": {
        "type": "Polygon",
        "coordinates": [
          [
            [
              72.7567362,
              23.0046848
            ],
            [
              72.7566423,
              23.0044782
            ],
            [
              72.7563187,
              23.0042476
            ],
            [
              72.7565588,
              23.0039353
            ],
            [
              72.757326,
              23.0036855
            ],
            [
              72.7577593,
              23.0043965
            ],
            [
              72.7567362,
              23.0046848
            ]
          ]
        ]
      },
      "id": "way/668423642"
    },
    {
      "type": "Feature",
      "properties": {
        "@id": "way/668425059",
        "natural": "water",
        "water": "pond"
      },
      "geometry": {
        "type": "Polygon",
        "coordinates": [
          [
            [
              72.7320694,
              22.9818302
            ],
            [
              72.7331032,
              22.9818023
            ],
            [
              72.7338589,
              22.9820751
            ],
            [
              72.7340463,
              22.9835778
            ],
            [
              72.7344574,
              22.9845407
            ],
            [
              72.7348323,
              22.9862049
            ],
            [
              72.7345542,
              22.9861659
            ],
            [
              72.734264,
              22.9850639
            ],
            [
              72.7338589,
              22.9842402
            ],
            [
              72.7335566,
              22.9841511
            ],
            [
              72.7333873,
              22.983383
            ],
            [
              72.7325591,
              22.9828098
            ],
            [
              72.7320633,
              22.9822866
            ],
            [
              72.7320694,
              22.9818302
            ]
          ]
        ]
      },
      "id": "way/668425059"
    },
    {
      "type": "Feature",
      "properties": {
        "@id": "way/668426256",
        "natural": "water",
        "water": "pond"
      },
      "geometry": {
        "type": "Polygon",
        "coordinates": [
          [
            [
              72.6914409,
              22.9793943
            ],
            [
              72.6912525,
              22.9787351
            ],
            [
              72.6918629,
              22.9774167
            ],
            [
              72.6923151,
              22.9774445
            ],
            [
              72.6927975,
              22.977951
            ],
            [
              72.6931065,
              22.9788114
            ],
            [
              72.6925111,
              22.9795053
            ],
            [
              72.6914409,
              22.9793943
            ]
          ]
        ]
      },
      "id": "way/668426256"
    },
    {
      "type": "Feature",
      "properties": {
        "@id": "way/668426258",
        "natural": "water",
        "water": "pond"
      },
      "geometry": {
        "type": "Polygon",
        "coordinates": [
          [
            [
              72.6794262,
              22.9771346
            ],
            [
              72.6792817,
              22.976845
            ],
            [
              72.6793431,
              22.9764956
            ],
            [
              72.6795275,
              22.976216
            ],
            [
              72.67986,
              22.9760463
            ],
            [
              72.6803733,
              22.9760862
            ],
            [
              72.680536,
              22.976216
            ],
            [
              72.6806047,
              22.9765921
            ],
            [
              72.6805035,
              22.9770847
            ],
            [
              72.6798926,
              22.9772877
            ],
            [
              72.6794262,
              22.9771346
            ]
          ]
        ]
      },
      "id": "way/668426258"
    },
    {
      "type": "Feature",
      "properties": {
        "@id": "way/673827810",
        "natural": "water",
        "water": "pond"
      },
      "geometry": {
        "type": "Polygon",
        "coordinates": [
          [
            [
              72.7041532,
              23.1025863
            ],
            [
              72.7039389,
              23.1024827
            ],
            [
              72.7037027,
              23.1024225
            ],
            [
              72.7035246,
              23.1021986
            ],
            [
              72.7035937,
              23.1020114
            ],
            [
              72.7040733,
              23.1018677
            ],
            [
              72.7041423,
              23.1017073
            ],
            [
              72.7045202,
              23.1017607
            ],
            [
              72.7048218,
              23.1019212
            ],
            [
              72.705029,
              23.1023423
            ],
            [
              72.7048327,
              23.1025094
            ],
            [
              72.7041532,
              23.1025863
            ]
          ]
        ]
      },
      "id": "way/673827810"
    },
    {
      "type": "Feature",
      "properties": {
        "@id": "way/673883035",
        "natural": "water",
        "water": "pond"
      },
      "geometry": {
        "type": "Polygon",
        "coordinates": [
          [
            [
              72.4688117,
              23.1992153
            ],
            [
              72.4687075,
              23.1984867
            ],
            [
              72.4684991,
              23.1982619
            ],
            [
              72.4685263,
              23.1979829
            ],
            [
              72.4687664,
              23.197704
            ],
            [
              72.4692012,
              23.1974125
            ],
            [
              72.4696225,
              23.1974459
            ],
            [
              72.4700483,
              23.1979538
            ],
            [
              72.469618,
              23.1994069
            ],
            [
              72.4688117,
              23.1992153
            ]
          ]
        ]
      },
      "id": "way/673883035"
    },
    {
      "type": "Feature",
      "properties": {
        "@id": "way/674624236",
        "natural": "water",
        "water": "pond"
      },
      "geometry": {
        "type": "Polygon",
        "coordinates": [
          [
            [
              72.7615318,
              23.0786174
            ],
            [
              72.7615467,
              23.0778682
            ],
            [
              72.7609938,
              23.0771808
            ],
            [
              72.7609117,
              23.0765966
            ],
            [
              72.7609042,
              23.0761773
            ],
            [
              72.7615467,
              23.0759504
            ],
            [
              72.7621818,
              23.0773595
            ],
            [
              72.7621295,
              23.0781225
            ],
            [
              72.7617261,
              23.0785693
            ],
            [
              72.7615318,
              23.0786174
            ]
          ]
        ]
      },
      "id": "way/674624236"
    },
    {
      "type": "Feature",
      "properties": {
        "@id": "way/674648900",
        "natural": "water",
        "water": "river"
      },
      "geometry": {
        "type": "Polygon",
        "coordinates": [
          [
            [
              72.7837194,
              22.9630646
            ],
            [
              72.7845341,
              22.9625769
            ],
            [
              72.7852275,
              22.9635643
            ],
            [
              72.7869145,
              22.9649258
            ],
            [
              72.7882058,
              22.9669393
            ],
            [
              72.7892471,
              22.9678597
            ],
            [
              72.7893721,
              22.9688633
            ],
            [
              72.7887751,
              22.9694769
            ],
            [
              72.7857551,
              22.9704676
            ],
            [
              72.783485,
              22.970474
            ],
            [
              72.7828602,
              22.9707808
            ],
            [
              72.7828394,
              22.9716629
            ],
            [
              72.7835683,
              22.9728262
            ],
            [
              72.7861994,
              22.9742388
            ],
            [
              72.7872269,
              22.9753765
            ],
            [
              72.7886501,
              22.9766356
            ],
            [
              72.7892957,
              22.9783486
            ],
            [
              72.7896845,
              22.9800743
            ],
            [
              72.7902746,
              22.9804705
            ],
            [
              72.7913923,
              22.9802085
            ],
            [
              72.7934056,
              22.9784636
            ],
            [
              72.794565,
              22.9763352
            ],
            [
              72.7950162,
              22.9746734
            ],
            [
              72.795037,
              22.9739384
            ],
            [
              72.7957035,
              22.9734206
            ],
            [
              72.7975571,
              22.9730819
            ],
            [
              72.7985985,
              22.9734015
            ],
            [
              72.7990011,
              22.9740279
            ],
            [
              72.7995148,
              22.9752167
            ],
            [
              72.7992858,
              22.9761882
            ],
            [
              72.7972447,
              22.978291
            ],
            [
              72.7954328,
              22.9795821
            ],
            [
              72.7948704,
              22.9805025
            ],
            [
              72.7955716,
              22.9821898
            ],
            [
              72.7963214,
              22.98288
            ],
            [
              72.7975571,
              22.9836917
            ],
            [
              72.7992649,
              22.9844906
            ],
            [
              72.7996815,
              22.9851489
            ],
            [
              72.7994385,
              22.9863249
            ],
            [
              72.7971753,
              22.9891242
            ],
            [
              72.7965505,
              22.9887088
            ],
            [
              72.7979598,
              22.9867531
            ],
            [
              72.7980917,
              22.9861268
            ],
            [
              72.797932,
              22.9851553
            ],
            [
              72.7969045,
              22.9842797
            ],
            [
              72.7950509,
              22.9831932
            ],
            [
              72.7938221,
              22.9820556
            ],
            [
              72.7935167,
              22.98118
            ],
            [
              72.7939749,
              22.980119
            ],
            [
              72.7951551,
              22.9786426
            ],
            [
              72.7976682,
              22.9765334
            ],
            [
              72.7985152,
              22.9752103
            ],
            [
              72.7984666,
              22.9745008
            ],
            [
              72.7979945,
              22.9740406
            ],
            [
              72.7972933,
              22.9738297
            ],
            [
              72.7964325,
              22.9740918
            ],
            [
              72.7956549,
              22.9749227
            ],
            [
              72.7953911,
              22.9770063
            ],
            [
              72.794801,
              22.9782591
            ],
            [
              72.7930446,
              22.9799592
            ],
            [
              72.7919269,
              22.9808668
            ],
            [
              72.7906287,
              22.9814164
            ],
            [
              72.7895873,
              22.9811352
            ],
            [
              72.788782,
              22.9799209
            ],
            [
              72.7883377,
              22.9782719
            ],
            [
              72.787331,
              22.9764119
            ],
            [
              72.7857551,
              22.9746734
            ],
            [
              72.7828879,
              22.972986
            ],
            [
              72.7816383,
              22.9714584
            ],
            [
              72.7813398,
              22.9703398
            ],
            [
              72.7815758,
              22.9696495
            ],
            [
              72.7823812,
              22.9694385
            ],
            [
              72.7836933,
              22.9699755
            ],
            [
              72.7874005,
              22.9692468
            ],
            [
              72.7883863,
              22.9677319
            ],
            [
              72.7867062,
              22.9661914
            ],
            [
              72.7837194,
              22.9630646
            ]
          ]
        ]
      },
      "id": "way/674648900"
    },
    {
      "type": "Feature",
      "properties": {
        "@id": "way/674648901",
        "natural": "water",
        "water": "river"
      },
      "geometry": {
        "type": "Polygon",
        "coordinates": [
          [
            [
              72.7971753,
              22.9891242
            ],
            [
              72.7964772,
              22.9897585
            ],
            [
              72.7961015,
              22.9906251
            ],
            [
              72.7962797,
              22.9914453
            ],
            [
              72.7971262,
              22.9922399
            ],
            [
              72.7998717,
              22.9928654
            ],
            [
              72.8014812,
              22.9928141
            ],
            [
              72.8033078,
              22.9936498
            ],
            [
              72.804533,
              22.9944905
            ],
            [
              72.8050843,
              22.995321
            ],
            [
              72.8052124,
              22.9963924
            ],
            [
              72.804973,
              22.9975715
            ],
            [
              72.8045052,
              22.9990069
            ],
            [
              72.8044495,
              23.0008267
            ],
            [
              72.8047558,
              23.0023338
            ],
            [
              72.8057638,
              23.003031
            ],
            [
              72.806755,
              23.0030566
            ],
            [
              72.8089826,
              23.0018879
            ],
            [
              72.8114943,
              23.0008729
            ],
            [
              72.8131984,
              23.0008524
            ],
            [
              72.8144013,
              23.0011497
            ],
            [
              72.8155151,
              23.0017341
            ],
            [
              72.8149431,
              23.0022721
            ],
            [
              72.8132341,
              23.0017137
            ],
            [
              72.8114751,
              23.0018455
            ],
            [
              72.8094067,
              23.0025347
            ],
            [
              72.8063885,
              23.0040348
            ],
            [
              72.8052654,
              23.0042833
            ],
            [
              72.8043047,
              23.0040947
            ],
            [
              72.8039,
              23.0033424
            ],
            [
              72.8037578,
              23.0025557
            ],
            [
              72.8039826,
              22.9984357
            ],
            [
              72.8038441,
              22.9961428
            ],
            [
              72.8032762,
              22.9948269
            ],
            [
              72.8019196,
              22.9937404
            ],
            [
              72.8007841,
              22.9935664
            ],
            [
              72.7974735,
              22.9932925
            ],
            [
              72.7961802,
              22.9928358
            ],
            [
              72.7954447,
              22.9919535
            ],
            [
              72.795281,
              22.9908839
            ],
            [
              72.7958264,
              22.9895273
            ],
            [
              72.7965505,
              22.9887088
            ],
            [
              72.7971753,
              22.9891242
            ]
          ]
        ]
      },
      "id": "way/674648901"
    },
    {
      "type": "Feature",
      "properties": {
        "@id": "way/677535844",
        "intermittent": "no",
        "natural": "water",
        "salt": "no",
        "water": "pond"
      },
      "geometry": {
        "type": "Polygon",
        "coordinates": [
          [
            [
              72.5790404,
              23.1855172
            ],
            [
              72.5790288,
              23.1854797
            ],
            [
              72.5790615,
              23.1854582
            ],
            [
              72.5790685,
              23.1854078
            ],
            [
              72.5790323,
              23.1853659
            ],
            [
              72.5790019,
              23.1853477
            ],
            [
              72.5790019,
              23.1852951
            ],
            [
              72.5790404,
              23.1852468
            ],
            [
              72.5791152,
              23.1851727
            ],
            [
              72.5792366,
              23.1851556
            ],
            [
              72.5793055,
              23.1851609
            ],
            [
              72.5794514,
              23.1851223
            ],
            [
              72.5795623,
              23.1850719
            ],
            [
              72.579637,
              23.1850933
            ],
            [
              72.5796954,
              23.1852414
            ],
            [
              72.5797445,
              23.1853294
            ],
            [
              72.579769,
              23.1853895
            ],
            [
              72.5797491,
              23.1854518
            ],
            [
              72.5797199,
              23.1854786
            ],
            [
              72.5793638,
              23.1855301
            ],
            [
              72.5792471,
              23.1855419
            ],
            [
              72.5792413,
              23.185499
            ],
            [
              72.5790404,
              23.1855172
            ]
          ]
        ]
      },
      "id": "way/677535844"
    },
    {
      "type": "Feature",
      "properties": {
        "@id": "way/697465539",
        "natural": "water",
        "water": "pond"
      },
      "geometry": {
        "type": "Polygon",
        "coordinates": [
          [
            [
              72.5683525,
              22.9938666
            ],
            [
              72.5648514,
              22.993953
            ],
            [
              72.5648246,
              22.9929744
            ],
            [
              72.5683273,
              22.9928787
            ],
            [
              72.5683525,
              22.9938666
            ]
          ]
        ]
      },
      "id": "way/697465539"
    },
    {
      "type": "Feature",
      "properties": {
        "@id": "way/697465540",
        "natural": "water",
        "water": "pond"
      },
      "geometry": {
        "type": "Polygon",
        "coordinates": [
          [
            [
              72.5648229,
              22.992905
            ],
            [
              72.5648028,
              22.9919279
            ],
            [
              72.5682887,
              22.9918384
            ],
            [
              72.5683256,
              22.9928216
            ],
            [
              72.5648229,
              22.992905
            ]
          ]
        ]
      },
      "id": "way/697465540"
    },
    {
      "type": "Feature",
      "properties": {
        "@id": "way/721958902",
        "natural": "water",
        "water": "pond"
      },
      "geometry": {
        "type": "Polygon",
        "coordinates": [
          [
            [
              72.6885053,
              23.0232514
            ],
            [
              72.688419,
              23.0229687
            ],
            [
              72.6886261,
              23.0226256
            ],
            [
              72.6886537,
              23.0223809
            ],
            [
              72.6887918,
              23.0222793
            ],
            [
              72.6891404,
              23.0221681
            ],
            [
              72.6897514,
              23.0222189
            ],
            [
              72.6899965,
              23.0224667
            ],
            [
              72.6899724,
              23.0231307
            ],
            [
              72.6896341,
              23.0235914
            ],
            [
              72.689206,
              23.0236994
            ],
            [
              72.6887693,
              23.0235485
            ],
            [
              72.6885053,
              23.0232514
            ]
          ]
        ]
      },
      "id": "way/721958902"
    },
    {
      "type": "Feature",
      "properties": {
        "@id": "way/722140661",
        "natural": "water",
        "water": "pond"
      },
      "geometry": {
        "type": "Polygon",
        "coordinates": [
          [
            [
              72.5177102,
              23.1676184
            ],
            [
              72.51779,
              23.1672801
            ],
            [
              72.5176773,
              23.1672382
            ],
            [
              72.5175935,
              23.1671609
            ],
            [
              72.5175986,
              23.167026
            ],
            [
              72.5176239,
              23.1668158
            ],
            [
              72.5176986,
              23.1667079
            ],
            [
              72.5178224,
              23.1666032
            ],
            [
              72.5179671,
              23.166557
            ],
            [
              72.5181189,
              23.1665655
            ],
            [
              72.518171,
              23.1666822
            ],
            [
              72.5188759,
              23.1668824
            ],
            [
              72.5196849,
              23.1671784
            ],
            [
              72.5200174,
              23.1672328
            ],
            [
              72.5201698,
              23.1671923
            ],
            [
              72.5203599,
              23.1671088
            ],
            [
              72.5206229,
              23.1670939
            ],
            [
              72.5211475,
              23.1669156
            ],
            [
              72.5215001,
              23.1665902
            ],
            [
              72.5216984,
              23.1665318
            ],
            [
              72.5217241,
              23.1668385
            ],
            [
              72.5216624,
              23.1672046
            ],
            [
              72.5219819,
              23.1675295
            ],
            [
              72.5220478,
              23.1679159
            ],
            [
              72.5217366,
              23.1682576
            ],
            [
              72.5211299,
              23.1682275
            ],
            [
              72.5207077,
              23.168256
            ],
            [
              72.5202223,
              23.1682327
            ],
            [
              72.5194452,
              23.1680317
            ],
            [
              72.5191381,
              23.1680588
            ],
            [
              72.51881,
              23.1681634
            ],
            [
              72.5185244,
              23.1682025
            ],
            [
              72.5182474,
              23.1681084
            ],
            [
              72.5178728,
              23.167818
            ],
            [
              72.517789,
              23.1678486
            ],
            [
              72.5176763,
              23.1677821
            ],
            [
              72.5176864,
              23.1676731
            ],
            [
              72.5177102,
              23.1676184
            ]
          ]
        ]
      },
      "id": "way/722140661"
    },
    {
      "type": "Feature",
      "properties": {
        "@id": "way/758691086",
        "natural": "water",
        "water": "reservoir"
      },
      "geometry": {
        "type": "Polygon",
        "coordinates": [
          [
            [
              72.6881486,
              23.1085565
            ],
            [
              72.6880719,
              23.1084528
            ],
            [
              72.6877877,
              23.1083117
            ],
            [
              72.6876569,
              23.108237
            ],
            [
              72.6875125,
              23.1080337
            ],
            [
              72.6875125,
              23.1078719
            ],
            [
              72.6875847,
              23.1077475
            ],
            [
              72.6877471,
              23.1076396
            ],
            [
              72.6879817,
              23.107594
            ],
            [
              72.6882162,
              23.1076271
            ],
            [
              72.6883786,
              23.1076852
            ],
            [
              72.68855,
              23.1078221
            ],
            [
              72.6886403,
              23.1080296
            ],
            [
              72.6886312,
              23.1082412
            ],
            [
              72.6885906,
              23.1084072
            ],
            [
              72.6885049,
              23.1085109
            ],
            [
              72.6883741,
              23.1085607
            ],
            [
              72.6882882,
              23.108576
            ],
            [
              72.6882343,
              23.1085856
            ],
            [
              72.6881486,
              23.1085565
            ]
          ]
        ]
      },
      "id": "way/758691086"
    },
    {
      "type": "Feature",
      "properties": {
        "@id": "way/758691087",
        "natural": "water",
        "water": "reservoir"
      },
      "geometry": {
        "type": "Polygon",
        "coordinates": [
          [
            [
              72.6962607,
              23.0848529
            ],
            [
              72.6961159,
              23.0848183
            ],
            [
              72.696073,
              23.0847591
            ],
            [
              72.6961212,
              23.0845963
            ],
            [
              72.6960354,
              23.084537
            ],
            [
              72.6960354,
              23.0844877
            ],
            [
              72.6962017,
              23.0843397
            ],
            [
              72.6963251,
              23.0841669
            ],
            [
              72.6964646,
              23.0840534
            ],
            [
              72.6968454,
              23.0838264
            ],
            [
              72.6970225,
              23.0837524
            ],
            [
              72.6971297,
              23.0837524
            ],
            [
              72.69728,
              23.0837869
            ],
            [
              72.6974784,
              23.0838264
            ],
            [
              72.6976286,
              23.0838856
            ],
            [
              72.6977467,
              23.0839942
            ],
            [
              72.6978379,
              23.0840633
            ],
            [
              72.6978969,
              23.0840633
            ],
            [
              72.697972,
              23.0840041
            ],
            [
              72.6980578,
              23.0840041
            ],
            [
              72.6980524,
              23.0840633
            ],
            [
              72.6979612,
              23.0841965
            ],
            [
              72.6978593,
              23.0844877
            ],
            [
              72.6977306,
              23.0846851
            ],
            [
              72.6976662,
              23.0848331
            ],
            [
              72.6975535,
              23.0850009
            ],
            [
              72.6974516,
              23.0852181
            ],
            [
              72.6973658,
              23.0853562
            ],
            [
              72.69728,
              23.0854697
            ],
            [
              72.6972209,
              23.0855734
            ],
            [
              72.6971727,
              23.0856819
            ],
            [
              72.6970976,
              23.0856721
            ],
            [
              72.6970976,
              23.0855487
            ],
            [
              72.6970439,
              23.0854303
            ],
            [
              72.6968991,
              23.0853464
            ],
            [
              72.6967918,
              23.0852575
            ],
            [
              72.6967542,
              23.0850305
            ],
            [
              72.6967542,
              23.0849812
            ],
            [
              72.6965933,
              23.0848726
            ],
            [
              72.6965772,
              23.0848134
            ],
            [
              72.6964431,
              23.0848134
            ],
            [
              72.696368,
              23.0848479
            ],
            [
              72.6962607,
              23.0848529
            ]
          ]
        ]
      },
      "id": "way/758691087"
    },
    {
      "type": "Feature",
      "properties": {
        "@id": "way/758691088",
        "natural": "water",
        "water": "reservoir"
      },
      "geometry": {
        "type": "Polygon",
        "coordinates": [
          [
            [
              72.7033829,
              23.0590817
            ],
            [
              72.7029537,
              23.0592297
            ],
            [
              72.7027606,
              23.0592297
            ],
            [
              72.7027016,
              23.0592692
            ],
            [
              72.7026694,
              23.0593926
            ],
            [
              72.7024012,
              23.0594765
            ],
            [
              72.7021652,
              23.0595703
            ],
            [
              72.7019291,
              23.0597233
            ],
            [
              72.701618,
              23.0598319
            ],
            [
              72.7014678,
              23.0597085
            ],
            [
              72.7014249,
              23.059595
            ],
            [
              72.701441,
              23.0595259
            ],
            [
              72.701511,
              23.0595306
            ],
            [
              72.7016134,
              23.059548
            ],
            [
              72.7017082,
              23.0594678
            ],
            [
              72.7017196,
              23.0593945
            ],
            [
              72.7016324,
              23.0593456
            ],
            [
              72.7015186,
              23.0593665
            ],
            [
              72.7014503,
              23.0593247
            ],
            [
              72.7014541,
              23.0592304
            ],
            [
              72.7014806,
              23.0590454
            ],
            [
              72.7014806,
              23.0587872
            ],
            [
              72.701505,
              23.0585866
            ],
            [
              72.7015847,
              23.0583842
            ],
            [
              72.7017023,
              23.0582271
            ],
            [
              72.7018123,
              23.0581643
            ],
            [
              72.7018616,
              23.058091
            ],
            [
              72.701945,
              23.058084
            ],
            [
              72.7019981,
              23.0581783
            ],
            [
              72.702093,
              23.0582271
            ],
            [
              72.702294,
              23.0582655
            ],
            [
              72.7025975,
              23.0583039
            ],
            [
              72.7026961,
              23.0583249
            ],
            [
              72.7027416,
              23.0583423
            ],
            [
              72.7030678,
              23.0583633
            ],
            [
              72.7032537,
              23.0583633
            ],
            [
              72.7035078,
              23.0583807
            ],
            [
              72.7036748,
              23.0583877
            ],
            [
              72.7037544,
              23.0583772
            ],
            [
              72.7040048,
              23.0583563
            ],
            [
              72.7040579,
              23.0583772
            ],
            [
              72.7041072,
              23.0584505
            ],
            [
              72.7041072,
              23.0585657
            ],
            [
              72.7040275,
              23.0586634
            ],
            [
              72.7038568,
              23.0587891
            ],
            [
              72.7037734,
              23.05881
            ],
            [
              72.7037051,
              23.0588798
            ],
            [
              72.7035723,
              23.0589496
            ],
            [
              72.7034244,
              23.0590124
            ],
            [
              72.7034244,
              23.0590543
            ],
            [
              72.7033829,
              23.0590817
            ]
          ]
        ]
      },
      "id": "way/758691088"
    },
    {
      "type": "Feature",
      "properties": {
        "@id": "way/758691089",
        "natural": "water",
        "water": "reservoir"
      },
      "geometry": {
        "type": "Polygon",
        "coordinates": [
          [
            [
              72.7064667,
              23.0627009
            ],
            [
              72.7063613,
              23.0627155
            ],
            [
              72.7063103,
              23.0627332
            ],
            [
              72.7061572,
              23.0627273
            ],
            [
              72.7060041,
              23.0626745
            ],
            [
              72.7059658,
              23.0625864
            ],
            [
              72.7059148,
              23.0625189
            ],
            [
              72.7059116,
              23.0624221
            ],
            [
              72.7059594,
              23.0623546
            ],
            [
              72.7060264,
              23.06229
            ],
            [
              72.7060679,
              23.0621726
            ],
            [
              72.7060009,
              23.0620904
            ],
            [
              72.7059849,
              23.0619965
            ],
            [
              72.7059754,
              23.0619114
            ],
            [
              72.7058669,
              23.0618351
            ],
            [
              72.7057904,
              23.0618175
            ],
            [
              72.7057393,
              23.0618879
            ],
            [
              72.7056947,
              23.0619907
            ],
            [
              72.7056213,
              23.0620171
            ],
            [
              72.7055735,
              23.0619965
            ],
            [
              72.7054044,
              23.0620083
            ],
            [
              72.7052545,
              23.06202
            ],
            [
              72.7051939,
              23.0619584
            ],
            [
              72.705213,
              23.0618469
            ],
            [
              72.7053024,
              23.0618058
            ],
            [
              72.7053502,
              23.0617588
            ],
            [
              72.7053406,
              23.0616766
            ],
            [
              72.7052832,
              23.0615827
            ],
            [
              72.7052864,
              23.0614595
            ],
            [
              72.7053661,
              23.0613714
            ],
            [
              72.7054555,
              23.0612804
            ],
            [
              72.7055607,
              23.0612423
            ],
            [
              72.7055543,
              23.0611748
            ],
            [
              72.7055256,
              23.0608666
            ],
            [
              72.7055703,
              23.0606054
            ],
            [
              72.7055958,
              23.0605056
            ],
            [
              72.7057106,
              23.0604293
            ],
            [
              72.7058127,
              23.0603266
            ],
            [
              72.7058223,
              23.0602474
            ],
            [
              72.705768,
              23.0601505
            ],
            [
              72.7057234,
              23.0599774
            ],
            [
              72.7056532,
              23.059769
            ],
            [
              72.7056022,
              23.0596311
            ],
            [
              72.7056149,
              23.0595313
            ],
            [
              72.70565,
              23.0594902
            ],
            [
              72.7057362,
              23.0594814
            ],
            [
              72.7058095,
              23.0595606
            ],
            [
              72.7058637,
              23.059722
            ],
            [
              72.7059403,
              23.0597719
            ],
            [
              72.7060168,
              23.0597837
            ],
            [
              72.706087,
              23.0598306
            ],
            [
              72.7060934,
              23.0599187
            ],
            [
              72.706087,
              23.059951
            ],
            [
              72.7061444,
              23.060086
            ],
            [
              72.7061317,
              23.0601652
            ],
            [
              72.7061412,
              23.0602474
            ],
            [
              72.7061476,
              23.0603677
            ],
            [
              72.7061125,
              23.0604235
            ],
            [
              72.7061923,
              23.0605966
            ],
            [
              72.7062975,
              23.0607463
            ],
            [
              72.7063167,
              23.0608637
            ],
            [
              72.7063007,
              23.0609605
            ],
            [
              72.7063326,
              23.0610545
            ],
            [
              72.7064634,
              23.0611161
            ],
            [
              72.7065974,
              23.0610955
            ],
            [
              72.7066644,
              23.0611073
            ],
            [
              72.706843,
              23.0612305
            ],
            [
              72.7069004,
              23.0613421
            ],
            [
              72.7070216,
              23.0613949
            ],
            [
              72.7071619,
              23.0614301
            ],
            [
              72.7072321,
              23.061433
            ],
            [
              72.7072576,
              23.0614741
            ],
            [
              72.7072863,
              23.0615739
            ],
            [
              72.7073693,
              23.0615563
            ],
            [
              72.7074171,
              23.061706
            ],
            [
              72.7074203,
              23.0618586
            ],
            [
              72.7074713,
              23.0620435
            ],
            [
              72.7074713,
              23.0621227
            ],
            [
              72.7074331,
              23.0621638
            ],
            [
              72.7074331,
              23.0622665
            ],
            [
              72.7074777,
              23.0623252
            ],
            [
              72.7074426,
              23.0623751
            ],
            [
              72.7073278,
              23.0623428
            ],
            [
              72.7072927,
              23.062378
            ],
            [
              72.7072672,
              23.0624544
            ],
            [
              72.707331,
              23.0624866
            ],
            [
              72.7073757,
              23.0625453
            ],
            [
              72.7073533,
              23.06256
            ],
            [
              72.7067951,
              23.062604
            ],
            [
              72.7067888,
              23.0626422
            ],
            [
              72.7066771,
              23.0626921
            ],
            [
              72.7065623,
              23.0627273
            ],
            [
              72.7064667,
              23.0627009
            ]
          ]
        ]
      },
      "id": "way/758691089"
    },
    {
      "type": "Feature",
      "properties": {
        "@id": "way/758691090",
        "natural": "water",
        "water": "reservoir"
      },
      "geometry": {
        "type": "Polygon",
        "coordinates": [
          [
            [
              72.7202277,
              23.035636
            ],
            [
              72.7201633,
              23.0357446
            ],
            [
              72.7200131,
              23.0358137
            ],
            [
              72.7196859,
              23.0358187
            ],
            [
              72.7194713,
              23.0357446
            ],
            [
              72.719364,
              23.0355867
            ],
            [
              72.7192567,
              23.0352065
            ],
            [
              72.7192621,
              23.0348363
            ],
            [
              72.7193855,
              23.0344512
            ],
            [
              72.7195679,
              23.0343624
            ],
            [
              72.7197288,
              23.033997
            ],
            [
              72.7199327,
              23.0340612
            ],
            [
              72.7200185,
              23.0343179
            ],
            [
              72.7200346,
              23.0345055
            ],
            [
              72.7200882,
              23.0349153
            ],
            [
              72.720158,
              23.0351522
            ],
            [
              72.720217,
              23.0353448
            ],
            [
              72.7202277,
              23.035636
            ]
          ]
        ]
      },
      "id": "way/758691090"
    },
    {
      "type": "Feature",
      "properties": {
        "@id": "way/758691091",
        "natural": "water",
        "water": "reservoir"
      },
      "geometry": {
        "type": "Polygon",
        "coordinates": [
          [
            [
              72.7204423,
              23.0374424
            ],
            [
              72.7203286,
              23.0373342
            ],
            [
              72.7202072,
              23.0370549
            ],
            [
              72.7200403,
              23.0366395
            ],
            [
              72.7199075,
              23.036294
            ],
            [
              72.719862,
              23.0361159
            ],
            [
              72.7198885,
              23.0360322
            ],
            [
              72.7201044,
              23.0359642
            ],
            [
              72.7201954,
              23.0359851
            ],
            [
              72.7202561,
              23.0360004
            ],
            [
              72.7203168,
              23.0361191
            ],
            [
              72.7203775,
              23.0363146
            ],
            [
              72.7204382,
              23.0367893
            ],
            [
              72.7205069,
              23.0371724
            ],
            [
              72.720561,
              23.0373467
            ],
            [
              72.7205429,
              23.0374339
            ],
            [
              72.7204423,
              23.0374424
            ]
          ]
        ]
      },
      "id": "way/758691091"
    },
    {
      "type": "Feature",
      "properties": {
        "@id": "way/758691092",
        "natural": "water",
        "water": "reservoir"
      },
      "geometry": {
        "type": "Polygon",
        "coordinates": [
          [
            [
              72.6698181,
              23.0424015
            ],
            [
              72.6697671,
              23.0424163
            ],
            [
              72.6696759,
              23.0423817
            ],
            [
              72.6696303,
              23.0423176
            ],
            [
              72.669515,
              23.0422336
            ],
            [
              72.6694614,
              23.0421571
            ],
            [
              72.6693433,
              23.0421201
            ],
            [
              72.6692629,
              23.0420288
            ],
            [
              72.6692012,
              23.04193
            ],
            [
              72.6692387,
              23.0418461
            ],
            [
              72.6692173,
              23.0418091
            ],
            [
              72.669228,
              23.0417696
            ],
            [
              72.6692816,
              23.0417449
            ],
            [
              72.6694453,
              23.0417425
            ],
            [
              72.6696411,
              23.0417647
            ],
            [
              72.6697054,
              23.0417499
            ],
            [
              72.6697913,
              23.0417671
            ],
            [
              72.6698503,
              23.0418338
            ],
            [
              72.6698503,
              23.0419621
            ],
            [
              72.6698449,
              23.0420905
            ],
            [
              72.6698154,
              23.0422731
            ],
            [
              72.6698181,
              23.0424015
            ]
          ]
        ]
      },
      "id": "way/758691092"
    },
    {
      "type": "Feature",
      "properties": {
        "@id": "way/879848912",
        "natural": "water",
        "water": "pond"
      },
      "geometry": {
        "type": "Polygon",
        "coordinates": [
          [
            [
              72.7305327,
              22.9325303
            ],
            [
              72.7308449,
              22.9322828
            ],
            [
              72.7313982,
              22.9317295
            ],
            [
              72.7321215,
              22.9314092
            ],
            [
              72.7323191,
              22.9314929
            ],
            [
              72.731916,
              22.9319552
            ],
            [
              72.7315089,
              22.9330436
            ],
            [
              72.7309279,
              22.9329489
            ],
            [
              72.7305327,
              22.9325303
            ]
          ]
        ]
      },
      "id": "way/879848912"
    },
    {
      "type": "Feature",
      "properties": {
        "@id": "way/879848913",
        "natural": "water",
        "water": "pond"
      },
      "geometry": {
        "type": "Polygon",
        "coordinates": [
          [
            [
              72.7306658,
              22.933502
            ],
            [
              72.7311032,
              22.9337085
            ],
            [
              72.7306604,
              22.9346954
            ],
            [
              72.7305565,
              22.9350378
            ],
            [
              72.7307041,
              22.9354054
            ],
            [
              72.7309501,
              22.93607
            ],
            [
              72.7304909,
              22.9370922
            ],
            [
              72.7303378,
              22.9374144
            ],
            [
              72.7303323,
              22.9377518
            ],
            [
              72.7304526,
              22.9379381
            ],
            [
              72.7308244,
              22.9380589
            ],
            [
              72.730797,
              22.9381949
            ],
            [
              72.7300753,
              22.9381496
            ],
            [
              72.729966,
              22.9372835
            ],
            [
              72.7304362,
              22.9363369
            ],
            [
              72.7304526,
              22.9361154
            ],
            [
              72.7303596,
              22.9357881
            ],
            [
              72.7300371,
              22.9353701
            ],
            [
              72.7301847,
              22.9349472
            ],
            [
              72.7302722,
              22.934358
            ],
            [
              72.7306658,
              22.933502
            ]
          ]
        ]
      },
      "id": "way/879848913"
    },
    {
      "type": "Feature",
      "properties": {
        "@id": "way/922160497",
        "natural": "water",
        "water": "pond"
      },
      "geometry": {
        "type": "Polygon",
        "coordinates": [
          [
            [
              72.6772627,
              23.1626252
            ],
            [
              72.6772141,
              23.1626302
            ],
            [
              72.6771763,
              23.1626021
            ],
            [
              72.6771691,
              23.1625706
            ],
            [
              72.6771619,
              23.1625144
            ],
            [
              72.6771422,
              23.1624879
            ],
            [
              72.6771026,
              23.1624317
            ],
            [
              72.6771044,
              23.1623986
            ],
            [
              72.677117,
              23.1623787
            ],
            [
              72.6771494,
              23.162392
            ],
            [
              72.6771673,
              23.1624184
            ],
            [
              72.6772195,
              23.1624333
            ],
            [
              72.6772285,
              23.1624747
            ],
            [
              72.6772465,
              23.1624846
            ],
            [
              72.6772447,
              23.1625111
            ],
            [
              72.6772681,
              23.162564
            ],
            [
              72.6772843,
              23.1626004
            ],
            [
              72.6772627,
              23.1626252
            ]
          ]
        ]
      },
      "id": "way/922160497"
    },
    {
      "type": "Feature",
      "properties": {
        "@id": "way/922160498",
        "natural": "water",
        "water": "pond"
      },
      "geometry": {
        "type": "Polygon",
        "coordinates": [
          [
            [
              72.6767931,
              23.162789
            ],
            [
              72.6767499,
              23.1627923
            ],
            [
              72.6766977,
              23.1627774
            ],
            [
              72.6766348,
              23.1627228
            ],
            [
              72.6766222,
              23.1626815
            ],
            [
              72.6766402,
              23.1626633
            ],
            [
              72.6766725,
              23.1626649
            ],
            [
              72.6767247,
              23.1626964
            ],
            [
              72.6767571,
              23.1626964
            ],
            [
              72.6767787,
              23.1626748
            ],
            [
              72.6767841,
              23.1626236
            ],
            [
              72.6767769,
              23.1625541
            ],
            [
              72.6767733,
              23.1624978
            ],
            [
              72.6767841,
              23.1624565
            ],
            [
              72.6768165,
              23.1624482
            ],
            [
              72.6769064,
              23.1624714
            ],
            [
              72.676964,
              23.1624846
            ],
            [
              72.677018,
              23.1624813
            ],
            [
              72.6770576,
              23.162483
            ],
            [
              72.677081,
              23.1624978
            ],
            [
              72.6770828,
              23.1625243
            ],
            [
              72.6770702,
              23.1625442
            ],
            [
              72.6770396,
              23.1625607
            ],
            [
              72.6769892,
              23.1625723
            ],
            [
              72.6769208,
              23.1626037
            ],
            [
              72.6768813,
              23.1626467
            ],
            [
              72.6768561,
              23.1626964
            ],
            [
              72.6768399,
              23.1627493
            ],
            [
              72.6768255,
              23.1627758
            ],
            [
              72.6767931,
              23.162789
            ]
          ]
        ]
      },
      "id": "way/922160498"
    },
    {
      "type": "Feature",
      "properties": {
        "@id": "way/938464248",
        "natural": "water",
        "water": "pond"
      },
      "geometry": {
        "type": "Polygon",
        "coordinates": [
          [
            [
              72.7137583,
              22.9058269
            ],
            [
              72.7136806,
              22.9055378
            ],
            [
              72.713753,
              22.9053772
            ],
            [
              72.7139783,
              22.9052413
            ],
            [
              72.7145201,
              22.9051746
            ],
            [
              72.714732,
              22.9051796
            ],
            [
              72.7148017,
              22.9052661
            ],
            [
              72.715027,
              22.9066126
            ],
            [
              72.7149868,
              22.9067238
            ],
            [
              72.7148259,
              22.9067188
            ],
            [
              72.7146864,
              22.9066472
            ],
            [
              72.7146515,
              22.9065409
            ],
            [
              72.714496,
              22.906536
            ],
            [
              72.7144504,
              22.9065656
            ],
            [
              72.7143645,
              22.9066472
            ],
            [
              72.7142787,
              22.9065681
            ],
            [
              72.7140534,
              22.9062939
            ],
            [
              72.7137583,
              22.9058269
            ]
          ]
        ]
      },
      "id": "way/938464248"
    },
    {
      "type": "Feature",
      "properties": {
        "@id": "way/938464250",
        "natural": "water",
        "water": "pond"
      },
      "geometry": {
        "type": "Polygon",
        "coordinates": [
          [
            [
              72.7150297,
              22.9243164
            ],
            [
              72.7149761,
              22.9242966
            ],
            [
              72.7147186,
              22.9240348
            ],
            [
              72.7146649,
              22.9238001
            ],
            [
              72.7147159,
              22.9236321
            ],
            [
              72.7148634,
              22.9235382
            ],
            [
              72.7151638,
              22.9233604
            ],
            [
              72.7153543,
              22.9232294
            ],
            [
              72.7154723,
              22.9229626
            ],
            [
              72.7159658,
              22.9225723
            ],
            [
              72.7162367,
              22.9225501
            ],
            [
              72.7169341,
              22.9225674
            ],
            [
              72.7170038,
              22.9226464
            ],
            [
              72.7168214,
              22.923353
            ],
            [
              72.7165049,
              22.9234814
            ],
            [
              72.7163547,
              22.9236445
            ],
            [
              72.7150297,
              22.9243164
            ]
          ]
        ]
      },
      "id": "way/938464250"
    },
    {
      "type": "Feature",
      "properties": {
        "@id": "way/938464270",
        "natural": "water",
        "water": "pond"
      },
      "geometry": {
        "type": "Polygon",
        "coordinates": [
          [
            [
              72.7152577,
              22.8920817
            ],
            [
              72.7149278,
              22.8920273
            ],
            [
              72.7148446,
              22.8919977
            ],
            [
              72.7148151,
              22.8919581
            ],
            [
              72.7148178,
              22.8918272
            ],
            [
              72.7146918,
              22.8917802
            ],
            [
              72.7146918,
              22.8916221
            ],
            [
              72.7147293,
              22.8916245
            ],
            [
              72.7149197,
              22.8914565
            ],
            [
              72.7150404,
              22.8911798
            ],
            [
              72.7151048,
              22.8910513
            ],
            [
              72.7153462,
              22.8908882
            ],
            [
              72.7155125,
              22.8909302
            ],
            [
              72.7160034,
              22.8911353
            ],
            [
              72.716175,
              22.891674
            ],
            [
              72.7163547,
              22.891716
            ],
            [
              72.7164888,
              22.8919136
            ],
            [
              72.7164996,
              22.8920125
            ],
            [
              72.7164406,
              22.892099
            ],
            [
              72.7162608,
              22.8921904
            ],
            [
              72.7160624,
              22.8921978
            ],
            [
              72.7152577,
              22.8920817
            ]
          ]
        ]
      },
      "id": "way/938464270"
    },
    {
      "type": "Feature",
      "properties": {
        "@id": "way/950270679",
        "intermittent": "yes",
        "name": "Narol Lake",
        "natural": "water",
        "water": "basin"
      },
      "geometry": {
        "type": "Polygon",
        "coordinates": [
          [
            [
              72.5946944,
              22.9610259
            ],
            [
              72.5946515,
              22.9605863
            ],
            [
              72.5947588,
              22.9604727
            ],
            [
              72.5949036,
              22.9604085
            ],
            [
              72.5950002,
              22.9601912
            ],
            [
              72.5951665,
              22.9600578
            ],
            [
              72.5953113,
              22.9598899
            ],
            [
              72.5953596,
              22.9598306
            ],
            [
              72.5956868,
              22.9598257
            ],
            [
              72.5957244,
              22.9598997
            ],
            [
              72.5957995,
              22.9599936
            ],
            [
              72.5959389,
              22.9600232
            ],
            [
              72.5961374,
              22.9601665
            ],
            [
              72.5961535,
              22.9602356
            ],
            [
              72.5962071,
              22.9603196
            ],
            [
              72.5963144,
              22.9603887
            ],
            [
              72.5963895,
              22.9605024
            ],
            [
              72.5964485,
              22.9606357
            ],
            [
              72.5965666,
              22.9607296
            ],
            [
              72.5966148,
              22.9607197
            ],
            [
              72.5967221,
              22.9609667
            ],
            [
              72.5969528,
              22.9611247
            ],
            [
              72.5967704,
              22.9612927
            ],
            [
              72.5964754,
              22.9616483
            ],
            [
              72.5961428,
              22.9618064
            ],
            [
              72.5956975,
              22.9615495
            ],
            [
              72.5951235,
              22.961263
            ],
            [
              72.5946944,
              22.9610259
            ]
          ]
        ]
      },
      "id": "way/950270679"
    },
    {
      "type": "Feature",
      "properties": {
        "@id": "way/972664074",
        "natural": "water",
        "water": "pond"
      },
      "geometry": {
        "type": "Polygon",
        "coordinates": [
          [
            [
              72.4083481,
              23.0260133
            ],
            [
              72.4083839,
              23.0259893
            ],
            [
              72.408436,
              23.0259563
            ],
            [
              72.4084848,
              23.0259413
            ],
            [
              72.4085337,
              23.0259413
            ],
            [
              72.4085728,
              23.0259953
            ],
            [
              72.4086119,
              23.0260672
            ],
            [
              72.4086444,
              23.0261272
            ],
            [
              72.4087779,
              23.0261391
            ],
            [
              72.4088431,
              23.0260702
            ],
            [
              72.4089278,
              23.0260702
            ],
            [
              72.4090092,
              23.0260402
            ],
            [
              72.4092144,
              23.0260462
            ],
            [
              72.4093642,
              23.0260612
            ],
            [
              72.4095107,
              23.0261092
            ],
            [
              72.4095465,
              23.0261391
            ],
            [
              72.4096182,
              23.0261901
            ],
            [
              72.4096996,
              23.0262381
            ],
            [
              72.4098266,
              23.026247
            ],
            [
              72.4099308,
              23.0261871
            ],
            [
              72.4100416,
              23.0260762
            ],
            [
              72.4102891,
              23.0260612
            ],
            [
              72.4104714,
              23.0260342
            ],
            [
              72.410605,
              23.0260792
            ],
            [
              72.4106766,
              23.0261511
            ],
            [
              72.4107222,
              23.026292
            ],
            [
              72.4107613,
              23.0264239
            ],
            [
              72.4107841,
              23.0265558
            ],
            [
              72.4107971,
              23.0267955
            ],
            [
              72.4107873,
              23.0269274
            ],
            [
              72.4107841,
              23.0270683
            ],
            [
              72.4107776,
              23.0272241
            ],
            [
              72.4107808,
              23.0273201
            ],
            [
              72.4107873,
              23.027425
            ],
            [
              72.4108362,
              23.0276288
            ],
            [
              72.4111879,
              23.0278685
            ],
            [
              72.4112531,
              23.0280334
            ],
            [
              72.4112335,
              23.0281653
            ],
            [
              72.4112335,
              23.0282102
            ],
            [
              72.4112107,
              23.0282912
            ],
            [
              72.4111228,
              23.0283001
            ],
            [
              72.411087,
              23.0282552
            ],
            [
              72.4110316,
              23.0281833
            ],
            [
              72.4109958,
              23.0281053
            ],
            [
              72.4109209,
              23.0280754
            ],
            [
              72.4108329,
              23.0280873
            ],
            [
              72.4107157,
              23.0280754
            ],
            [
              72.4105724,
              23.0280304
            ],
            [
              72.4104324,
              23.0279854
            ],
            [
              72.4103444,
              23.0279105
            ],
            [
              72.4102923,
              23.0278086
            ],
            [
              72.410263,
              23.0277247
            ],
            [
              72.4101621,
              23.0276827
            ],
            [
              72.4100513,
              23.0275419
            ],
            [
              72.409908,
              23.0272571
            ],
            [
              72.4097354,
              23.0270533
            ],
            [
              72.409514,
              23.0268974
            ],
            [
              72.4093642,
              23.0268645
            ],
            [
              72.4092371,
              23.0269004
            ],
            [
              72.4091069,
              23.0269394
            ],
            [
              72.4090515,
              23.0269814
            ],
            [
              72.4090027,
              23.0270293
            ],
            [
              72.4089571,
              23.0270923
            ],
            [
              72.4089212,
              23.0270893
            ],
            [
              72.4088887,
              23.0270683
            ],
            [
              72.4088691,
              23.0270383
            ],
            [
              72.4088529,
              23.0269694
            ],
            [
              72.4088203,
              23.0268825
            ],
            [
              72.4088105,
              23.0268255
            ],
            [
              72.408791,
              23.0267266
            ],
            [
              72.4087714,
              23.0266517
            ],
            [
              72.4087486,
              23.0265707
            ],
            [
              72.4087356,
              23.0265078
            ],
            [
              72.4087324,
              23.0263789
            ],
            [
              72.4087258,
              23.026316
            ],
            [
              72.4087258,
              23.026244
            ],
            [
              72.408664,
              23.0262291
            ],
            [
              72.408576,
              23.026259
            ],
            [
              72.408563,
              23.026334
            ],
            [
              72.4085597,
              23.0264389
            ],
            [
              72.4085663,
              23.0265558
            ],
            [
              72.4085858,
              23.0266607
            ],
            [
              72.4086281,
              23.0267476
            ],
            [
              72.4086509,
              23.0268255
            ],
            [
              72.40869,
              23.0269484
            ],
            [
              72.408703,
              23.0270353
            ],
            [
              72.4086933,
              23.0271103
            ],
            [
              72.408677,
              23.0271882
            ],
            [
              72.4086281,
              23.0272571
            ],
            [
              72.4085663,
              23.0272721
            ],
            [
              72.4084718,
              23.0272661
            ],
            [
              72.4083871,
              23.0272421
            ],
            [
              72.408335,
              23.0271642
            ],
            [
              72.4082666,
              23.0270563
            ],
            [
              72.408296,
              23.0268855
            ],
            [
              72.4083122,
              23.0268225
            ],
            [
              72.4083188,
              23.0267026
            ],
            [
              72.4083188,
              23.0266037
            ],
            [
              72.4083122,
              23.0265018
            ],
            [
              72.4083025,
              23.0263879
            ],
            [
              72.4083285,
              23.026313
            ],
            [
              72.4083546,
              23.0261841
            ],
            [
              72.4083481,
              23.0260133
            ]
          ]
        ]
      },
      "id": "way/972664074"
    },
    {
      "type": "Feature",
      "properties": {
        "@id": "way/972664075",
        "name": "Manipur Lake",
        "natural": "water",
        "water": "lake"
      },
      "geometry": {
        "type": "Polygon",
        "coordinates": [
          [
            [
              72.4211881,
              23.0363097
            ],
            [
              72.421255,
              23.0362405
            ],
            [
              72.4214013,
              23.0360751
            ],
            [
              72.4215978,
              23.0357559
            ],
            [
              72.4217399,
              23.0355674
            ],
            [
              72.4221829,
              23.0352327
            ],
            [
              72.4227472,
              23.0349019
            ],
            [
              72.4233282,
              23.0347481
            ],
            [
              72.423696,
              23.0346634
            ],
            [
              72.4240889,
              23.0346134
            ],
            [
              72.4243021,
              23.0346404
            ],
            [
              72.4243857,
              23.0347673
            ],
            [
              72.4244233,
              23.0349481
            ],
            [
              72.4244442,
              23.0351558
            ],
            [
              72.4244484,
              23.0353981
            ],
            [
              72.4243857,
              23.0356366
            ],
            [
              72.4243397,
              23.0359251
            ],
            [
              72.4244066,
              23.0361367
            ],
            [
              72.4244484,
              23.0362636
            ],
            [
              72.4243815,
              23.0363982
            ],
            [
              72.4241934,
              23.0364674
            ],
            [
              72.423976,
              23.0364482
            ],
            [
              72.4238088,
              23.0364174
            ],
            [
              72.4235497,
              23.0364367
            ],
            [
              72.4234368,
              23.0363982
            ],
            [
              72.4234034,
              23.0363174
            ],
            [
              72.4234536,
              23.0362444
            ],
            [
              72.4234703,
              23.0361674
            ],
            [
              72.4234619,
              23.0360405
            ],
            [
              72.423533,
              23.0358789
            ],
            [
              72.4236208,
              23.0356712
            ],
            [
              72.4236124,
              23.0355251
            ],
            [
              72.4235455,
              23.0353981
            ],
            [
              72.4234536,
              23.035252
            ],
            [
              72.4233031,
              23.0351289
            ],
            [
              72.423115,
              23.0351827
            ],
            [
              72.422906,
              23.0351789
            ],
            [
              72.422697,
              23.0352327
            ],
            [
              72.4226636,
              23.035352
            ],
            [
              72.4226176,
              23.0355712
            ],
            [
              72.422626,
              23.0357482
            ],
            [
              72.4226761,
              23.0358135
            ],
            [
              72.4227138,
              23.035902
            ],
            [
              72.4226385,
              23.0359443
            ],
            [
              72.4225549,
              23.0359328
            ],
            [
              72.4225758,
              23.0358789
            ],
            [
              72.4224588,
              23.0358443
            ],
            [
              72.4223835,
              23.035902
            ],
            [
              72.4223501,
              23.0359866
            ],
            [
              72.4222205,
              23.0360174
            ],
            [
              72.4220868,
              23.0360597
            ],
            [
              72.4220074,
              23.0360559
            ],
            [
              72.4219698,
              23.0360213
            ],
            [
              72.4218778,
              23.0360482
            ],
            [
              72.4218736,
              23.0361097
            ],
            [
              72.4218485,
              23.0362251
            ],
            [
              72.4217858,
              23.0362636
            ],
            [
              72.4216813,
              23.0363213
            ],
            [
              72.4214765,
              23.0363751
            ],
            [
              72.4212634,
              23.0364328
            ],
            [
              72.4211881,
              23.0363097
            ]
          ]
        ]
      },
      "id": "way/972664075"
    },
    {
      "type": "Feature",
      "properties": {
        "@id": "way/972664076",
        "natural": "water",
        "water": "pond"
      },
      "geometry": {
        "type": "Polygon",
        "coordinates": [
          [
            [
              72.4343215,
              23.036332
            ],
            [
              72.4343658,
              23.0362777
            ],
            [
              72.4343758,
              23.0361864
            ],
            [
              72.4344765,
              23.0360536
            ],
            [
              72.4345466,
              23.035945
            ],
            [
              72.434613,
              23.0357956
            ],
            [
              72.4347052,
              23.0357073
            ],
            [
              72.4347864,
              23.0355952
            ],
            [
              72.4348454,
              23.0355002
            ],
            [
              72.4349082,
              23.0354289
            ],
            [
              72.4350336,
              23.0354628
            ],
            [
              72.4350816,
              23.0355545
            ],
            [
              72.4351369,
              23.0357277
            ],
            [
              72.4351074,
              23.035799
            ],
            [
              72.4351111,
              23.0359314
            ],
            [
              72.4351849,
              23.0360332
            ],
            [
              72.4352992,
              23.0360366
            ],
            [
              72.4353472,
              23.0361724
            ],
            [
              72.4353361,
              23.0363388
            ],
            [
              72.4353288,
              23.0364678
            ],
            [
              72.4353463,
              23.0365901
            ],
            [
              72.4352908,
              23.0367556
            ],
            [
              72.4352214,
              23.0367833
            ],
            [
              72.4351143,
              23.0368322
            ],
            [
              72.4350515,
              23.0368526
            ],
            [
              72.4349783,
              23.0368651
            ],
            [
              72.4349229,
              23.0368209
            ],
            [
              72.4348639,
              23.0367428
            ],
            [
              72.4347643,
              23.0366376
            ],
            [
              72.4346979,
              23.0364984
            ],
            [
              72.4345909,
              23.0364644
            ],
            [
              72.4344433,
              23.0364441
            ],
            [
              72.4343215,
              23.036332
            ]
          ]
        ]
      },
      "id": "way/972664076"
    },
    {
      "type": "Feature",
      "properties": {
        "@id": "way/972959138",
        "amenity": "bus_station",
        "bench": "yes",
        "building": "yes",
        "bus": "yes",
        "name": "Iskcon Cross Road BRTS",
        "network": "BRTS",
        "operator": "Ahmedabad Janmarg Ltd.",
        "public_transport": "station",
        "shelter": "yes",
        "wheelchair": "yes"
      },
      "geometry": {
        "type": "Polygon",
        "coordinates": [
          [
            [
              72.5083304,
              23.0271344
            ],
            [
              72.5086614,
              23.0271137
            ],
            [
              72.5087157,
              23.0271722
            ],
            [
              72.5083951,
              23.0271908
            ],
            [
              72.5083304,
              23.0271344
            ]
          ]
        ]
      },
      "id": "way/972959138"
    },
    {
      "type": "Feature",
      "properties": {
        "@id": "way/972959139",
        "amenity": "bus_station",
        "building": "yes",
        "bus": "yes",
        "name": "Ashok Vatika BRTS",
        "network": "BRTS",
        "operator": "Ahmedabad Janmarg Ltd.",
        "public_transport": "station"
      },
      "geometry": {
        "type": "Polygon",
        "coordinates": [
          [
            [
              72.4955607,
              23.0279715
            ],
            [
              72.4955042,
              23.0279113
            ],
            [
              72.4958522,
              23.0279058
            ],
            [
              72.4958998,
              23.0279619
            ],
            [
              72.4955607,
              23.0279715
            ]
          ]
        ]
      },
      "id": "way/972959139"
    },
    {
      "type": "Feature",
      "properties": {
        "@id": "way/972959140",
        "amenity": "bus_station",
        "building": "yes",
        "bus": "yes",
        "name": "Jaintilal Park BRTS",
        "network": "BRTS",
        "operator": "Ahmedabad Janmarg Ltd.",
        "public_transport": "station"
      },
      "geometry": {
        "type": "Polygon",
        "coordinates": [
          [
            [
              72.4908775,
              23.0284747
            ],
            [
              72.4908237,
              23.0284288
            ],
            [
              72.4911335,
              23.0283744
            ],
            [
              72.4911952,
              23.0284215
            ],
            [
              72.4908775,
              23.0284747
            ]
          ]
        ]
      },
      "id": "way/972959140"
    },
    {
      "type": "Feature",
      "properties": {
        "@id": "way/972959141",
        "amenity": "bus_station",
        "building": "yes",
        "bus": "yes",
        "name": "Swagat Bunglows BRTS",
        "network": "BRTS",
        "operator": "Ahmedabad Janmarg Ltd.",
        "public_transport": "station"
      },
      "geometry": {
        "type": "Polygon",
        "coordinates": [
          [
            [
              72.4857362,
              23.0278668
            ],
            [
              72.4857154,
              23.0278393
            ],
            [
              72.4857461,
              23.0278086
            ],
            [
              72.4860205,
              23.0278917
            ],
            [
              72.4860539,
              23.0279582
            ],
            [
              72.4857362,
              23.0278668
            ]
          ]
        ]
      },
      "id": "way/972959141"
    },
    {
      "type": "Feature",
      "properties": {
        "@id": "way/972959142",
        "amenity": "bus_station",
        "building": "yes",
        "bus": "yes",
        "name": "Ambli Gam BRTS",
        "network": "BRTS",
        "operator": "Ahmedabad Janmarg Ltd.",
        "public_transport": "station"
      },
      "geometry": {
        "type": "Polygon",
        "coordinates": [
          [
            [
              72.4820434,
              23.0264288
            ],
            [
              72.482029,
              23.0263978
            ],
            [
              72.4820567,
              23.0263827
            ],
            [
              72.4823287,
              23.0264815
            ],
            [
              72.4823563,
              23.0265408
            ],
            [
              72.4820434,
              23.0264288
            ]
          ]
        ]
      },
      "id": "way/972959142"
    },
    {
      "type": "Feature",
      "properties": {
        "@id": "way/972959143",
        "amenity": "bus_station",
        "bench": "yes",
        "building": "yes",
        "bus": "yes",
        "name": "Bopal Appoach BRTS",
        "network": "BRTS",
        "operator": "Ahmedabad Janmarg Ltd.",
        "public_transport": "station",
        "shelter": "yes"
      },
      "geometry": {
        "type": "Polygon",
        "coordinates": [
          [
            [
              72.4777571,
              23.0258557
            ],
            [
              72.4777333,
              23.0258242
            ],
            [
              72.4777541,
              23.0258119
            ],
            [
              72.4780516,
              23.0258379
            ],
            [
              72.4780947,
              23.0258844
            ],
            [
              72.4777571,
              23.0258557
            ]
          ]
        ]
      },
      "id": "way/972959143"
    },
    {
      "type": "Feature",
      "properties": {
        "@id": "way/973444845",
        "natural": "water",
        "water": "pond"
      },
      "geometry": {
        "type": "Polygon",
        "coordinates": [
          [
            [
              72.4297287,
              22.9841161
            ],
            [
              72.429638,
              22.983729
            ],
            [
              72.4296545,
              22.9835089
            ],
            [
              72.4299101,
              22.9833267
            ],
            [
              72.4303388,
              22.983061
            ],
            [
              72.4306521,
              22.9829776
            ],
            [
              72.4309406,
              22.983266
            ],
            [
              72.4309653,
              22.9834633
            ],
            [
              72.4306356,
              22.9835468
            ],
            [
              72.4305779,
              22.9837821
            ],
            [
              72.43038,
              22.9839491
            ],
            [
              72.4299925,
              22.9840781
            ],
            [
              72.4297287,
              22.9841161
            ]
          ]
        ]
      },
      "id": "way/973444845"
    },
    {
      "type": "Feature",
      "properties": {
        "@id": "way/973444846",
        "natural": "water",
        "water": "pond"
      },
      "geometry": {
        "type": "Polygon",
        "coordinates": [
          [
            [
              72.4348813,
              22.9864625
            ],
            [
              72.4350414,
              22.9861476
            ],
            [
              72.4351287,
              22.9858863
            ],
            [
              72.4353325,
              22.9856518
            ],
            [
              72.4353689,
              22.9853705
            ],
            [
              72.4353398,
              22.9851159
            ],
            [
              72.4356163,
              22.9848747
            ],
            [
              72.4358419,
              22.9846938
            ],
            [
              72.436213,
              22.9847139
            ],
            [
              72.4362422,
              22.9849283
            ],
            [
              72.4360311,
              22.9852901
            ],
            [
              72.4359583,
              22.985625
            ],
            [
              72.4358346,
              22.9858662
            ],
            [
              72.4357255,
              22.9861208
            ],
            [
              72.4356163,
              22.9863017
            ],
            [
              72.4353616,
              22.9865496
            ],
            [
              72.4350923,
              22.9866032
            ],
            [
              72.4348813,
              22.9864625
            ]
          ]
        ]
      },
      "id": "way/973444846"
    },
    {
      "type": "Feature",
      "properties": {
        "@id": "way/973934640",
        "natural": "water"
      },
      "geometry": {
        "type": "Polygon",
        "coordinates": [
          [
            [
              72.4010357,
              23.0534257
            ],
            [
              72.4010224,
              23.0533444
            ],
            [
              72.401049,
              23.0533119
            ],
            [
              72.401102,
              23.0532428
            ],
            [
              72.4010931,
              23.053194
            ],
            [
              72.4011241,
              23.0530761
            ],
            [
              72.4010136,
              23.0530029
            ],
            [
              72.4009606,
              23.0529013
            ],
            [
              72.4010622,
              23.0528362
            ],
            [
              72.401261,
              23.0528362
            ],
            [
              72.4014245,
              23.0527468
            ],
            [
              72.4016233,
              23.0528647
            ],
            [
              72.4016896,
              23.0529948
            ],
            [
              72.4018884,
              23.0531289
            ],
            [
              72.4020386,
              23.0532387
            ],
            [
              72.4020651,
              23.0535192
            ],
            [
              72.4020077,
              23.0537469
            ],
            [
              72.4018751,
              23.0538485
            ],
            [
              72.4017205,
              23.0538404
            ],
            [
              72.401588,
              23.0537631
            ],
            [
              72.401345,
              23.0537875
            ],
            [
              72.4011992,
              23.05382
            ],
            [
              72.4010799,
              23.0537265
            ],
            [
              72.4010357,
              23.0535924
            ],
            [
              72.4010357,
              23.0534257
            ]
          ]
        ]
      },
      "id": "way/973934640"
    },
    {
      "type": "Feature",
      "properties": {
        "@id": "way/973934641",
        "natural": "water"
      },
      "geometry": {
        "type": "Polygon",
        "coordinates": [
          [
            [
              72.4061766,
              23.0561339
            ],
            [
              72.4061727,
              23.0560764
            ],
            [
              72.4062,
              23.0559939
            ],
            [
              72.4062078,
              23.0559365
            ],
            [
              72.4063287,
              23.0558683
            ],
            [
              72.4064808,
              23.0557714
            ],
            [
              72.4065861,
              23.055671
            ],
            [
              72.4067538,
              23.055671
            ],
            [
              72.4068942,
              23.0558001
            ],
            [
              72.4069917,
              23.0558934
            ],
            [
              72.4070151,
              23.0560119
            ],
            [
              72.4069644,
              23.0560621
            ],
            [
              72.4069137,
              23.0562164
            ],
            [
              72.4068396,
              23.056263
            ],
            [
              72.4067187,
              23.056263
            ],
            [
              72.4066797,
              23.0562487
            ],
            [
              72.4065705,
              23.05622
            ],
            [
              72.4063326,
              23.0562092
            ],
            [
              72.4062078,
              23.0561913
            ],
            [
              72.4061766,
              23.0561339
            ]
          ]
        ]
      },
      "id": "way/973934641"
    },
    {
      "type": "Feature",
      "properties": {
        "@id": "way/976280297",
        "natural": "water",
        "water": "wastewater"
      },
      "geometry": {
        "type": "Polygon",
        "coordinates": [
          [
            [
              72.4248783,
              22.9824971
            ],
            [
              72.4249057,
              22.982539
            ],
            [
              72.424917,
              22.9825869
            ],
            [
              72.4249109,
              22.9826355
            ],
            [
              72.424888,
              22.9826797
            ],
            [
              72.4248508,
              22.9827147
            ],
            [
              72.4248033,
              22.9827367
            ],
            [
              72.4247506,
              22.9827435
            ],
            [
              72.4246984,
              22.9827342
            ],
            [
              72.4246518,
              22.9827095
            ],
            [
              72.4246165,
              22.9826721
            ],
            [
              72.4245965,
              22.9826261
            ],
            [
              72.4245939,
              22.9825767
            ],
            [
              72.4246089,
              22.9825291
            ],
            [
              72.4246401,
              22.9824887
            ],
            [
              72.4246838,
              22.9824599
            ],
            [
              72.4247348,
              22.982446
            ],
            [
              72.4247879,
              22.982448
            ],
            [
              72.4248375,
              22.9824656
            ],
            [
              72.4248783,
              22.9824971
            ]
          ]
        ]
      },
      "id": "way/976280297"
    },
    {
      "type": "Feature",
      "properties": {
        "@id": "way/976280298",
        "natural": "water",
        "water": "wastewater"
      },
      "geometry": {
        "type": "Polygon",
        "coordinates": [
          [
            [
              72.4248766,
              22.9821877
            ],
            [
              72.424904,
              22.9822296
            ],
            [
              72.4249153,
              22.9822775
            ],
            [
              72.4249092,
              22.9823261
            ],
            [
              72.4248863,
              22.9823703
            ],
            [
              72.4248491,
              22.9824053
            ],
            [
              72.4248016,
              22.9824274
            ],
            [
              72.4247489,
              22.9824341
            ],
            [
              72.4246967,
              22.9824248
            ],
            [
              72.4246501,
              22.9824001
            ],
            [
              72.4246148,
              22.9823627
            ],
            [
              72.4245948,
              22.9823167
            ],
            [
              72.4245922,
              22.9822673
            ],
            [
              72.4246072,
              22.9822197
            ],
            [
              72.4246384,
              22.9821793
            ],
            [
              72.4246821,
              22.9821506
            ],
            [
              72.4247331,
              22.9821366
            ],
            [
              72.4247862,
              22.9821386
            ],
            [
              72.4248358,
              22.9821562
            ],
            [
              72.4248766,
              22.9821877
            ]
          ]
        ]
      },
      "id": "way/976280298"
    },
    {
      "type": "Feature",
      "properties": {
        "@id": "way/976280299",
        "natural": "water",
        "water": "wastewater"
      },
      "geometry": {
        "type": "Polygon",
        "coordinates": [
          [
            [
              72.4242693,
              22.9821977
            ],
            [
              72.4242967,
              22.9822396
            ],
            [
              72.424308,
              22.9822874
            ],
            [
              72.4243019,
              22.9823361
            ],
            [
              72.424279,
              22.9823803
            ],
            [
              72.4242418,
              22.9824153
            ],
            [
              72.4242134,
              22.9824284
            ],
            [
              72.4241943,
              22.9824373
            ],
            [
              72.4241417,
              22.982444
            ],
            [
              72.4240894,
              22.9824347
            ],
            [
              72.4240428,
              22.98241
            ],
            [
              72.4240076,
              22.9823726
            ],
            [
              72.4239875,
              22.9823267
            ],
            [
              72.4239849,
              22.9822772
            ],
            [
              72.424,
              22.9822297
            ],
            [
              72.4240311,
              22.9821893
            ],
            [
              72.4240749,
              22.9821605
            ],
            [
              72.4241258,
              22.9821466
            ],
            [
              72.424179,
              22.9821485
            ],
            [
              72.4242286,
              22.9821662
            ],
            [
              72.4242693,
              22.9821977
            ]
          ]
        ]
      },
      "id": "way/976280299"
    },
    {
      "type": "Feature",
      "properties": {
        "@id": "way/976280300",
        "natural": "water",
        "water": "wastewater"
      },
      "geometry": {
        "type": "Polygon",
        "coordinates": [
          [
            [
              72.4242729,
              22.9825013
            ],
            [
              72.4243003,
              22.9825432
            ],
            [
              72.4243116,
              22.982591
            ],
            [
              72.4243055,
              22.9826397
            ],
            [
              72.4242826,
              22.9826839
            ],
            [
              72.4242454,
              22.9827189
            ],
            [
              72.4241979,
              22.9827409
            ],
            [
              72.4241453,
              22.9827476
            ],
            [
              72.4240931,
              22.9827383
            ],
            [
              72.4240464,
              22.9827136
            ],
            [
              72.4240112,
              22.9826762
            ],
            [
              72.4239911,
              22.9826303
            ],
            [
              72.4239885,
              22.9825808
            ],
            [
              72.4240036,
              22.9825333
            ],
            [
              72.4240347,
              22.9824929
            ],
            [
              72.4240785,
              22.9824641
            ],
            [
              72.4241294,
              22.9824501
            ],
            [
              72.4241826,
              22.9824521
            ],
            [
              72.4242322,
              22.9824698
            ],
            [
              72.4242729,
              22.9825013
            ]
          ]
        ]
      },
      "id": "way/976280300"
    },
    {
      "type": "Feature",
      "properties": {
        "@id": "way/986289292",
        "name": "Chharodi Lake",
        "natural": "water",
        "water": "lake",
        "wikimedia_commons": "Category:Chharodi Lake",
        "wikipedia": "en:Chharodi Lake"
      },
      "geometry": {
        "type": "Polygon",
        "coordinates": [
          [
            [
              72.5397124,
              23.1228632
            ],
            [
              72.5398257,
              23.1227084
            ],
            [
              72.5399048,
              23.1225915
            ],
            [
              72.5404578,
              23.1223388
            ],
            [
              72.5407429,
              23.1222598
            ],
            [
              72.5410143,
              23.1222598
            ],
            [
              72.5411895,
              23.1224273
            ],
            [
              72.5412582,
              23.1225979
            ],
            [
              72.5412204,
              23.122879
            ],
            [
              72.5411311,
              23.1232328
            ],
            [
              72.5409353,
              23.1235267
            ],
            [
              72.5406914,
              23.1236752
            ],
            [
              72.5403719,
              23.1237415
            ],
            [
              72.5401933,
              23.1237667
            ],
            [
              72.5398842,
              23.1237762
            ],
            [
              72.5397468,
              23.123672
            ],
            [
              72.5397227,
              23.1234824
            ],
            [
              72.5397296,
              23.1233023
            ],
            [
              72.5397055,
              23.1231476
            ],
            [
              72.5396746,
              23.1230401
            ],
            [
              72.5397124,
              23.1228632
            ]
          ]
        ]
      },
      "id": "way/986289292"
    },
    {
      "type": "Feature",
      "properties": {
        "@id": "way/986297013",
        "name": "Shela Lake",
        "natural": "water",
        "water": "lake"
      },
      "geometry": {
        "type": "Polygon",
        "coordinates": [
          [
            [
              72.4421798,
              23.0100244
            ],
            [
              72.4422167,
              23.0097975
            ],
            [
              72.4422907,
              23.0097351
            ],
            [
              72.4424016,
              23.0096954
            ],
            [
              72.4425618,
              23.0097011
            ],
            [
              72.442796,
              23.0097522
            ],
            [
              72.4429685,
              23.0098089
            ],
            [
              72.4431965,
              23.009911
            ],
            [
              72.4433506,
              23.0101322
            ],
            [
              72.4433875,
              23.0103817
            ],
            [
              72.4433197,
              23.0104952
            ],
            [
              72.4432335,
              23.0106767
            ],
            [
              72.4432088,
              23.0108582
            ],
            [
              72.4432704,
              23.0110226
            ],
            [
              72.443406,
              23.0112665
            ],
            [
              72.4435477,
              23.011431
            ],
            [
              72.4435416,
              23.0116012
            ],
            [
              72.4435231,
              23.0117373
            ],
            [
              72.4434923,
              23.0119812
            ],
            [
              72.4432704,
              23.0120039
            ],
            [
              72.443178,
              23.0119812
            ],
            [
              72.4429439,
              23.0117203
            ],
            [
              72.4426912,
              23.0114083
            ],
            [
              72.44234,
              23.0110907
            ],
            [
              72.4421921,
              23.0107844
            ],
            [
              72.4421736,
              23.010274
            ],
            [
              72.4421798,
              23.0100244
            ]
          ]
        ]
      },
      "id": "way/986297013"
    },
    {
      "type": "Feature",
      "properties": {
        "@id": "way/988821262",
        "name": "Ambli Lake",
        "natural": "water",
        "water": "lake"
      },
      "geometry": {
        "type": "Polygon",
        "coordinates": [
          [
            [
              72.4810217,
              23.0285967
            ],
            [
              72.4810176,
              23.0285044
            ],
            [
              72.4811095,
              23.0284275
            ],
            [
              72.4812307,
              23.0283698
            ],
            [
              72.4814021,
              23.0283505
            ],
            [
              72.4815902,
              23.0284044
            ],
            [
              72.4817783,
              23.0284659
            ],
            [
              72.4819789,
              23.0285313
            ],
            [
              72.4821294,
              23.0286583
            ],
            [
              72.4821879,
              23.0286967
            ],
            [
              72.4822924,
              23.0287467
            ],
            [
              72.4823384,
              23.0288006
            ],
            [
              72.4823467,
              23.0288891
            ],
            [
              72.4823551,
              23.0290352
            ],
            [
              72.4822757,
              23.0291237
            ],
            [
              72.4821001,
              23.0290929
            ],
            [
              72.4819914,
              23.0290545
            ],
            [
              72.4818953,
              23.0289814
            ],
            [
              72.4817239,
              23.0289968
            ],
            [
              72.4815108,
              23.0290391
            ],
            [
              72.4813687,
              23.0290199
            ],
            [
              72.4812098,
              23.0289391
            ],
            [
              72.4811262,
              23.0288468
            ],
            [
              72.4810594,
              23.028739
            ],
            [
              72.4810217,
              23.0285967
            ]
          ]
        ]
      },
      "id": "way/988821262"
    },
    {
      "type": "Feature",
      "properties": {
        "@id": "way/991912189",
        "natural": "water"
      },
      "geometry": {
        "type": "Polygon",
        "coordinates": [
          [
            [
              72.4619044,
              22.9967057
            ],
            [
              72.4618964,
              22.9966786
            ],
            [
              72.461901,
              22.9966556
            ],
            [
              72.4619191,
              22.9966347
            ],
            [
              72.4619487,
              22.9966252
            ],
            [
              72.4620009,
              22.9966367
            ],
            [
              72.4620679,
              22.9966671
            ],
            [
              72.4621758,
              22.9967047
            ],
            [
              72.4622905,
              22.9967737
            ],
            [
              72.4623654,
              22.9968385
            ],
            [
              72.4624551,
              22.9968939
            ],
            [
              72.4625426,
              22.9969963
            ],
            [
              72.4625539,
              22.9970685
            ],
            [
              72.4625323,
              22.9970956
            ],
            [
              72.4624892,
              22.9971291
            ],
            [
              72.4624267,
              22.9971186
            ],
            [
              72.4622939,
              22.9970423
            ],
            [
              72.462211,
              22.9969524
            ],
            [
              72.4621372,
              22.9968552
            ],
            [
              72.462077,
              22.9968071
            ],
            [
              72.4620236,
              22.996757
            ],
            [
              72.4619623,
              22.9967183
            ],
            [
              72.4619044,
              22.9967057
            ]
          ]
        ]
      },
      "id": "way/991912189"
    },
    {
      "type": "Feature",
      "properties": {
        "@id": "way/993784183",
        "name": "Zundal Lake",
        "natural": "water",
        "water": "lake"
      },
      "geometry": {
        "type": "Polygon",
        "coordinates": [
          [
            [
              72.583286,
              23.1362234
            ],
            [
              72.583279,
              23.1361518
            ],
            [
              72.5832719,
              23.1359614
            ],
            [
              72.583263,
              23.1358328
            ],
            [
              72.5833144,
              23.1354667
            ],
            [
              72.5833444,
              23.135426
            ],
            [
              72.5833975,
              23.1354162
            ],
            [
              72.5834772,
              23.1354081
            ],
            [
              72.5835391,
              23.1354146
            ],
            [
              72.5835904,
              23.1354455
            ],
            [
              72.583601,
              23.1360851
            ],
            [
              72.5835763,
              23.1361973
            ],
            [
              72.583578,
              23.1362445
            ],
            [
              72.5834789,
              23.136251
            ],
            [
              72.5833781,
              23.1362559
            ],
            [
              72.5833055,
              23.1362478
            ],
            [
              72.583286,
              23.1362234
            ]
          ]
        ]
      },
      "id": "way/993784183"
    },
    {
      "type": "Feature",
      "properties": {
        "@id": "way/993792327",
        "name": "Gota Lake",
        "natural": "water",
        "water": "lake"
      },
      "geometry": {
        "type": "Polygon",
        "coordinates": [
          [
            [
              72.5375165,
              23.0947296
            ],
            [
              72.5375566,
              23.0948362
            ],
            [
              72.5375821,
              23.0949156
            ],
            [
              72.5375198,
              23.0950006
            ],
            [
              72.5375353,
              23.0951052
            ],
            [
              72.5375357,
              23.0952129
            ],
            [
              72.5375438,
              23.0953024
            ],
            [
              72.5374722,
              23.0953671
            ],
            [
              72.5375383,
              23.095453
            ],
            [
              72.5376073,
              23.0955535
            ],
            [
              72.5376533,
              23.0957478
            ],
            [
              72.5376346,
              23.09581
            ],
            [
              72.5376288,
              23.0958972
            ],
            [
              72.5377769,
              23.0959581
            ],
            [
              72.5377869,
              23.0960043
            ],
            [
              72.5378387,
              23.0960149
            ],
            [
              72.5379235,
              23.0959977
            ],
            [
              72.5379968,
              23.0960123
            ],
            [
              72.5380988,
              23.0959929
            ],
            [
              72.538185,
              23.0960642
            ],
            [
              72.5382848,
              23.0960997
            ],
            [
              72.5383064,
              23.0961794
            ],
            [
              72.53839,
              23.0963262
            ],
            [
              72.5383907,
              23.0964625
            ],
            [
              72.5383589,
              23.0966161
            ],
            [
              72.5383485,
              23.0967531
            ],
            [
              72.5384161,
              23.096794
            ],
            [
              72.5384233,
              23.096872
            ],
            [
              72.5383773,
              23.0969421
            ],
            [
              72.5382982,
              23.0969725
            ],
            [
              72.5382393,
              23.0969725
            ],
            [
              72.5381622,
              23.0969939
            ],
            [
              72.5381295,
              23.0971099
            ],
            [
              72.5381438,
              23.0971443
            ],
            [
              72.5381999,
              23.097176
            ],
            [
              72.53822,
              23.0971694
            ],
            [
              72.5383573,
              23.0972029
            ],
            [
              72.5383717,
              23.0972611
            ],
            [
              72.5383975,
              23.0973629
            ],
            [
              72.5383875,
              23.0974263
            ],
            [
              72.5383501,
              23.097466
            ],
            [
              72.5383179,
              23.0975215
            ],
            [
              72.538254,
              23.0975597
            ],
            [
              72.5381771,
              23.0975928
            ],
            [
              72.5380709,
              23.0975137
            ],
            [
              72.5379501,
              23.0975245
            ],
            [
              72.5378687,
              23.0975481
            ],
            [
              72.5377752,
              23.0975009
            ],
            [
              72.5377494,
              23.097497
            ],
            [
              72.5376976,
              23.0974771
            ],
            [
              72.5376329,
              23.097456
            ],
            [
              72.5376157,
              23.097415
            ],
            [
              72.5375726,
              23.0973767
            ],
            [
              72.5374822,
              23.0972353
            ],
            [
              72.537452,
              23.0971758
            ],
            [
              72.5374578,
              23.0971044
            ],
            [
              72.5374477,
              23.0970435
            ],
            [
              72.537429,
              23.0969708
            ],
            [
              72.537406,
              23.0968994
            ],
            [
              72.5373422,
              23.0968273
            ],
            [
              72.5372917,
              23.096765
            ],
            [
              72.5372404,
              23.0966567
            ],
            [
              72.5371776,
              23.0965876
            ],
            [
              72.53692,
              23.0963416
            ],
            [
              72.5368999,
              23.0962338
            ],
            [
              72.536863,
              23.0961516
            ],
            [
              72.5368331,
              23.0960325
            ],
            [
              72.5368092,
              23.0959642
            ],
            [
              72.5367747,
              23.095848
            ],
            [
              72.5367945,
              23.0957214
            ],
            [
              72.5368383,
              23.0955852
            ],
            [
              72.5368316,
              23.0954705
            ],
            [
              72.5368235,
              23.095379
            ],
            [
              72.5368412,
              23.0953089
            ],
            [
              72.5368311,
              23.0951674
            ],
            [
              72.536834,
              23.0950061
            ],
            [
              72.5368555,
              23.0949374
            ],
            [
              72.5368843,
              23.0948435
            ],
            [
              72.5368996,
              23.0947241
            ],
            [
              72.5370243,
              23.0946477
            ],
            [
              72.5371042,
              23.094661
            ],
            [
              72.5371674,
              23.094628
            ],
            [
              72.537235,
              23.0946081
            ],
            [
              72.5373177,
              23.0946031
            ],
            [
              72.537397,
              23.0946306
            ],
            [
              72.5375165,
              23.0947296
            ]
          ]
        ]
      },
      "id": "way/993792327"
    },
    {
      "type": "Feature",
      "properties": {
        "@id": "way/996610809",
        "natural": "water"
      },
      "geometry": {
        "type": "Polygon",
        "coordinates": [
          [
            [
              72.6047051,
              23.0976053
            ],
            [
              72.6047051,
              23.0974376
            ],
            [
              72.6049626,
              23.095898
            ],
            [
              72.6055848,
              23.0954046
            ],
            [
              72.6073551,
              23.0966678
            ],
            [
              72.6072586,
              23.0975461
            ],
            [
              72.6064861,
              23.0997468
            ],
            [
              72.6059818,
              23.0993916
            ],
            [
              72.6050806,
              23.0982567
            ],
            [
              72.6047051,
              23.0976053
            ]
          ]
        ]
      },
      "id": "way/996610809"
    },
    {
      "type": "Feature",
      "properties": {
        "@id": "way/1004354574",
        "natural": "water"
      },
      "geometry": {
        "type": "Polygon",
        "coordinates": [
          [
            [
              72.5155134,
              23.1355604
            ],
            [
              72.5155818,
              23.1354676
            ],
            [
              72.5156763,
              23.1354346
            ],
            [
              72.5158586,
              23.1354676
            ],
            [
              72.5159759,
              23.1355065
            ],
            [
              72.5161094,
              23.1356592
            ],
            [
              72.5162592,
              23.135824
            ],
            [
              72.5163667,
              23.1359977
            ],
            [
              72.5164188,
              23.1361474
            ],
            [
              72.5165523,
              23.1363001
            ],
            [
              72.5166728,
              23.136399
            ],
            [
              72.5167803,
              23.1365547
            ],
            [
              72.516865,
              23.1366984
            ],
            [
              72.5169334,
              23.1368272
            ],
            [
              72.5169627,
              23.136977
            ],
            [
              72.5169236,
              23.1370099
            ],
            [
              72.5168357,
              23.1370009
            ],
            [
              72.5167445,
              23.1369201
            ],
            [
              72.5165523,
              23.1365607
            ],
            [
              72.5163439,
              23.136366
            ],
            [
              72.516142,
              23.1362762
            ],
            [
              72.5160508,
              23.1362103
            ],
            [
              72.5161029,
              23.1361654
            ],
            [
              72.5161224,
              23.1361055
            ],
            [
              72.5161192,
              23.1360366
            ],
            [
              72.5160801,
              23.1359557
            ],
            [
              72.5159629,
              23.1359527
            ],
            [
              72.5158977,
              23.1359557
            ],
            [
              72.5158424,
              23.1360126
            ],
            [
              72.515813,
              23.1360965
            ],
            [
              72.5157674,
              23.1360995
            ],
            [
              72.515673,
              23.1359527
            ],
            [
              72.5155558,
              23.1357251
            ],
            [
              72.5155134,
              23.1355604
            ]
          ]
        ]
      },
      "id": "way/1004354574"
    },
    {
      "type": "Feature",
      "properties": {
        "@id": "way/1006791519",
        "natural": "water",
        "water": "pond"
      },
      "geometry": {
        "type": "Polygon",
        "coordinates": [
          [
            [
              72.5118773,
              23.0445639
            ],
            [
              72.5119037,
              23.0445395
            ],
            [
              72.5119338,
              23.0445342
            ],
            [
              72.5119611,
              23.0445322
            ],
            [
              72.5119897,
              23.0445111
            ],
            [
              72.5120005,
              23.0444867
            ],
            [
              72.5120227,
              23.0444551
            ],
            [
              72.5120444,
              23.0444533
            ],
            [
              72.5120583,
              23.0444613
            ],
            [
              72.5120582,
              23.0444763
            ],
            [
              72.512031,
              23.0445072
            ],
            [
              72.5119941,
              23.0445426
            ],
            [
              72.5119979,
              23.0445684
            ],
            [
              72.5120164,
              23.0445998
            ],
            [
              72.5120504,
              23.044616
            ],
            [
              72.5120832,
              23.0446303
            ],
            [
              72.5121258,
              23.0446433
            ],
            [
              72.5121422,
              23.0446707
            ],
            [
              72.512142,
              23.0447074
            ],
            [
              72.5121268,
              23.0447343
            ],
            [
              72.5121097,
              23.0447459
            ],
            [
              72.5120868,
              23.044762
            ],
            [
              72.5120555,
              23.0447794
            ],
            [
              72.5120372,
              23.0448058
            ],
            [
              72.5120414,
              23.0448667
            ],
            [
              72.5120131,
              23.0448893
            ],
            [
              72.5120091,
              23.0449236
            ],
            [
              72.5120148,
              23.0449776
            ],
            [
              72.5119978,
              23.0450039
            ],
            [
              72.5119696,
              23.0450077
            ],
            [
              72.5119499,
              23.0449948
            ],
            [
              72.5119436,
              23.0449677
            ],
            [
              72.5119571,
              23.0449393
            ],
            [
              72.5119701,
              23.0448622
            ],
            [
              72.5119615,
              23.0448362
            ],
            [
              72.511953,
              23.0448036
            ],
            [
              72.5119444,
              23.0447537
            ],
            [
              72.5119452,
              23.0447152
            ],
            [
              72.5119374,
              23.044688
            ],
            [
              72.5119113,
              23.0446676
            ],
            [
              72.5118852,
              23.0446437
            ],
            [
              72.5118713,
              23.0446087
            ],
            [
              72.5118773,
              23.0445639
            ]
          ]
        ]
      },
      "id": "way/1006791519"
    },
    {
      "type": "Feature",
      "properties": {
        "@id": "way/1008019382",
        "natural": "water"
      },
      "geometry": {
        "type": "Polygon",
        "coordinates": [
          [
            [
              72.4987982,
              23.1327523
            ],
            [
              72.4989398,
              23.1326647
            ],
            [
              72.4991509,
              23.1326575
            ],
            [
              72.4993945,
              23.1327327
            ],
            [
              72.4995177,
              23.132878
            ],
            [
              72.499553,
              23.1331555
            ],
            [
              72.4996159,
              23.1333847
            ],
            [
              72.4996076,
              23.1335821
            ],
            [
              72.4994075,
              23.1335901
            ],
            [
              72.4992892,
              23.1335203
            ],
            [
              72.4990316,
              23.1334649
            ],
            [
              72.4989376,
              23.1333454
            ],
            [
              72.4989044,
              23.1331364
            ],
            [
              72.4988571,
              23.1329383
            ],
            [
              72.4987982,
              23.1327523
            ]
          ]
        ]
      },
      "id": "way/1008019382"
    },
    {
      "type": "Feature",
      "properties": {
        "@id": "way/1008020840",
        "natural": "water"
      },
      "geometry": {
        "type": "Polygon",
        "coordinates": [
          [
            [
              72.511277,
              23.1482561
            ],
            [
              72.5113082,
              23.1505098
            ],
            [
              72.5111645,
              23.1505324
            ],
            [
              72.5109427,
              23.1505303
            ],
            [
              72.5106619,
              23.1504691
            ],
            [
              72.5104116,
              23.150266
            ],
            [
              72.5102656,
              23.1498867
            ],
            [
              72.5102476,
              23.1495573
            ],
            [
              72.5101787,
              23.1492583
            ],
            [
              72.5102444,
              23.1489008
            ],
            [
              72.5103807,
              23.1486887
            ],
            [
              72.510574,
              23.1484727
            ],
            [
              72.5107632,
              23.1482837
            ],
            [
              72.5109163,
              23.1482188
            ],
            [
              72.5110816,
              23.1481803
            ],
            [
              72.5112252,
              23.1481977
            ],
            [
              72.511277,
              23.1482561
            ]
          ]
        ]
      },
      "id": "way/1008020840"
    },
    {
      "type": "Feature",
      "properties": {
        "@id": "way/1008020841",
        "natural": "water"
      },
      "geometry": {
        "type": "Polygon",
        "coordinates": [
          [
            [
              72.4944064,
              23.1493245
            ],
            [
              72.4944187,
              23.1490484
            ],
            [
              72.4946362,
              23.1487488
            ],
            [
              72.4950059,
              23.1485907
            ],
            [
              72.4956783,
              23.1485915
            ],
            [
              72.4958635,
              23.1490094
            ],
            [
              72.4957691,
              23.1495131
            ],
            [
              72.49551,
              23.1497349
            ],
            [
              72.4952195,
              23.1497782
            ],
            [
              72.4948439,
              23.1498111
            ],
            [
              72.4945782,
              23.1497201
            ],
            [
              72.4944801,
              23.1495107
            ],
            [
              72.4944064,
              23.1493245
            ]
          ]
        ]
      },
      "id": "way/1008020841"
    },
    {
      "type": "Feature",
      "properties": {
        "@id": "way/1008100438",
        "natural": "water"
      },
      "geometry": {
        "type": "Polygon",
        "coordinates": [
          [
            [
              72.7201421,
              23.0905046
            ],
            [
              72.7201904,
              23.0904228
            ],
            [
              72.7203491,
              23.0903395
            ],
            [
              72.7205931,
              23.0903302
            ],
            [
              72.7208252,
              23.0904313
            ],
            [
              72.7209407,
              23.0906059
            ],
            [
              72.7210187,
              23.0908504
            ],
            [
              72.7210926,
              23.0910766
            ],
            [
              72.7211016,
              23.0912779
            ],
            [
              72.7210409,
              23.0914205
            ],
            [
              72.7208457,
              23.0914713
            ],
            [
              72.7206506,
              23.0913746
            ],
            [
              72.7204273,
              23.091151
            ],
            [
              72.7202554,
              23.090849
            ],
            [
              72.7201421,
              23.0905046
            ]
          ]
        ]
      },
      "id": "way/1008100438"
    },
    {
      "type": "Feature",
      "properties": {
        "@id": "way/1008655803",
        "alt_name": "Ghatlodia Lake",
        "name": "Ghatlodiya Lake",
        "name:gu": "ઘાટલોડિયા તળાવ",
        "natural": "water",
        "water": "lake"
      },
      "geometry": {
        "type": "Polygon",
        "coordinates": [
          [
            [
              72.5300265,
              23.0847932
            ],
            [
              72.5300123,
              23.0847036
            ],
            [
              72.5300194,
              23.0846459
            ],
            [
              72.5300635,
              23.0846249
            ],
            [
              72.530449,
              23.0846926
            ],
            [
              72.5305393,
              23.0847308
            ],
            [
              72.5305457,
              23.0847726
            ],
            [
              72.5304941,
              23.0849488
            ],
            [
              72.5304251,
              23.0850189
            ],
            [
              72.5303305,
              23.0849897
            ],
            [
              72.530251,
              23.0849391
            ],
            [
              72.53017,
              23.0848813
            ],
            [
              72.5300957,
              23.0848219
            ],
            [
              72.5300265,
              23.0847932
            ]
          ]
        ]
      },
      "id": "way/1008655803"
    },
    {
      "type": "Feature",
      "properties": {
        "@id": "way/1010049324",
        "natural": "water"
      },
      "geometry": {
        "type": "Polygon",
        "coordinates": [
          [
            [
              72.4252868,
              23.0044413
            ],
            [
              72.4255603,
              23.0040167
            ],
            [
              72.4257535,
              23.0037155
            ],
            [
              72.4259734,
              23.0035574
            ],
            [
              72.4264991,
              23.0035377
            ],
            [
              72.4266064,
              23.0037698
            ],
            [
              72.4263918,
              23.0041006
            ],
            [
              72.4261719,
              23.0044166
            ],
            [
              72.4262255,
              23.0048265
            ],
            [
              72.4262094,
              23.0051672
            ],
            [
              72.4260807,
              23.0052807
            ],
            [
              72.4258554,
              23.0053104
            ],
            [
              72.4255389,
              23.0052116
            ],
            [
              72.4254155,
              23.0050734
            ],
            [
              72.4254209,
              23.0048166
            ],
            [
              72.425319,
              23.0046882
            ],
            [
              72.4252868,
              23.0044413
            ]
          ]
        ]
      },
      "id": "way/1010049324"
    },
    {
      "type": "Feature",
      "properties": {
        "@id": "way/1015046805",
        "amenity": "bus_station",
        "building": "yes",
        "bus": "yes",
        "name": "Naroda Gam",
        "public_transport": "station"
      },
      "geometry": {
        "type": "Polygon",
        "coordinates": [
          [
            [
              72.6555914,
              23.0771262
            ],
            [
              72.6556064,
              23.0770393
            ],
            [
              72.6559819,
              23.0770768
            ],
            [
              72.655954,
              23.0771735
            ],
            [
              72.6555914,
              23.0771262
            ]
          ]
        ]
      },
      "id": "way/1015046805"
    },
    {
      "type": "Feature",
      "properties": {
        "@id": "way/1017007889",
        "intermittent": "yes",
        "natural": "water",
        "water": "lake"
      },
      "geometry": {
        "type": "Polygon",
        "coordinates": [
          [
            [
              72.4937944,
              23.0390287
            ],
            [
              72.4939111,
              23.038951
            ],
            [
              72.4940707,
              23.038872
            ],
            [
              72.4942584,
              23.0388621
            ],
            [
              72.4943845,
              23.0388991
            ],
            [
              72.4944341,
              23.0389164
            ],
            [
              72.4945199,
              23.0388559
            ],
            [
              72.4946232,
              23.03893
            ],
            [
              72.4946634,
              23.0390275
            ],
            [
              72.4946862,
              23.0391904
            ],
            [
              72.4946447,
              23.0393274
            ],
            [
              72.4945682,
              23.0393607
            ],
            [
              72.4944046,
              23.0393841
            ],
            [
              72.4941082,
              23.0393878
            ],
            [
              72.4939312,
              23.039336
            ],
            [
              72.4938038,
              23.0392188
            ],
            [
              72.4937823,
              23.0391089
            ],
            [
              72.4937944,
              23.0390287
            ]
          ]
        ]
      },
      "id": "way/1017007889"
    },
    {
      "type": "Feature",
      "properties": {
        "@id": "way/1019925049",
        "natural": "water"
      },
      "geometry": {
        "type": "Polygon",
        "coordinates": [
          [
            [
              72.5050744,
              23.0046043
            ],
            [
              72.5051147,
              23.0044438
            ],
            [
              72.5053614,
              23.0041747
            ],
            [
              72.5055438,
              23.0041129
            ],
            [
              72.5057772,
              23.0040068
            ],
            [
              72.5059301,
              23.0038883
            ],
            [
              72.5062197,
              23.0038093
            ],
            [
              72.5064558,
              23.0037821
            ],
            [
              72.5065497,
              23.0039105
            ],
            [
              72.5065443,
              23.0040438
            ],
            [
              72.5065738,
              23.004192
            ],
            [
              72.5068286,
              23.0043105
            ],
            [
              72.5068098,
              23.0044388
            ],
            [
              72.5068367,
              23.0045327
            ],
            [
              72.5068286,
              23.0046438
            ],
            [
              72.5067669,
              23.004629
            ],
            [
              72.5065953,
              23.0045796
            ],
            [
              72.5064987,
              23.0045401
            ],
            [
              72.5067267,
              23.0047425
            ],
            [
              72.5067937,
              23.0049104
            ],
            [
              72.5067025,
              23.0049845
            ],
            [
              72.5064129,
              23.0049919
            ],
            [
              72.5062492,
              23.004982
            ],
            [
              72.5059515,
              23.0050635
            ],
            [
              72.5059059,
              23.0050215
            ],
            [
              72.5058737,
              23.0048882
            ],
            [
              72.5056538,
              23.004787
            ],
            [
              72.5054473,
              23.0047178
            ],
            [
              72.505179,
              23.0046783
            ],
            [
              72.5050744,
              23.0046043
            ]
          ]
        ]
      },
      "id": "way/1019925049"
    },
    {
      "type": "Feature",
      "properties": {
        "@id": "way/1025034026",
        "natural": "water"
      },
      "geometry": {
        "type": "Polygon",
        "coordinates": [
          [
            [
              72.6714103,
              23.1940689
            ],
            [
              72.6713888,
              23.1939604
            ],
            [
              72.671417,
              23.1938803
            ],
            [
              72.6715069,
              23.1938371
            ],
            [
              72.6716235,
              23.1938298
            ],
            [
              72.6717375,
              23.1938359
            ],
            [
              72.6718408,
              23.1939727
            ],
            [
              72.6719306,
              23.1941256
            ],
            [
              72.6719427,
              23.1942119
            ],
            [
              72.6717576,
              23.1942945
            ],
            [
              72.6715739,
              23.1942772
            ],
            [
              72.6714438,
              23.1941934
            ],
            [
              72.6714103,
              23.1940689
            ]
          ]
        ]
      },
      "id": "way/1025034026"
    },
    {
      "type": "Feature",
      "properties": {
        "@id": "way/1026135343",
        "name": "Ambapur Lake",
        "natural": "water",
        "water": "lake"
      },
      "geometry": {
        "type": "Polygon",
        "coordinates": [
          [
            [
              72.606934,
              23.1497641
            ],
            [
              72.6071593,
              23.149626
            ],
            [
              72.6072934,
              23.1495841
            ],
            [
              72.6074812,
              23.1495939
            ],
            [
              72.6076689,
              23.1496728
            ],
            [
              72.6077843,
              23.1498233
            ],
            [
              72.6078245,
              23.1499589
            ],
            [
              72.6077548,
              23.1500699
            ],
            [
              72.6076421,
              23.1501957
            ],
            [
              72.6075482,
              23.1504275
            ],
            [
              72.6075321,
              23.1505927
            ],
            [
              72.6074919,
              23.1507802
            ],
            [
              72.6073953,
              23.1508024
            ],
            [
              72.6071835,
              23.1508295
            ],
            [
              72.6070923,
              23.1508542
            ],
            [
              72.6070359,
              23.1508443
            ],
            [
              72.606985,
              23.1507259
            ],
            [
              72.6068643,
              23.1507013
            ],
            [
              72.6067972,
              23.1505557
            ],
            [
              72.6068079,
              23.1504053
            ],
            [
              72.6068535,
              23.1502006
            ],
            [
              72.6068938,
              23.1500058
            ],
            [
              72.606934,
              23.1497641
            ]
          ]
        ]
      },
      "id": "way/1026135343"
    },
    {
      "type": "Feature",
      "properties": {
        "@id": "way/1026135355",
        "natural": "water",
        "water": "pond"
      },
      "geometry": {
        "type": "Polygon",
        "coordinates": [
          [
            [
              72.5742486,
              23.1789107
            ],
            [
              72.5742674,
              23.1788897
            ],
            [
              72.5742781,
              23.1788669
            ],
            [
              72.5742882,
              23.1788176
            ],
            [
              72.5742882,
              23.178804
            ],
            [
              72.5742721,
              23.1787584
            ],
            [
              72.5742573,
              23.1787294
            ],
            [
              72.5742473,
              23.178685
            ],
            [
              72.5742439,
              23.1786524
            ],
            [
              72.5742506,
              23.178616
            ],
            [
              72.5742613,
              23.1785963
            ],
            [
              72.5742821,
              23.1785827
            ],
            [
              72.574313,
              23.1785827
            ],
            [
              72.5743418,
              23.1785938
            ],
            [
              72.5743787,
              23.1786111
            ],
            [
              72.5743995,
              23.1786339
            ],
            [
              72.5744069,
              23.1786715
            ],
            [
              72.5743934,
              23.1787017
            ],
            [
              72.5743626,
              23.1787331
            ],
            [
              72.5743344,
              23.1787701
            ],
            [
              72.5743137,
              23.1788188
            ],
            [
              72.574313,
              23.1788811
            ],
            [
              72.5743197,
              23.178915
            ],
            [
              72.5743351,
              23.1789507
            ],
            [
              72.574366,
              23.1789963
            ],
            [
              72.5743894,
              23.1790265
            ],
            [
              72.5744075,
              23.1790574
            ],
            [
              72.5744095,
              23.179103
            ],
            [
              72.5743988,
              23.1791511
            ],
            [
              72.5743559,
              23.1791868
            ],
            [
              72.574317,
              23.1792059
            ],
            [
              72.5742681,
              23.1792152
            ],
            [
              72.5742298,
              23.1792127
            ],
            [
              72.574193,
              23.1792004
            ],
            [
              72.5741547,
              23.1791683
            ],
            [
              72.5741346,
              23.1791276
            ],
            [
              72.5741306,
              23.179066
            ],
            [
              72.5741588,
              23.1790043
            ],
            [
              72.5742111,
              23.1789735
            ],
            [
              72.5742486,
              23.1789107
            ]
          ]
        ]
      },
      "id": "way/1026135355"
    },
    {
      "type": "Feature",
      "properties": {
        "@id": "way/1032926402",
        "natural": "water"
      },
      "geometry": {
        "type": "Polygon",
        "coordinates": [
          [
            [
              72.4021178,
              23.0033599
            ],
            [
              72.4021205,
              23.0033106
            ],
            [
              72.4022627,
              23.0032143
            ],
            [
              72.4023914,
              23.0031081
            ],
            [
              72.4025363,
              23.0032044
            ],
            [
              72.402716,
              23.003234
            ],
            [
              72.4028635,
              23.0032143
            ],
            [
              72.4030137,
              23.003271
            ],
            [
              72.4030861,
              23.0034587
            ],
            [
              72.4029976,
              23.0034982
            ],
            [
              72.4028018,
              23.0035698
            ],
            [
              72.4027213,
              23.0037574
            ],
            [
              72.4027777,
              23.0039302
            ],
            [
              72.4026489,
              23.0040315
            ],
            [
              72.4024531,
              23.0041031
            ],
            [
              72.4023405,
              23.0040537
            ],
            [
              72.4021876,
              23.0038907
            ],
            [
              72.4021554,
              23.0037179
            ],
            [
              72.4021232,
              23.0035303
            ],
            [
              72.4021178,
              23.0033599
            ]
          ]
        ]
      },
      "id": "way/1032926402"
    },
    {
      "type": "Feature",
      "properties": {
        "@id": "way/1032926403",
        "name": "Kaneti Lake",
        "natural": "water",
        "water": "lake"
      },
      "geometry": {
        "type": "Polygon",
        "coordinates": [
          [
            [
              72.4007258,
              23.0031106
            ],
            [
              72.4007419,
              23.0030587
            ],
            [
              72.4008921,
              23.0030464
            ],
            [
              72.4010664,
              23.0030488
            ],
            [
              72.4012434,
              23.0030711
            ],
            [
              72.4014071,
              23.0030637
            ],
            [
              72.4015707,
              23.0031427
            ],
            [
              72.4017075,
              23.0032636
            ],
            [
              72.4017853,
              23.0033723
            ],
            [
              72.4017611,
              23.0035081
            ],
            [
              72.4016699,
              23.0036611
            ],
            [
              72.4016592,
              23.0038858
            ],
            [
              72.4016431,
              23.0040142
            ],
            [
              72.4015492,
              23.0040981
            ],
            [
              72.4015707,
              23.0042463
            ],
            [
              72.401627,
              23.0043179
            ],
            [
              72.4016082,
              23.0044364
            ],
            [
              72.4015492,
              23.0043796
            ],
            [
              72.4014661,
              23.0043426
            ],
            [
              72.4014312,
              23.0044685
            ],
            [
              72.4014634,
              23.004582
            ],
            [
              72.4014553,
              23.0046388
            ],
            [
              72.4013078,
              23.0046536
            ],
            [
              72.4012488,
              23.0046314
            ],
            [
              72.4011925,
              23.0045499
            ],
            [
              72.4011737,
              23.0044413
            ],
            [
              72.4012166,
              23.0043277
            ],
            [
              72.4012622,
              23.0042413
            ],
            [
              72.4012274,
              23.0041648
            ],
            [
              72.4012595,
              23.0039846
            ],
            [
              72.4012354,
              23.0037747
            ],
            [
              72.4011362,
              23.0036439
            ],
            [
              72.4008948,
              23.0035402
            ],
            [
              72.4008036,
              23.0034513
            ],
            [
              72.4007794,
              23.003313
            ],
            [
              72.4007258,
              23.0031106
            ]
          ]
        ]
      },
      "id": "way/1032926403"
    },
    {
      "type": "Feature",
      "properties": {
        "@id": "way/1033606001",
        "natural": "water"
      },
      "geometry": {
        "type": "Polygon",
        "coordinates": [
          [
            [
              72.6227027,
              23.1674212
            ],
            [
              72.622759,
              23.1674878
            ],
            [
              72.6228315,
              23.1676555
            ],
            [
              72.6229387,
              23.1677911
            ],
            [
              72.6230165,
              23.1679834
            ],
            [
              72.6230326,
              23.1681782
            ],
            [
              72.6227751,
              23.1684495
            ],
            [
              72.6224184,
              23.1686837
            ],
            [
              72.6223057,
              23.1686689
            ],
            [
              72.6223084,
              23.1685161
            ],
            [
              72.6223674,
              23.1682226
            ],
            [
              72.6224318,
              23.1680105
            ],
            [
              72.6227027,
              23.1674212
            ]
          ]
        ]
      },
      "id": "way/1033606001"
    },
    {
      "type": "Feature",
      "properties": {
        "@id": "way/1033606002",
        "natural": "water"
      },
      "geometry": {
        "type": "Polygon",
        "coordinates": [
          [
            [
              72.5968918,
              23.1837026
            ],
            [
              72.596987,
              23.1836669
            ],
            [
              72.597156,
              23.1837026
            ],
            [
              72.5973518,
              23.1837581
            ],
            [
              72.5974135,
              23.1838222
            ],
            [
              72.5974108,
              23.1838752
            ],
            [
              72.5972928,
              23.183996
            ],
            [
              72.5972445,
              23.1840552
            ],
            [
              72.5971332,
              23.1840466
            ],
            [
              72.5970863,
              23.184049
            ],
            [
              72.5970058,
              23.1840466
            ],
            [
              72.5969106,
              23.1839023
            ],
            [
              72.5968771,
              23.1838617
            ],
            [
              72.5968918,
              23.1837026
            ]
          ]
        ]
      },
      "id": "way/1033606002"
    },
    {
      "type": "Feature",
      "properties": {
        "@id": "way/1051243171",
        "natural": "water"
      },
      "geometry": {
        "type": "Polygon",
        "coordinates": [
          [
            [
              72.4226904,
              22.9620806
            ],
            [
              72.4226783,
              22.9620954
            ],
            [
              72.4226327,
              22.962072
            ],
            [
              72.422618,
              22.9620176
            ],
            [
              72.4225938,
              22.9619287
            ],
            [
              72.4225469,
              22.9619089
            ],
            [
              72.422457,
              22.961767
            ],
            [
              72.4224114,
              22.9616163
            ],
            [
              72.4223202,
              22.9615817
            ],
            [
              72.422213,
              22.9615286
            ],
            [
              72.4221016,
              22.9615125
            ],
            [
              72.4219649,
              22.9615262
            ],
            [
              72.4218254,
              22.9616311
            ],
            [
              72.4217033,
              22.9615274
            ],
            [
              72.4217489,
              22.9615052
            ],
            [
              72.4219018,
              22.9614434
            ],
            [
              72.4220788,
              22.9614126
            ],
            [
              72.4222653,
              22.9614397
            ],
            [
              72.422445,
              22.9615212
            ],
            [
              72.4226005,
              22.9616768
            ],
            [
              72.422681,
              22.961862
            ],
            [
              72.4226904,
              22.9620806
            ]
          ]
        ]
      },
      "id": "way/1051243171"
    },
    {
      "type": "Feature",
      "properties": {
        "@id": "way/1111963573",
        "natural": "water"
      },
      "geometry": {
        "type": "Polygon",
        "coordinates": [
          [
            [
              72.6497757,
              22.974562
            ],
            [
              72.6496579,
              22.9745861
            ],
            [
              72.6495147,
              22.9745309
            ],
            [
              72.6495594,
              22.9744327
            ],
            [
              72.6496514,
              22.9743825
            ],
            [
              72.649759,
              22.9743886
            ],
            [
              72.6498128,
              22.9743377
            ],
            [
              72.6499599,
              22.9743775
            ],
            [
              72.6500885,
              22.9742188
            ],
            [
              72.6502233,
              22.974257
            ],
            [
              72.6503092,
              22.9741429
            ],
            [
              72.6504197,
              22.9740627
            ],
            [
              72.6504474,
              22.9739294
            ],
            [
              72.650526,
              22.9739081
            ],
            [
              72.6505838,
              22.9739295
            ],
            [
              72.6506214,
              22.973843
            ],
            [
              72.6507149,
              22.9738775
            ],
            [
              72.6507583,
              22.9739673
            ],
            [
              72.6507369,
              22.9741143
            ],
            [
              72.6506245,
              22.9742048
            ],
            [
              72.6505947,
              22.9742698
            ],
            [
              72.6506384,
              22.9742868
            ],
            [
              72.6507694,
              22.9742088
            ],
            [
              72.6508256,
              22.9741982
            ],
            [
              72.6508819,
              22.9742513
            ],
            [
              72.6509496,
              22.9741904
            ],
            [
              72.6510143,
              22.9741875
            ],
            [
              72.6510544,
              22.9742273
            ],
            [
              72.6511037,
              22.9743663
            ],
            [
              72.6511468,
              22.9744202
            ],
            [
              72.6511468,
              22.9744457
            ],
            [
              72.6510944,
              22.9745251
            ],
            [
              72.6508048,
              22.974579
            ],
            [
              72.650774,
              22.9745223
            ],
            [
              72.6507247,
              22.9744939
            ],
            [
              72.6507166,
              22.9744128
            ],
            [
              72.6506631,
              22.9744173
            ],
            [
              72.6506261,
              22.9744315
            ],
            [
              72.6506015,
              22.9744485
            ],
            [
              72.6504628,
              22.9746755
            ],
            [
              72.6504104,
              22.9747208
            ],
            [
              72.6503642,
              22.9747407
            ],
            [
              72.6502533,
              22.9747407
            ],
            [
              72.6502163,
              22.974701
            ],
            [
              72.6502163,
              22.9746386
            ],
            [
              72.6501979,
              22.974596
            ],
            [
              72.6501147,
              22.9745762
            ],
            [
              72.6498374,
              22.9745847
            ],
            [
              72.6497757,
              22.974562
            ]
          ]
        ]
      },
      "id": "way/1111963573"
    },
    {
      "type": "Feature",
      "properties": {
        "@id": "way/1111986043",
        "natural": "water"
      },
      "geometry": {
        "type": "Polygon",
        "coordinates": [
          [
            [
              72.6518321,
              22.9765137
            ],
            [
              72.6517153,
              22.9764746
            ],
            [
              72.6516162,
              22.9763932
            ],
            [
              72.6515772,
              22.9763378
            ],
            [
              72.6515631,
              22.9762661
            ],
            [
              72.6515808,
              22.9761846
            ],
            [
              72.6515985,
              22.9761162
            ],
            [
              72.6516976,
              22.9760478
            ],
            [
              72.6517861,
              22.9760087
            ],
            [
              72.6518993,
              22.9760054
            ],
            [
              72.6520444,
              22.9760087
            ],
            [
              72.6521612,
              22.976012
            ],
            [
              72.6522285,
              22.9760282
            ],
            [
              72.6524231,
              22.9760445
            ],
            [
              72.6525328,
              22.9760673
            ],
            [
              72.6526001,
              22.976126
            ],
            [
              72.6526036,
              22.9761781
            ],
            [
              72.6526001,
              22.9762563
            ],
            [
              72.6525753,
              22.9763345
            ],
            [
              72.652455,
              22.9764258
            ],
            [
              72.6523382,
              22.9764551
            ],
            [
              72.6521754,
              22.9764877
            ],
            [
              72.6519842,
              22.9765105
            ],
            [
              72.6518321,
              22.9765137
            ]
          ]
        ]
      },
      "id": "way/1111986043"
    },
    {
      "type": "Feature",
      "properties": {
        "@id": "way/1111986044",
        "natural": "water"
      },
      "geometry": {
        "type": "Polygon",
        "coordinates": [
          [
            [
              72.6534353,
              22.9773512
            ],
            [
              72.653407,
              22.9772501
            ],
            [
              72.6534141,
              22.9771263
            ],
            [
              72.6534636,
              22.9769602
            ],
            [
              72.6534813,
              22.9768722
            ],
            [
              72.6535238,
              22.9768396
            ],
            [
              72.6536264,
              22.9768233
            ],
            [
              72.6537255,
              22.97682
            ],
            [
              72.6538105,
              22.9768298
            ],
            [
              72.6538636,
              22.9768494
            ],
            [
              72.6538813,
              22.9768819
            ],
            [
              72.6538954,
              22.9769341
            ],
            [
              72.6538954,
              22.9769993
            ],
            [
              72.6538671,
              22.9770775
            ],
            [
              72.6538211,
              22.9771426
            ],
            [
              72.6537857,
              22.9771882
            ],
            [
              72.6537361,
              22.9772534
            ],
            [
              72.6536831,
              22.9772925
            ],
            [
              72.6536087,
              22.9773218
            ],
            [
              72.6535238,
              22.9773642
            ],
            [
              72.6534353,
              22.9773512
            ]
          ]
        ]
      },
      "id": "way/1111986044"
    },
    {
      "type": "Feature",
      "properties": {
        "@id": "way/1196756498",
        "natural": "water",
        "water": "pond"
      },
      "geometry": {
        "type": "Polygon",
        "coordinates": [
          [
            [
              72.4949746,
              23.0774283
            ],
            [
              72.4949518,
              23.0773814
            ],
            [
              72.4949223,
              23.0772654
            ],
            [
              72.4947962,
              23.0770569
            ],
            [
              72.4946836,
              23.0769693
            ],
            [
              72.4944019,
              23.0768089
            ],
            [
              72.4943107,
              23.0767164
            ],
            [
              72.4942544,
              23.076556
            ],
            [
              72.4942692,
              23.07644
            ],
            [
              72.4943215,
              23.076371
            ],
            [
              72.4944288,
              23.0763438
            ],
            [
              72.4945226,
              23.0763524
            ],
            [
              72.4944851,
              23.0764437
            ],
            [
              72.4943858,
              23.07644
            ],
            [
              72.4943483,
              23.0765017
            ],
            [
              72.4943939,
              23.0766436
            ],
            [
              72.4944837,
              23.076751
            ],
            [
              72.4946634,
              23.0768472
            ],
            [
              72.4947023,
              23.0768546
            ],
            [
              72.4947399,
              23.0768423
            ],
            [
              72.4947587,
              23.0768114
            ],
            [
              72.4946406,
              23.0765906
            ],
            [
              72.4945427,
              23.0764734
            ],
            [
              72.4945709,
              23.0763747
            ],
            [
              72.4946031,
              23.0763907
            ],
            [
              72.4947828,
              23.0766029
            ],
            [
              72.4948673,
              23.0768077
            ],
            [
              72.4949746,
              23.0769151
            ],
            [
              72.4950349,
              23.076957
            ],
            [
              72.4950698,
              23.0769644
            ],
            [
              72.4952401,
              23.0768151
            ],
            [
              72.4954802,
              23.0765091
            ],
            [
              72.4955526,
              23.0765733
            ],
            [
              72.4954547,
              23.0766967
            ],
            [
              72.4953595,
              23.0768139
            ],
            [
              72.4953555,
              23.0768645
            ],
            [
              72.4953863,
              23.0768941
            ],
            [
              72.4954493,
              23.076883
            ],
            [
              72.4956156,
              23.0768077
            ],
            [
              72.4957176,
              23.0767473
            ],
            [
              72.4957886,
              23.0766202
            ],
            [
              72.4957806,
              23.0765326
            ],
            [
              72.4957108,
              23.0765017
            ],
            [
              72.495629,
              23.0765128
            ],
            [
              72.4955714,
              23.0765313
            ],
            [
              72.4955124,
              23.076461
            ],
            [
              72.4956049,
              23.0764215
            ],
            [
              72.4958034,
              23.0764067
            ],
            [
              72.4958758,
              23.0764339
            ],
            [
              72.4959026,
              23.0765622
            ],
            [
              72.4958745,
              23.0767004
            ],
            [
              72.495794,
              23.0768151
            ],
            [
              72.4956304,
              23.0769089
            ],
            [
              72.4954681,
              23.0769965
            ],
            [
              72.495283,
              23.0771112
            ],
            [
              72.4952133,
              23.0771779
            ],
            [
              72.4951248,
              23.0773839
            ],
            [
              72.4950953,
              23.0774172
            ],
            [
              72.4949746,
              23.0774283
            ]
          ]
        ]
      },
      "id": "way/1196756498"
    },
    {
      "type": "Feature",
      "properties": {
        "@id": "way/1196756505",
        "natural": "water"
      },
      "geometry": {
        "type": "Polygon",
        "coordinates": [
          [
            [
              72.4748875,
              23.0379661
            ],
            [
              72.4749586,
              23.0379192
            ],
            [
              72.4750672,
              23.037913
            ],
            [
              72.4751732,
              23.037913
            ],
            [
              72.4752872,
              23.0379266
            ],
            [
              72.4752671,
              23.0383808
            ],
            [
              72.4752195,
              23.0383922
            ],
            [
              72.4749631,
              23.03839
            ],
            [
              72.4749059,
              23.0383754
            ],
            [
              72.4748585,
              23.0383452
            ],
            [
              72.4748875,
              23.0379661
            ]
          ]
        ]
      },
      "id": "way/1196756505"
    },
    {
      "type": "Feature",
      "properties": {
        "@id": "way/1198134753",
        "name": "Vastral Lake",
        "natural": "water",
        "water": "lake"
      },
      "geometry": {
        "type": "Polygon",
        "coordinates": [
          [
            [
              72.6675694,
              22.9992861
            ],
            [
              72.6675385,
              22.9992306
            ],
            [
              72.6674366,
              22.9991652
            ],
            [
              72.6674272,
              22.9990639
            ],
            [
              72.6675171,
              22.9989244
            ],
            [
              72.6676834,
              22.9988652
            ],
            [
              72.6678376,
              22.9988713
            ],
            [
              72.6679516,
              22.9988775
            ],
            [
              72.6681085,
              22.99888
            ],
            [
              72.668201,
              22.9988862
            ],
            [
              72.6682614,
              22.9989269
            ],
            [
              72.6683593,
              22.9989528
            ],
            [
              72.6684813,
              22.9989578
            ],
            [
              72.6685765,
              22.9990071
            ],
            [
              72.6687361,
              22.9992084
            ],
            [
              72.6686852,
              22.999417
            ],
            [
              72.6686355,
              22.9996145
            ],
            [
              72.6686154,
              22.9997799
            ],
            [
              72.668535,
              22.9999157
            ],
            [
              72.6683754,
              22.9999651
            ],
            [
              72.6680562,
              22.9999997
            ],
            [
              72.6678966,
              23.0000454
            ],
            [
              72.667556,
              23.0000219
            ],
            [
              72.6674245,
              22.9999787
            ],
            [
              72.6673199,
              22.9998824
            ],
            [
              72.6673052,
              22.9997046
            ],
            [
              72.6673427,
              22.9995071
            ],
            [
              72.6673923,
              22.9994145
            ],
            [
              72.6675694,
              22.9992861
            ]
          ]
        ]
      },
      "id": "way/1198134753"
    },
    {
      "type": "Feature",
      "properties": {
        "@id": "way/1200779816",
        "name": "Khoraj Lake",
        "natural": "water",
        "water": "lake"
      },
      "geometry": {
        "type": "Polygon",
        "coordinates": [
          [
            [
              72.5547275,
              23.1508221
            ],
            [
              72.5547825,
              23.1508172
            ],
            [
              72.5548053,
              23.1508394
            ],
            [
              72.5548616,
              23.1508221
            ],
            [
              72.5548643,
              23.1507974
            ],
            [
              72.5549729,
              23.1507678
            ],
            [
              72.5551768,
              23.150758
            ],
            [
              72.5552224,
              23.1507641
            ],
            [
              72.5553095,
              23.1508159
            ],
            [
              72.5553524,
              23.1509158
            ],
            [
              72.5553377,
              23.1510478
            ],
            [
              72.5552492,
              23.1512771
            ],
            [
              72.5552344,
              23.1514103
            ],
            [
              72.5553069,
              23.1514448
            ],
            [
              72.5554275,
              23.1521686
            ],
            [
              72.5554839,
              23.1529011
            ],
            [
              72.5554302,
              23.1530219
            ],
            [
              72.5553256,
              23.1530614
            ],
            [
              72.5552371,
              23.1530589
            ],
            [
              72.5551191,
              23.1530146
            ],
            [
              72.555052,
              23.1529603
            ],
            [
              72.5550279,
              23.1528888
            ],
            [
              72.5550386,
              23.152763
            ],
            [
              72.5550789,
              23.1525558
            ],
            [
              72.555044,
              23.1524745
            ],
            [
              72.5548482,
              23.1518998
            ],
            [
              72.5546175,
              23.1514732
            ],
            [
              72.5545666,
              23.1511378
            ],
            [
              72.5546148,
              23.1509503
            ],
            [
              72.5547275,
              23.1508221
            ]
          ]
        ]
      },
      "id": "way/1200779816"
    },
    {
      "type": "Feature",
      "properties": {
        "@id": "way/1200946272",
        "name": "Adalaj Lake",
        "natural": "water",
        "water": "lake"
      },
      "geometry": {
        "type": "Polygon",
        "coordinates": [
          [
            [
              72.5798464,
              23.1689303
            ],
            [
              72.5798491,
              23.1688218
            ],
            [
              72.5798719,
              23.168701
            ],
            [
              72.5800797,
              23.168463
            ],
            [
              72.580238,
              23.1683028
            ],
            [
              72.5803211,
              23.1682448
            ],
            [
              72.5804257,
              23.1682275
            ],
            [
              72.5805826,
              23.1682497
            ],
            [
              72.5806645,
              23.1679871
            ],
            [
              72.5807101,
              23.1678996
            ],
            [
              72.5807959,
              23.1678416
            ],
            [
              72.5809541,
              23.1678786
            ],
            [
              72.5810467,
              23.1679144
            ],
            [
              72.5811177,
              23.1680673
            ],
            [
              72.5811607,
              23.1682584
            ],
            [
              72.5812076,
              23.1683792
            ],
            [
              72.5813122,
              23.1685222
            ],
            [
              72.5814316,
              23.1686578
            ],
            [
              72.5815549,
              23.1687824
            ],
            [
              72.5816998,
              23.1690327
            ],
            [
              72.5817762,
              23.1692583
            ],
            [
              72.5817373,
              23.1695406
            ],
            [
              72.5816368,
              23.1697342
            ],
            [
              72.5813793,
              23.1698279
            ],
            [
              72.5811982,
              23.1697958
            ],
            [
              72.5811164,
              23.1697379
            ],
            [
              72.5810453,
              23.1696787
            ],
            [
              72.5807489,
              23.1696664
            ],
            [
              72.5806698,
              23.1697675
            ],
            [
              72.5806135,
              23.1697884
            ],
            [
              72.5804391,
              23.1697157
            ],
            [
              72.5802474,
              23.1695727
            ],
            [
              72.5801414,
              23.1695086
            ],
            [
              72.5798343,
              23.1695061
            ],
            [
              72.5797176,
              23.169479
            ],
            [
              72.5797887,
              23.1694247
            ],
            [
              72.5799684,
              23.1694001
            ],
            [
              72.5800529,
              23.1692386
            ],
            [
              72.5802675,
              23.1690684
            ],
            [
              72.580297,
              23.1689624
            ],
            [
              72.5801817,
              23.1688958
            ],
            [
              72.5798464,
              23.1689303
            ]
          ]
        ]
      },
      "id": "way/1200946272"
    },
    {
      "type": "Feature",
      "properties": {
        "@id": "way/1202581108",
        "natural": "water",
        "water": "lake"
      },
      "geometry": {
        "type": "Polygon",
        "coordinates": [
          [
            [
              72.6105982,
              23.1226807
            ],
            [
              72.6102385,
              23.1220679
            ],
            [
              72.6107345,
              23.1219912
            ],
            [
              72.6111957,
              23.1220484
            ],
            [
              72.611307,
              23.1223611
            ],
            [
              72.6111062,
              23.122468
            ],
            [
              72.6105982,
              23.1226807
            ]
          ]
        ]
      },
      "id": "way/1202581108"
    },
    {
      "type": "Feature",
      "properties": {
        "@id": "way/1202585140",
        "natural": "water",
        "water": "lake"
      },
      "geometry": {
        "type": "Polygon",
        "coordinates": [
          [
            [
              72.6167784,
              23.1246318
            ],
            [
              72.6170431,
              23.1239703
            ],
            [
              72.6172483,
              23.1239577
            ],
            [
              72.6173319,
              23.1240058
            ],
            [
              72.6174167,
              23.1240575
            ],
            [
              72.6174323,
              23.1242083
            ],
            [
              72.6173928,
              23.1248183
            ],
            [
              72.617285,
              23.1248333
            ],
            [
              72.6169176,
              23.1247482
            ],
            [
              72.6167784,
              23.1246318
            ]
          ]
        ]
      },
      "id": "way/1202585140"
    },
    {
      "type": "Feature",
      "properties": {
        "@id": "way/1202722672",
        "natural": "water",
        "water": "pond"
      },
      "geometry": {
        "type": "Polygon",
        "coordinates": [
          [
            [
              72.4547264,
              23.0459077
            ],
            [
              72.454728,
              23.045878
            ],
            [
              72.4547146,
              23.0458519
            ],
            [
              72.454716,
              23.0458255
            ],
            [
              72.4547247,
              23.0457983
            ],
            [
              72.4547832,
              23.0457793
            ],
            [
              72.4548607,
              23.0457926
            ],
            [
              72.4549225,
              23.0458243
            ],
            [
              72.4549474,
              23.0458675
            ],
            [
              72.4549353,
              23.0459074
            ],
            [
              72.4548957,
              23.0459438
            ],
            [
              72.4548481,
              23.0459746
            ],
            [
              72.4548414,
              23.0460187
            ],
            [
              72.4548142,
              23.0460382
            ],
            [
              72.4547454,
              23.0460265
            ],
            [
              72.4546971,
              23.0460006
            ],
            [
              72.4546851,
              23.0459798
            ],
            [
              72.4546843,
              23.0459565
            ],
            [
              72.4547264,
              23.0459077
            ]
          ]
        ]
      },
      "id": "way/1202722672"
    },
    {
      "type": "Feature",
      "properties": {
        "@id": "way/1204808494",
        "natural": "water"
      },
      "geometry": {
        "type": "Polygon",
        "coordinates": [
          [
            [
              72.4888122,
              22.9847331
            ],
            [
              72.4887934,
              22.9843133
            ],
            [
              72.4888068,
              22.9839725
            ],
            [
              72.4890536,
              22.9838022
            ],
            [
              72.4898851,
              22.9836491
            ],
            [
              72.4903303,
              22.9837503
            ],
            [
              72.490494,
              22.9843577
            ],
            [
              72.490679,
              22.9850294
            ],
            [
              72.4904913,
              22.9852269
            ],
            [
              72.4899387,
              22.9852121
            ],
            [
              72.4893165,
              22.9849701
            ],
            [
              72.4891448,
              22.9848318
            ],
            [
              72.4889141,
              22.9848565
            ],
            [
              72.4888122,
              22.9847331
            ]
          ]
        ]
      },
      "id": "way/1204808494"
    },
    {
      "type": "Feature",
      "properties": {
        "@id": "way/1239619340",
        "natural": "water",
        "water": "pond"
      },
      "geometry": {
        "type": "Polygon",
        "coordinates": [
          [
            [
              72.521157,
              23.0262153
            ],
            [
              72.5211905,
              23.0261647
            ],
            [
              72.5212294,
              23.0261363
            ],
            [
              72.5212817,
              23.0261215
            ],
            [
              72.5213434,
              23.0261437
            ],
            [
              72.5213662,
              23.0262067
            ],
            [
              72.5213662,
              23.0262758
            ],
            [
              72.5213139,
              23.0263091
            ],
            [
              72.5212388,
              23.0263165
            ],
            [
              72.5211744,
              23.0263017
            ],
            [
              72.5211543,
              23.0262696
            ],
            [
              72.521157,
              23.0262153
            ]
          ]
        ]
      },
      "id": "way/1239619340"
    },
    {
      "type": "Feature",
      "properties": {
        "@id": "way/1239619341",
        "name": "Jungle Pond",
        "natural": "water",
        "water": "pond"
      },
      "geometry": {
        "type": "Polygon",
        "coordinates": [
          [
            [
              72.5211283,
              23.027029
            ],
            [
              72.5211562,
              23.0270125
            ],
            [
              72.5211678,
              23.0269994
            ],
            [
              72.5211937,
              23.0269975
            ],
            [
              72.521211,
              23.0270087
            ],
            [
              72.5212205,
              23.0270218
            ],
            [
              72.5212126,
              23.0270339
            ],
            [
              72.5212089,
              23.0270417
            ],
            [
              72.5212147,
              23.0270494
            ],
            [
              72.5212166,
              23.027053
            ],
            [
              72.5212179,
              23.0270581
            ],
            [
              72.5212047,
              23.02708
            ],
            [
              72.521211,
              23.0270892
            ],
            [
              72.5212137,
              23.0270974
            ],
            [
              72.5212058,
              23.0271086
            ],
            [
              72.5212002,
              23.0271108
            ],
            [
              72.5211844,
              23.0271108
            ],
            [
              72.5211668,
              23.0270999
            ],
            [
              72.5211604,
              23.0270802
            ],
            [
              72.5211583,
              23.02707
            ],
            [
              72.5211507,
              23.0270545
            ],
            [
              72.5211305,
              23.0270389
            ],
            [
              72.5211288,
              23.0270315
            ],
            [
              72.5211283,
              23.027029
            ]
          ]
        ]
      },
      "id": "way/1239619341"
    },
    {
      "type": "Feature",
      "properties": {
        "@id": "way/1272180401",
        "name": "Lotus Pond",
        "natural": "water",
        "water": "pond"
      },
      "geometry": {
        "type": "Polygon",
        "coordinates": [
          [
            [
              72.5835002,
              23.0576166
            ],
            [
              72.5834882,
              23.0576388
            ],
            [
              72.5834325,
              23.057695
            ],
            [
              72.5834868,
              23.0577536
            ],
            [
              72.5834613,
              23.0577906
            ],
            [
              72.5834231,
              23.0578029
            ],
            [
              72.5833822,
              23.0577931
            ],
            [
              72.583352,
              23.0577443
            ],
            [
              72.5833051,
              23.057727
            ],
            [
              72.5832441,
              23.0576715
            ],
            [
              72.5832482,
              23.057573
            ],
            [
              72.5832488,
              23.0575598
            ],
            [
              72.5832253,
              23.0575062
            ],
            [
              72.5831582,
              23.0574704
            ],
            [
              72.5831086,
              23.0574741
            ],
            [
              72.5830174,
              23.0573902
            ],
            [
              72.5830181,
              23.0573377
            ],
            [
              72.5830027,
              23.057318
            ],
            [
              72.583053,
              23.0572729
            ],
            [
              72.5830965,
              23.057252
            ],
            [
              72.5835002,
              23.0576166
            ]
          ]
        ]
      },
      "id": "way/1272180401"
    },
    {
      "type": "Feature",
      "properties": {
        "@id": "way/1272460965",
        "natural": "water",
        "water": "pond"
      },
      "geometry": {
        "type": "Polygon",
        "coordinates": [
          [
            [
              72.5272571,
              23.0989705
            ],
            [
              72.5272652,
              23.0990083
            ],
            [
              72.527267,
              23.0990412
            ],
            [
              72.5272603,
              23.0991226
            ],
            [
              72.527196,
              23.0991498
            ],
            [
              72.5271604,
              23.099165
            ],
            [
              72.5271225,
              23.0991741
            ],
            [
              72.5270834,
              23.0991769
            ],
            [
              72.5270444,
              23.0991732
            ],
            [
              72.5270199,
              23.0991675
            ],
            [
              72.5269962,
              23.0991592
            ],
            [
              72.5269515,
              23.0991376
            ],
            [
              72.5269116,
              23.0991091
            ],
            [
              72.5268811,
              23.0990784
            ],
            [
              72.5268571,
              23.099043
            ],
            [
              72.5268406,
              23.0990042
            ],
            [
              72.526833,
              23.0989713
            ],
            [
              72.5268308,
              23.0989378
            ],
            [
              72.5268339,
              23.0989043
            ],
            [
              72.5268437,
              23.0988675
            ],
            [
              72.5268599,
              23.0988326
            ],
            [
              72.5268821,
              23.0988007
            ],
            [
              72.5269368,
              23.098794
            ],
            [
              72.526992,
              23.0987919
            ],
            [
              72.5270471,
              23.0987945
            ],
            [
              72.5270876,
              23.0987994
            ],
            [
              72.5271262,
              23.0988119
            ],
            [
              72.5271611,
              23.0988315
            ],
            [
              72.5271789,
              23.0988457
            ],
            [
              72.5271948,
              23.0988617
            ],
            [
              72.5272228,
              23.0988964
            ],
            [
              72.5272444,
              23.0989348
            ],
            [
              72.5271953,
              23.0989407
            ],
            [
              72.5271796,
              23.0989112
            ],
            [
              72.5271571,
              23.0988858
            ],
            [
              72.5271349,
              23.0988692
            ],
            [
              72.5271098,
              23.0988565
            ],
            [
              72.5270826,
              23.0988482
            ],
            [
              72.5270691,
              23.0988429
            ],
            [
              72.5270544,
              23.0988436
            ],
            [
              72.5270415,
              23.0988501
            ],
            [
              72.527033,
              23.0988611
            ],
            [
              72.5270305,
              23.0988728
            ],
            [
              72.5270331,
              23.0988846
            ],
            [
              72.5270404,
              23.0988944
            ],
            [
              72.5270535,
              23.0989052
            ],
            [
              72.5270692,
              23.0989123
            ],
            [
              72.527094,
              23.0989117
            ],
            [
              72.5271119,
              23.0989089
            ],
            [
              72.5271296,
              23.0989123
            ],
            [
              72.5271434,
              23.0989203
            ],
            [
              72.5271537,
              23.0989321
            ],
            [
              72.5271591,
              23.0989462
            ],
            [
              72.5271665,
              23.0989814
            ],
            [
              72.5271638,
              23.0990172
            ],
            [
              72.5271698,
              23.0990301
            ],
            [
              72.5271781,
              23.0990288
            ],
            [
              72.5271852,
              23.0990246
            ],
            [
              72.527191,
              23.0990147
            ],
            [
              72.5271899,
              23.0990036
            ],
            [
              72.5271906,
              23.0989845
            ],
            [
              72.5272571,
              23.0989705
            ]
          ]
        ]
      },
      "id": "way/1272460965"
    },
    {
      "type": "Feature",
      "properties": {
        "@id": "way/1273603782",
        "natural": "water",
        "water": "pond"
      },
      "geometry": {
        "type": "Polygon",
        "coordinates": [
          [
            [
              72.4869212,
              23.0418277
            ],
            [
              72.4868891,
              23.0418524
            ],
            [
              72.4868478,
              23.0418729
            ],
            [
              72.4868135,
              23.0418875
            ],
            [
              72.4867767,
              23.0418956
            ],
            [
              72.4867389,
              23.0418968
            ],
            [
              72.4867047,
              23.0418919
            ],
            [
              72.486672,
              23.0418813
            ],
            [
              72.4866419,
              23.0418655
            ],
            [
              72.4866155,
              23.041845
            ],
            [
              72.4865825,
              23.0418213
            ],
            [
              72.4865541,
              23.0417931
            ],
            [
              72.486531,
              23.0417611
            ],
            [
              72.4865147,
              23.0417285
            ],
            [
              72.4865039,
              23.0416941
            ],
            [
              72.4864988,
              23.0416586
            ],
            [
              72.4864945,
              23.0416177
            ],
            [
              72.4864968,
              23.0415767
            ],
            [
              72.4865055,
              23.0415364
            ],
            [
              72.4865209,
              23.041497
            ],
            [
              72.4865425,
              23.0414601
            ],
            [
              72.4865699,
              23.0414266
            ],
            [
              72.4866011,
              23.0413986
            ],
            [
              72.4866367,
              23.0413754
            ],
            [
              72.4866758,
              23.0413575
            ],
            [
              72.4867228,
              23.0413443
            ],
            [
              72.4867716,
              23.0413389
            ],
            [
              72.4868207,
              23.0413415
            ],
            [
              72.486944,
              23.0413538
            ],
            [
              72.486969,
              23.041373
            ],
            [
              72.4869893,
              23.0413964
            ],
            [
              72.4870044,
              23.0414229
            ],
            [
              72.4870138,
              23.0414526
            ],
            [
              72.4870165,
              23.0414834
            ],
            [
              72.4869923,
              23.0415303
            ],
            [
              72.486972,
              23.041563
            ],
            [
              72.4869494,
              23.0415945
            ],
            [
              72.4869467,
              23.0416185
            ],
            [
              72.4869494,
              23.0416426
            ],
            [
              72.486959,
              23.0416688
            ],
            [
              72.4869749,
              23.0416923
            ],
            [
              72.4869964,
              23.0417117
            ],
            [
              72.4869976,
              23.0417303
            ],
            [
              72.486995,
              23.0417487
            ],
            [
              72.4869849,
              23.0417735
            ],
            [
              72.4869678,
              23.0417949
            ],
            [
              72.4869452,
              23.0418113
            ],
            [
              72.4869212,
              23.0418277
            ]
          ]
        ]
      },
      "id": "way/1273603782"
    },
    {
      "type": "Feature",
      "properties": {
        "@id": "way/1275046998",
        "natural": "water",
        "water": "lake"
      },
      "geometry": {
        "type": "Polygon",
        "coordinates": [
          [
            [
              72.5500806,
              23.1382857
            ],
            [
              72.5501865,
              23.1380539
            ],
            [
              72.5502312,
              23.1379561
            ],
            [
              72.5502825,
              23.1378611
            ],
            [
              72.5503401,
              23.1377692
            ],
            [
              72.5504039,
              23.1376809
            ],
            [
              72.5504735,
              23.1375963
            ],
            [
              72.5505309,
              23.1375342
            ],
            [
              72.5505914,
              23.1374747
            ],
            [
              72.5507162,
              23.1373591
            ],
            [
              72.5508477,
              23.1372498
            ],
            [
              72.5509651,
              23.1371616
            ],
            [
              72.5510867,
              23.1370785
            ],
            [
              72.5512125,
              23.1370007
            ],
            [
              72.5512516,
              23.1369715
            ],
            [
              72.5512947,
              23.1369475
            ],
            [
              72.5513409,
              23.1369292
            ],
            [
              72.5513895,
              23.1369168
            ],
            [
              72.5514331,
              23.1369112
            ],
            [
              72.5514771,
              23.1369103
            ],
            [
              72.5515209,
              23.1369144
            ],
            [
              72.5515685,
              23.1369316
            ],
            [
              72.5516121,
              23.1369563
            ],
            [
              72.5516497,
              23.1369871
            ],
            [
              72.5516809,
              23.1370234
            ],
            [
              72.5517048,
              23.1370641
            ],
            [
              72.5517207,
              23.137108
            ],
            [
              72.5517288,
              23.137175
            ],
            [
              72.5517274,
              23.1372424
            ],
            [
              72.5517199,
              23.1372937
            ],
            [
              72.5517069,
              23.137344
            ],
            [
              72.5516885,
              23.1373929
            ],
            [
              72.5516759,
              23.1374235
            ],
            [
              72.5516579,
              23.1374517
            ],
            [
              72.5516349,
              23.1374767
            ],
            [
              72.5516047,
              23.1374998
            ],
            [
              72.5515703,
              23.1375172
            ],
            [
              72.551533,
              23.1375285
            ],
            [
              72.5514864,
              23.1375324
            ],
            [
              72.5514411,
              23.1375429
            ],
            [
              72.5513982,
              23.1375598
            ],
            [
              72.5513586,
              23.1375828
            ],
            [
              72.5513226,
              23.137612
            ],
            [
              72.5512923,
              23.1376462
            ],
            [
              72.5512683,
              23.1376845
            ],
            [
              72.5512513,
              23.1377258
            ],
            [
              72.5511467,
              23.1379947
            ],
            [
              72.5510978,
              23.13811
            ],
            [
              72.5510395,
              23.1382216
            ],
            [
              72.5509902,
              23.1383017
            ],
            [
              72.550936,
              23.138379
            ],
            [
              72.5508772,
              23.1384534
            ],
            [
              72.5508397,
              23.138487
            ],
            [
              72.5507973,
              23.1385152
            ],
            [
              72.5507509,
              23.1385375
            ],
            [
              72.5507015,
              23.1385533
            ],
            [
              72.5506539,
              23.138562
            ],
            [
              72.5506055,
              23.1385647
            ],
            [
              72.5505572,
              23.1385614
            ],
            [
              72.5505097,
              23.1385521
            ],
            [
              72.5504517,
              23.1385502
            ],
            [
              72.5503945,
              23.1385406
            ],
            [
              72.5503394,
              23.1385237
            ],
            [
              72.5502961,
              23.1385043
            ],
            [
              72.5502556,
              23.1384804
            ],
            [
              72.5502184,
              23.1384522
            ],
            [
              72.5501852,
              23.1384201
            ],
            [
              72.5501074,
              23.138372
            ],
            [
              72.5500806,
              23.1382857
            ]
          ]
        ]
      },
      "id": "way/1275046998"
    },
    {
      "type": "Feature",
      "properties": {
        "@id": "way/1283855603",
        "intermittent": "yes",
        "natural": "water",
        "water": "basin"
      },
      "geometry": {
        "type": "Polygon",
        "coordinates": [
          [
            [
              72.6517646,
              23.0216426
            ],
            [
              72.6517814,
              23.0216145
            ],
            [
              72.651807,
              23.0215929
            ],
            [
              72.6518389,
              23.0215799
            ],
            [
              72.6518737,
              23.0215771
            ],
            [
              72.6519084,
              23.021585
            ],
            [
              72.6519383,
              23.021603
            ],
            [
              72.6519602,
              23.021629
            ],
            [
              72.6519716,
              23.0216602
            ],
            [
              72.6519711,
              23.0216931
            ],
            [
              72.6519589,
              23.0217241
            ],
            [
              72.6519364,
              23.0217496
            ],
            [
              72.6519059,
              23.0217669
            ],
            [
              72.651871,
              23.021774
            ],
            [
              72.6518364,
              23.0217704
            ],
            [
              72.6518024,
              23.0217538
            ],
            [
              72.6517797,
              23.0217344
            ],
            [
              72.6517637,
              23.0217059
            ],
            [
              72.6517585,
              23.0216742
            ],
            [
              72.6517646,
              23.0216426
            ]
          ]
        ]
      },
      "id": "way/1283855603"
    },
    {
      "type": "Feature",
      "properties": {
        "@id": "way/1283879716",
        "natural": "water",
        "water": "pond"
      },
      "geometry": {
        "type": "Polygon",
        "coordinates": [
          [
            [
              72.5165269,
              23.0294518
            ],
            [
              72.5165044,
              23.029459
            ],
            [
              72.5164805,
              23.0294587
            ],
            [
              72.5164583,
              23.0294509
            ],
            [
              72.5164402,
              23.0294366
            ],
            [
              72.5164285,
              23.0294175
            ],
            [
              72.5164246,
              23.0293977
            ],
            [
              72.5164276,
              23.0293778
            ],
            [
              72.5164372,
              23.0293598
            ],
            [
              72.5164525,
              23.0293455
            ],
            [
              72.5164719,
              23.0293362
            ],
            [
              72.5164934,
              23.0293331
            ],
            [
              72.516515,
              23.0293362
            ],
            [
              72.5165343,
              23.0293455
            ],
            [
              72.5165496,
              23.0293598
            ],
            [
              72.5165593,
              23.0293778
            ],
            [
              72.5165623,
              23.0293977
            ],
            [
              72.5165577,
              23.0294192
            ],
            [
              72.5165454,
              23.029438
            ],
            [
              72.5165269,
              23.0294518
            ]
          ]
        ]
      },
      "id": "way/1283879716"
    },
    {
      "type": "Feature",
      "properties": {
        "@id": "way/1283881916",
        "natural": "water",
        "water": "reservoir"
      },
      "geometry": {
        "type": "Polygon",
        "coordinates": [
          [
            [
              72.651396,
              22.9888022
            ],
            [
              72.6514087,
              22.9888035
            ],
            [
              72.6514202,
              22.9888085
            ],
            [
              72.6514295,
              22.9888166
            ],
            [
              72.6514354,
              22.9888269
            ],
            [
              72.6514375,
              22.9888385
            ],
            [
              72.6514354,
              22.9888501
            ],
            [
              72.6514294,
              22.9888605
            ],
            [
              72.6514202,
              22.9888685
            ],
            [
              72.6514086,
              22.9888735
            ],
            [
              72.651396,
              22.9888748
            ],
            [
              72.6513835,
              22.9888723
            ],
            [
              72.6513726,
              22.9888663
            ],
            [
              72.6513638,
              22.9888566
            ],
            [
              72.6513591,
              22.9888448
            ],
            [
              72.6513591,
              22.9888321
            ],
            [
              72.6513638,
              22.9888203
            ],
            [
              72.6513726,
              22.9888106
            ],
            [
              72.6513836,
              22.9888046
            ],
            [
              72.651396,
              22.9888022
            ]
          ]
        ]
      },
      "id": "way/1283881916"
    },
    {
      "type": "Feature",
      "properties": {
        "@id": "way/1288891874",
        "natural": "water",
        "water": "lake"
      },
      "geometry": {
        "type": "Polygon",
        "coordinates": [
          [
            [
              72.555626,
              23.1432013
            ],
            [
              72.5555348,
              23.1431075
            ],
            [
              72.5555294,
              23.1430548
            ],
            [
              72.5555317,
              23.1430018
            ],
            [
              72.5555415,
              23.1429496
            ],
            [
              72.5555588,
              23.1428991
            ],
            [
              72.5555831,
              23.142851
            ],
            [
              72.5556184,
              23.1428012
            ],
            [
              72.5556614,
              23.1427566
            ],
            [
              72.5557111,
              23.1427185
            ],
            [
              72.5557664,
              23.1426875
            ],
            [
              72.5558261,
              23.1426645
            ],
            [
              72.5558888,
              23.1426498
            ],
            [
              72.5559533,
              23.1426439
            ],
            [
              72.5562483,
              23.1425896
            ],
            [
              72.5564843,
              23.1425206
            ],
            [
              72.5565694,
              23.1425047
            ],
            [
              72.5566559,
              23.1424973
            ],
            [
              72.5567427,
              23.1424983
            ],
            [
              72.5568289,
              23.1425077
            ],
            [
              72.5569135,
              23.1425255
            ],
            [
              72.5569912,
              23.1425498
            ],
            [
              72.5570659,
              23.1425811
            ],
            [
              72.5571368,
              23.1426192
            ],
            [
              72.5572032,
              23.1426636
            ],
            [
              72.5573319,
              23.1429448
            ],
            [
              72.5573212,
              23.143369
            ],
            [
              72.5573695,
              23.1437389
            ],
            [
              72.5574607,
              23.1438918
            ],
            [
              72.5574553,
              23.1441878
            ],
            [
              72.5574275,
              23.1442407
            ],
            [
              72.5573928,
              23.1442901
            ],
            [
              72.5573518,
              23.1443352
            ],
            [
              72.5573051,
              23.1443753
            ],
            [
              72.5572511,
              23.1444111
            ],
            [
              72.5571925,
              23.1444403
            ],
            [
              72.5571303,
              23.1444624
            ],
            [
              72.5570656,
              23.144477
            ],
            [
              72.5569993,
              23.1444838
            ],
            [
              72.5567633,
              23.1444147
            ],
            [
              72.5565594,
              23.1444147
            ],
            [
              72.556141,
              23.1442223
            ],
            [
              72.5558245,
              23.1437192
            ],
            [
              72.555626,
              23.1432013
            ]
          ]
        ]
      },
      "id": "way/1288891874"
    },
    {
      "type": "Feature",
      "properties": {
        "@id": "way/1290153167",
        "natural": "water",
        "water": "lake"
      },
      "geometry": {
        "type": "Polygon",
        "coordinates": [
          [
            [
              72.6423284,
              22.952083
            ],
            [
              72.6426798,
              22.9521595
            ],
            [
              72.642881,
              22.9523127
            ],
            [
              72.6430982,
              22.952614
            ],
            [
              72.6431653,
              22.9529227
            ],
            [
              72.6430956,
              22.9531178
            ],
            [
              72.64294,
              22.9534043
            ],
            [
              72.6429185,
              22.9537057
            ],
            [
              72.6430178,
              22.9539255
            ],
            [
              72.6432672,
              22.9541897
            ],
            [
              72.643514,
              22.9543626
            ],
            [
              72.6436025,
              22.954617
            ],
            [
              72.6435542,
              22.9549183
            ],
            [
              72.6433209,
              22.9550986
            ],
            [
              72.6430419,
              22.9550863
            ],
            [
              72.6428515,
              22.9549924
            ],
            [
              72.6425806,
              22.9547751
            ],
            [
              72.642256,
              22.9543453
            ],
            [
              72.6420683,
              22.9537921
            ],
            [
              72.641843,
              22.953592
            ],
            [
              72.6417437,
              22.9532463
            ],
            [
              72.6414353,
              22.9530437
            ],
            [
              72.6411402,
              22.952735
            ],
            [
              72.6410383,
              22.9524485
            ],
            [
              72.641049,
              22.9522262
            ],
            [
              72.6415291,
              22.9519916
            ],
            [
              72.6418698,
              22.9519471
            ],
            [
              72.6422185,
              22.9519718
            ],
            [
              72.6423284,
              22.952083
            ]
          ]
        ]
      },
      "id": "way/1290153167"
    },
    {
      "type": "Feature",
      "properties": {
        "@id": "way/1303259908",
        "natural": "water"
      },
      "geometry": {
        "type": "Polygon",
        "coordinates": [
          [
            [
              72.4433917,
              23.0735406
            ],
            [
              72.4433032,
              23.0734715
            ],
            [
              72.4432066,
              23.0734073
            ],
            [
              72.4432066,
              23.073284
            ],
            [
              72.4432844,
              23.0732223
            ],
            [
              72.4433863,
              23.0731803
            ],
            [
              72.4435258,
              23.0731951
            ],
            [
              72.4438101,
              23.0731877
            ],
            [
              72.4441159,
              23.0731803
            ],
            [
              72.4444512,
              23.0731803
            ],
            [
              72.4445692,
              23.0732667
            ],
            [
              72.444824,
              23.0734148
            ],
            [
              72.4447945,
              23.0735826
            ],
            [
              72.4447033,
              23.0737133
            ],
            [
              72.4445879,
              23.0738367
            ],
            [
              72.4444646,
              23.0738515
            ],
            [
              72.4442634,
              23.0738194
            ],
            [
              72.4441695,
              23.0737775
            ],
            [
              72.4440864,
              23.0737479
            ],
            [
              72.443912,
              23.0737602
            ],
            [
              72.4437618,
              23.0737676
            ],
            [
              72.4436223,
              23.0737257
            ],
            [
              72.4435553,
              23.0736689
            ],
            [
              72.4435553,
              23.0735949
            ],
            [
              72.4435312,
              23.0735579
            ],
            [
              72.4433917,
              23.0735406
            ]
          ]
        ]
      },
      "id": "way/1303259908"
    },
    {
      "type": "Feature",
      "properties": {
        "@id": "way/1304027700",
        "name": "Ognaj Lake",
        "natural": "water",
        "water": "lake"
      },
      "geometry": {
        "type": "Polygon",
        "coordinates": [
          [
            [
              72.5148618,
              23.1202424
            ],
            [
              72.5147921,
              23.1203756
            ],
            [
              72.5147465,
              23.1204225
            ],
            [
              72.5146741,
              23.1204299
            ],
            [
              72.5145721,
              23.1203756
            ],
            [
              72.51454,
              23.1203289
            ],
            [
              72.514513,
              23.1202794
            ],
            [
              72.5144917,
              23.1202276
            ],
            [
              72.5144761,
              23.1201746
            ],
            [
              72.5144664,
              23.1201203
            ],
            [
              72.5144627,
              23.1200655
            ],
            [
              72.5144649,
              23.1200106
            ],
            [
              72.5145453,
              23.1198724
            ],
            [
              72.5145507,
              23.1197392
            ],
            [
              72.5145829,
              23.1196529
            ],
            [
              72.5147223,
              23.119606
            ],
            [
              72.5147599,
              23.1194876
            ],
            [
              72.5148967,
              23.1193815
            ],
            [
              72.5150657,
              23.1193519
            ],
            [
              72.5153393,
              23.119231
            ],
            [
              72.5153584,
              23.1192113
            ],
            [
              72.5153818,
              23.119196
            ],
            [
              72.5154083,
              23.1191856
            ],
            [
              72.5154366,
              23.1191808
            ],
            [
              72.5154653,
              23.1191817
            ],
            [
              72.5154961,
              23.1191894
            ],
            [
              72.5155239,
              23.1192037
            ],
            [
              72.5155472,
              23.1192237
            ],
            [
              72.5155646,
              23.1192483
            ],
            [
              72.5155447,
              23.1192839
            ],
            [
              72.515534,
              23.1193226
            ],
            [
              72.5155329,
              23.1193626
            ],
            [
              72.5155414,
              23.1194018
            ],
            [
              72.5155592,
              23.1194383
            ],
            [
              72.5155829,
              23.1194678
            ],
            [
              72.5156127,
              23.1194923
            ],
            [
              72.5156473,
              23.1195106
            ],
            [
              72.5156668,
              23.1195151
            ],
            [
              72.5156853,
              23.1195221
            ],
            [
              72.5157122,
              23.1195387
            ],
            [
              72.5157341,
              23.1195607
            ],
            [
              72.5157495,
              23.119587
            ],
            [
              72.5157577,
              23.1196159
            ],
            [
              72.5157534,
              23.1196418
            ],
            [
              72.5157443,
              23.1196667
            ],
            [
              72.5157309,
              23.1196899
            ],
            [
              72.5157058,
              23.1197176
            ],
            [
              72.5156745,
              23.1197392
            ],
            [
              72.515633,
              23.1197675
            ],
            [
              72.515597,
              23.1198015
            ],
            [
              72.5155672,
              23.1198403
            ],
            [
              72.5155469,
              23.1198778
            ],
            [
              72.5155325,
              23.1199176
            ],
            [
              72.5155243,
              23.1199587
            ],
            [
              72.5155059,
              23.1200136
            ],
            [
              72.5154795,
              23.1200657
            ],
            [
              72.5154456,
              23.120114
            ],
            [
              72.5154049,
              23.1201575
            ],
            [
              72.515358,
              23.1201956
            ],
            [
              72.5152051,
              23.1203707
            ],
            [
              72.5151827,
              23.1203945
            ],
            [
              72.5151558,
              23.120414
            ],
            [
              72.5151253,
              23.1204284
            ],
            [
              72.5150925,
              23.1204373
            ],
            [
              72.5150552,
              23.1204403
            ],
            [
              72.515018,
              23.1204361
            ],
            [
              72.5149825,
              23.120425
            ],
            [
              72.5149594,
              23.1203946
            ],
            [
              72.5149439,
              23.1203604
            ],
            [
              72.5149369,
              23.1203238
            ],
            [
              72.5149384,
              23.1202888
            ],
            [
              72.5149477,
              23.1202548
            ],
            [
              72.5149396,
              23.1202042
            ],
            [
              72.5148994,
              23.1202054
            ],
            [
              72.5148618,
              23.1202424
            ]
          ]
        ]
      },
      "id": "way/1304027700"
    },
    {
      "type": "Feature",
      "properties": {
        "@id": "way/1330894779",
        "area": "yes",
        "natural": "water"
      },
      "geometry": {
        "type": "Polygon",
        "coordinates": [
          [
            [
              72.6245595,
              23.125426
            ],
            [
              72.6252461,
              23.1254455
            ],
            [
              72.6249983,
              23.1258426
            ],
            [
              72.6245665,
              23.1257905
            ],
            [
              72.6245595,
              23.125426
            ]
          ]
        ]
      },
      "id": "way/1330894779"
    },
    {
      "type": "Feature",
      "properties": {
        "@id": "way/1341023969",
        "natural": "water",
        "water": "pond"
      },
      "geometry": {
        "type": "Polygon",
        "coordinates": [
          [
            [
              72.5953041,
              22.8463251
            ],
            [
              72.5953041,
              22.8462689
            ],
            [
              72.595298,
              22.8462277
            ],
            [
              72.5952696,
              22.8461959
            ],
            [
              72.5952147,
              22.8461921
            ],
            [
              72.595172,
              22.8461884
            ],
            [
              72.5951273,
              22.8461603
            ],
            [
              72.5951456,
              22.846121
            ],
            [
              72.5951578,
              22.8460872
            ],
            [
              72.5951578,
              22.8460292
            ],
            [
              72.5951049,
              22.8459655
            ],
            [
              72.5950419,
              22.8458699
            ],
            [
              72.5950074,
              22.8458175
            ],
            [
              72.5949952,
              22.8457688
            ],
            [
              72.5950094,
              22.8457426
            ],
            [
              72.5950135,
              22.8457126
            ],
            [
              72.5949992,
              22.8456901
            ],
            [
              72.5950074,
              22.8456583
            ],
            [
              72.5950562,
              22.8456414
            ],
            [
              72.5951273,
              22.8456395
            ],
            [
              72.5952208,
              22.8456414
            ],
            [
              72.5952899,
              22.8456564
            ],
            [
              72.5953428,
              22.8456695
            ],
            [
              72.5953834,
              22.8456845
            ],
            [
              72.5954505,
              22.8458287
            ],
            [
              72.5954647,
              22.8458905
            ],
            [
              72.5955155,
              22.8460179
            ],
            [
              72.5955542,
              22.846061
            ],
            [
              72.5956192,
              22.8461341
            ],
            [
              72.5956497,
              22.8461809
            ],
            [
              72.5956965,
              22.8462352
            ],
            [
              72.595731,
              22.8462615
            ],
            [
              72.5957513,
              22.8462877
            ],
            [
              72.5957513,
              22.8463102
            ],
            [
              72.5957493,
              22.8463326
            ],
            [
              72.595731,
              22.8463532
            ],
            [
              72.5957148,
              22.8463645
            ],
            [
              72.5956741,
              22.8463738
            ],
            [
              72.5956294,
              22.8463776
            ],
            [
              72.5955603,
              22.8463776
            ],
            [
              72.5954993,
              22.8463776
            ],
            [
              72.5954464,
              22.8463757
            ],
            [
              72.5954037,
              22.8463645
            ],
            [
              72.5953468,
              22.8463514
            ],
            [
              72.5953224,
              22.8463439
            ],
            [
              72.5953041,
              22.8463251
            ]
          ]
        ]
      },
      "id": "way/1341023969"
    },
    {
      "type": "Feature",
      "properties": {
        "@id": "way/1341023970",
        "natural": "water"
      },
      "geometry": {
        "type": "Polygon",
        "coordinates": [
          [
            [
              72.5951052,
              22.8465234
            ],
            [
              72.5951296,
              22.8465028
            ],
            [
              72.5951661,
              22.8464822
            ],
            [
              72.595219,
              22.8464765
            ],
            [
              72.5952739,
              22.8464915
            ],
            [
              72.5953511,
              22.8464915
            ],
            [
              72.5953958,
              22.8464915
            ],
            [
              72.5954365,
              22.8464972
            ],
            [
              72.5954751,
              22.8465046
            ],
            [
              72.5955666,
              22.8465121
            ],
            [
              72.5956174,
              22.8465271
            ],
            [
              72.5956499,
              22.846544
            ],
            [
              72.5956865,
              22.8465515
            ],
            [
              72.5957109,
              22.8465402
            ],
            [
              72.5957821,
              22.8465346
            ],
            [
              72.5958207,
              22.846544
            ],
            [
              72.595839,
              22.8465608
            ],
            [
              72.595839,
              22.8465833
            ],
            [
              72.5958309,
              22.8466114
            ],
            [
              72.595841,
              22.8466583
            ],
            [
              72.595841,
              22.8466882
            ],
            [
              72.5958248,
              22.8467088
            ],
            [
              72.5958044,
              22.8467313
            ],
            [
              72.595776,
              22.84675
            ],
            [
              72.5957556,
              22.8467725
            ],
            [
              72.5957211,
              22.8467969
            ],
            [
              72.5956723,
              22.8468212
            ],
            [
              72.5956316,
              22.8468137
            ],
            [
              72.5955727,
              22.8468062
            ],
            [
              72.5955341,
              22.8468268
            ],
            [
              72.5955076,
              22.8468194
            ],
            [
              72.5954711,
              22.8467987
            ],
            [
              72.5954446,
              22.8468025
            ],
            [
              72.5954324,
              22.8468268
            ],
            [
              72.5954263,
              22.8468493
            ],
            [
              72.5953836,
              22.8468681
            ],
            [
              72.5953288,
              22.8468812
            ],
            [
              72.5952617,
              22.8468756
            ],
            [
              72.5952027,
              22.8468924
            ],
            [
              72.5951539,
              22.8468887
            ],
            [
              72.5951153,
              22.8468812
            ],
            [
              72.5951031,
              22.8468568
            ],
            [
              72.5951031,
              22.8468268
            ],
            [
              72.5951072,
              22.8467913
            ],
            [
              72.5951072,
              22.8467632
            ],
            [
              72.5951052,
              22.8467238
            ],
            [
              72.595093,
              22.846677
            ],
            [
              72.5950991,
              22.8466264
            ],
            [
              72.595095,
              22.8465721
            ],
            [
              72.5951052,
              22.8465234
            ]
          ]
        ]
      },
      "id": "way/1341023970"
    },
    {
      "type": "Feature",
      "properties": {
        "@id": "way/1341023971",
        "natural": "water"
      },
      "geometry": {
        "type": "Polygon",
        "coordinates": [
          [
            [
              72.5972463,
              22.8466451
            ],
            [
              72.5973133,
              22.846655
            ],
            [
              72.5973589,
              22.8466995
            ],
            [
              72.5973777,
              22.8467538
            ],
            [
              72.597485,
              22.8468478
            ],
            [
              72.5975681,
              22.8468947
            ],
            [
              72.5976405,
              22.8469442
            ],
            [
              72.5976996,
              22.8469911
            ],
            [
              72.5977532,
              22.8470158
            ],
            [
              72.5977961,
              22.8470282
            ],
            [
              72.5978498,
              22.8470455
            ],
            [
              72.5979007,
              22.8470678
            ],
            [
              72.597941,
              22.8470974
            ],
            [
              72.5979731,
              22.847137
            ],
            [
              72.5979866,
              22.8471815
            ],
            [
              72.5979866,
              22.8472482
            ],
            [
              72.5979758,
              22.8472952
            ],
            [
              72.5979678,
              22.8473322
            ],
            [
              72.597941,
              22.847352
            ],
            [
              72.5979222,
              22.8473668
            ],
            [
              72.5978873,
              22.8473743
            ],
            [
              72.5978524,
              22.8473916
            ],
            [
              72.5978256,
              22.8474089
            ],
            [
              72.5978068,
              22.847436
            ],
            [
              72.5978015,
              22.8475003
            ],
            [
              72.5978015,
              22.8475572
            ],
            [
              72.5978015,
              22.8476066
            ],
            [
              72.5977881,
              22.8476239
            ],
            [
              72.5977505,
              22.8476338
            ],
            [
              72.5976915,
              22.8476461
            ],
            [
              72.5975145,
              22.8476634
            ],
            [
              72.5974099,
              22.8476634
            ],
            [
              72.597316,
              22.8476437
            ],
            [
              72.5972436,
              22.8476115
            ],
            [
              72.5971926,
              22.8475769
            ],
            [
              72.5971578,
              22.8475201
            ],
            [
              72.5971282,
              22.8474385
            ],
            [
              72.597088,
              22.8473619
            ],
            [
              72.5970558,
              22.8472729
            ],
            [
              72.597021,
              22.8471691
            ],
            [
              72.5970022,
              22.847048
            ],
            [
              72.5969807,
              22.8469565
            ],
            [
              72.5969646,
              22.8469021
            ],
            [
              72.5969834,
              22.8468651
            ],
            [
              72.5969673,
              22.8468329
            ],
            [
              72.5969405,
              22.8468082
            ],
            [
              72.5969378,
              22.8467687
            ],
            [
              72.59697,
              22.8467365
            ],
            [
              72.5970263,
              22.8467291
            ],
            [
              72.5971041,
              22.8467168
            ],
            [
              72.5971765,
              22.8466698
            ],
            [
              72.5972463,
              22.8466451
            ]
          ]
        ]
      },
      "id": "way/1341023971"
    },
    {
      "type": "Feature",
      "properties": {
        "@id": "way/1349775590",
        "intermittent": "yes",
        "name": "Ratanpura lake",
        "natural": "water",
        "water": "lake"
      },
      "geometry": {
        "type": "Polygon",
        "coordinates": [
          [
            [
              72.6570685,
              22.9939629
            ],
            [
              72.6570404,
              22.9939579
            ],
            [
              72.6570564,
              22.9935086
            ],
            [
              72.6569009,
              22.9932937
            ],
            [
              72.6568741,
              22.9931703
            ],
            [
              72.6569197,
              22.9930814
            ],
            [
              72.6572764,
              22.9929777
            ],
            [
              72.6575285,
              22.9929333
            ],
            [
              72.6576814,
              22.9930123
            ],
            [
              72.6577297,
              22.9930962
            ],
            [
              72.6577485,
              22.9933184
            ],
            [
              72.6577377,
              22.9934888
            ],
            [
              72.6578397,
              22.9937258
            ],
            [
              72.6578692,
              22.9938641
            ],
            [
              72.6576599,
              22.9938592
            ],
            [
              72.6573864,
              22.9938876
            ],
            [
              72.6571584,
              22.9939641
            ],
            [
              72.6570685,
              22.9939629
            ]
          ]
        ]
      },
      "id": "way/1349775590"
    },
    {
      "type": "Feature",
      "properties": {
        "@id": "way/1368330303",
        "intermittent": "yes",
        "name": "Tragad Lake",
        "natural": "water",
        "water": "lake"
      },
      "geometry": {
        "type": "Polygon",
        "coordinates": [
          [
            [
              72.5532765,
              23.1295994
            ],
            [
              72.5532437,
              23.1295867
            ],
            [
              72.5532125,
              23.1295695
            ],
            [
              72.5531847,
              23.1295487
            ],
            [
              72.5531574,
              23.1295214
            ],
            [
              72.5531428,
              23.1295012
            ],
            [
              72.5531324,
              23.1294651
            ],
            [
              72.5531475,
              23.1293448
            ],
            [
              72.5531319,
              23.1292472
            ],
            [
              72.553123,
              23.1291489
            ],
            [
              72.5530904,
              23.1290458
            ],
            [
              72.5530891,
              23.1290475
            ],
            [
              72.5531242,
              23.1289949
            ],
            [
              72.5531837,
              23.128925
            ],
            [
              72.5532383,
              23.1288996
            ],
            [
              72.5532931,
              23.1288167
            ],
            [
              72.553326,
              23.1288047
            ],
            [
              72.5533946,
              23.1288195
            ],
            [
              72.553519,
              23.1288336
            ],
            [
              72.5535983,
              23.1288032
            ],
            [
              72.5536481,
              23.1287739
            ],
            [
              72.5536918,
              23.128737
            ],
            [
              72.5537289,
              23.1286922
            ],
            [
              72.5537567,
              23.1286418
            ],
            [
              72.5537716,
              23.1285736
            ],
            [
              72.5538242,
              23.1285777
            ],
            [
              72.5539287,
              23.1285729
            ],
            [
              72.5539516,
              23.1285765
            ],
            [
              72.5539778,
              23.1285847
            ],
            [
              72.5539993,
              23.1285952
            ],
            [
              72.5540192,
              23.1286088
            ],
            [
              72.5540489,
              23.1286362
            ],
            [
              72.5540778,
              23.1286592
            ],
            [
              72.5540901,
              23.1286734
            ],
            [
              72.554096,
              23.1286832
            ],
            [
              72.5541009,
              23.1286951
            ],
            [
              72.5541064,
              23.1287179
            ],
            [
              72.5541163,
              23.1287574
            ],
            [
              72.5541184,
              23.1287876
            ],
            [
              72.5541169,
              23.1288068
            ],
            [
              72.5541126,
              23.1288272
            ],
            [
              72.5541063,
              23.1288454
            ],
            [
              72.5540794,
              23.1288969
            ],
            [
              72.554051,
              23.1289484
            ],
            [
              72.5539769,
              23.1289782
            ],
            [
              72.5537959,
              23.1290377
            ],
            [
              72.5536425,
              23.1290842
            ],
            [
              72.5535637,
              23.1291625
            ],
            [
              72.5535064,
              23.1292919
            ],
            [
              72.5535208,
              23.1294053
            ],
            [
              72.553538,
              23.1294957
            ],
            [
              72.5535465,
              23.129521
            ],
            [
              72.553538,
              23.1295499
            ],
            [
              72.5535216,
              23.12958
            ],
            [
              72.553501,
              23.129598
            ],
            [
              72.5534682,
              23.1296121
            ],
            [
              72.5534291,
              23.1296148
            ],
            [
              72.5533422,
              23.1296148
            ],
            [
              72.5532765,
              23.1295994
            ]
          ]
        ]
      },
      "id": "way/1368330303"
    },
    {
      "type": "Feature",
      "properties": {
        "@id": "way/1375690864",
        "natural": "water"
      },
      "geometry": {
        "type": "Polygon",
        "coordinates": [
          [
            [
              72.4948308,
              23.0364465
            ],
            [
              72.4948093,
              23.0363181
            ],
            [
              72.4950078,
              23.0362974
            ],
            [
              72.4950217,
              23.0364307
            ],
            [
              72.4948308,
              23.0364465
            ]
          ]
        ]
      },
      "id": "way/1375690864"
    },
    {
      "type": "Feature",
      "properties": {
        "@id": "way/1375690865",
        "natural": "water"
      },
      "geometry": {
        "type": "Polygon",
        "coordinates": [
          [
            [
              72.4939178,
              23.0369477
            ],
            [
              72.4938966,
              23.0367588
            ],
            [
              72.4943666,
              23.0367054
            ],
            [
              72.4943893,
              23.0368943
            ],
            [
              72.4939178,
              23.0369477
            ]
          ]
        ]
      },
      "id": "way/1375690865"
    },
    {
      "type": "Feature",
      "properties": {
        "@id": "way/1375690866",
        "natural": "water"
      },
      "geometry": {
        "type": "Polygon",
        "coordinates": [
          [
            [
              72.4937345,
              23.036729
            ],
            [
              72.4936943,
              23.0364933
            ],
            [
              72.494343,
              23.0363997
            ],
            [
              72.4944617,
              23.0366242
            ],
            [
              72.4937345,
              23.036729
            ]
          ]
        ]
      },
      "id": "way/1375690866"
    },
    {
      "type": "Feature",
      "properties": {
        "@id": "way/1378628240",
        "natural": "water",
        "water": "lake"
      },
      "geometry": {
        "type": "Polygon",
        "coordinates": [
          [
            [
              72.5644034,
              23.1622034
            ],
            [
              72.5641238,
              23.1620667
            ],
            [
              72.5633665,
              23.1611393
            ],
            [
              72.5627329,
              23.1594765
            ],
            [
              72.5623967,
              23.1585426
            ],
            [
              72.5624463,
              23.1580643
            ],
            [
              72.5625108,
              23.158049
            ],
            [
              72.562556,
              23.1580383
            ],
            [
              72.5626055,
              23.1581034
            ],
            [
              72.5626834,
              23.1585329
            ],
            [
              72.5627754,
              23.1585361
            ],
            [
              72.562871,
              23.1588257
            ],
            [
              72.5637133,
              23.1609799
            ],
            [
              72.5642052,
              23.1616307
            ],
            [
              72.5644565,
              23.1617934
            ],
            [
              72.5645627,
              23.1620309
            ],
            [
              72.5645556,
              23.162122
            ],
            [
              72.5644034,
              23.1622034
            ]
          ]
        ]
      },
      "id": "way/1378628240"
    },
    {
      "type": "Feature",
      "properties": {
        "@id": "way/1378628242",
        "natural": "water",
        "water": "pond"
      },
      "geometry": {
        "type": "Polygon",
        "coordinates": [
          [
            [
              72.513796,
              23.0810172
            ],
            [
              72.5135359,
              23.0809777
            ],
            [
              72.5131818,
              23.0804916
            ],
            [
              72.5130477,
              23.0796971
            ],
            [
              72.5130236,
              23.0793418
            ],
            [
              72.5130933,
              23.0792159
            ],
            [
              72.5133508,
              23.0792406
            ],
            [
              72.513839,
              23.0791419
            ],
            [
              72.5140723,
              23.0790999
            ],
            [
              72.514311,
              23.0791814
            ],
            [
              72.5144049,
              23.0795243
            ],
            [
              72.5144478,
              23.0798969
            ],
            [
              72.5142332,
              23.0799956
            ],
            [
              72.5140482,
              23.0799364
            ],
            [
              72.5138846,
              23.0799636
            ],
            [
              72.5137934,
              23.0801264
            ],
            [
              72.5138872,
              23.0806619
            ],
            [
              72.5139677,
              23.0808223
            ],
            [
              72.5139248,
              23.0809333
            ],
            [
              72.513796,
              23.0810172
            ]
          ]
        ]
      },
      "id": "way/1378628242"
    },
    {
      "type": "Feature",
      "properties": {
        "@id": "way/1378628243",
        "natural": "water",
        "water": "pond"
      },
      "geometry": {
        "type": "Polygon",
        "coordinates": [
          [
            [
              72.5160931,
              23.0797481
            ],
            [
              72.515971,
              23.0796704
            ],
            [
              72.5156505,
              23.0793977
            ],
            [
              72.5156626,
              23.0793126
            ],
            [
              72.5158369,
              23.0792324
            ],
            [
              72.5160757,
              23.0792435
            ],
            [
              72.5163036,
              23.0794718
            ],
            [
              72.5163144,
              23.0795668
            ],
            [
              72.5162151,
              23.0796531
            ],
            [
              72.5161762,
              23.0797173
            ],
            [
              72.5160931,
              23.0797481
            ]
          ]
        ]
      },
      "id": "way/1378628243"
    },
    {
      "type": "Feature",
      "properties": {
        "@id": "way/1378628244",
        "natural": "water",
        "water": "pond"
      },
      "geometry": {
        "type": "Polygon",
        "coordinates": [
          [
            [
              72.4850038,
              23.0809065
            ],
            [
              72.4848676,
              23.080798
            ],
            [
              72.4849245,
              23.0805381
            ],
            [
              72.4851136,
              23.0802594
            ],
            [
              72.4853372,
              23.0802445
            ],
            [
              72.4854225,
              23.0805605
            ],
            [
              72.4852721,
              23.0808055
            ],
            [
              72.4852762,
              23.0808672
            ],
            [
              72.4851562,
              23.080914
            ],
            [
              72.4850851,
              23.0809514
            ],
            [
              72.4850038,
              23.0809065
            ]
          ]
        ]
      },
      "id": "way/1378628244"
    },
    {
      "type": "Feature",
      "properties": {
        "@id": "way/1378628245",
        "natural": "water",
        "water": "pond"
      },
      "geometry": {
        "type": "Polygon",
        "coordinates": [
          [
            [
              72.4769646,
              23.0805128
            ],
            [
              72.4765499,
              23.0803688
            ],
            [
              72.4762206,
              23.0800771
            ],
            [
              72.4761942,
              23.0798882
            ],
            [
              72.4764849,
              23.0796564
            ],
            [
              72.476863,
              23.0795479
            ],
            [
              72.4770622,
              23.0797199
            ],
            [
              72.4771313,
              23.0801201
            ],
            [
              72.4770642,
              23.0803389
            ],
            [
              72.4769646,
              23.0805128
            ]
          ]
        ]
      },
      "id": "way/1378628245"
    },
    {
      "type": "Feature",
      "properties": {
        "@id": "way/1378628246",
        "natural": "water",
        "water": "pond"
      },
      "geometry": {
        "type": "Polygon",
        "coordinates": [
          [
            [
              72.4482785,
              23.0809849
            ],
            [
              72.4476531,
              23.0809962
            ],
            [
              72.4474559,
              23.0811493
            ],
            [
              72.4473727,
              23.0813505
            ],
            [
              72.4469598,
              23.0810898
            ],
            [
              72.4467811,
              23.0807865
            ],
            [
              72.4468643,
              23.0804832
            ],
            [
              72.447385,
              23.0803868
            ],
            [
              72.4479704,
              23.0806986
            ],
            [
              72.4482169,
              23.0806731
            ],
            [
              72.4483617,
              23.0807383
            ],
            [
              72.4483432,
              23.0809112
            ],
            [
              72.4482785,
              23.0809849
            ]
          ]
        ]
      },
      "id": "way/1378628246"
    },
    {
      "type": "Feature",
      "properties": {
        "@id": "way/1392507660",
        "natural": "water",
        "water": "pond"
      },
      "geometry": {
        "type": "Polygon",
        "coordinates": [
          [
            [
              72.4174126,
              23.0875712
            ],
            [
              72.4169133,
              23.0873125
            ],
            [
              72.4171946,
              23.0868531
            ],
            [
              72.4176939,
              23.0871118
            ],
            [
              72.4174126,
              23.0875712
            ]
          ]
        ]
      },
      "id": "way/1392507660"
    },
    {
      "type": "Feature",
      "properties": {
        "@id": "way/1392507661",
        "natural": "water",
        "water": "lake"
      },
      "geometry": {
        "type": "Polygon",
        "coordinates": [
          [
            [
              72.4199512,
              23.1103283
            ],
            [
              72.4197935,
              23.1100681
            ],
            [
              72.4198167,
              23.110002
            ],
            [
              72.4197517,
              23.109744
            ],
            [
              72.419608,
              23.1095478
            ],
            [
              72.4194689,
              23.1092193
            ],
            [
              72.4194596,
              23.1090679
            ],
            [
              72.4197262,
              23.108989
            ],
            [
              72.4199233,
              23.1089527
            ],
            [
              72.4204752,
              23.1089293
            ],
            [
              72.4207836,
              23.1088227
            ],
            [
              72.421412,
              23.1086968
            ],
            [
              72.4219661,
              23.1085411
            ],
            [
              72.4221911,
              23.1084558
            ],
            [
              72.4225134,
              23.1084302
            ],
            [
              72.4224879,
              23.108603
            ],
            [
              72.422314,
              23.1086904
            ],
            [
              72.4221795,
              23.1086755
            ],
            [
              72.4221424,
              23.1087395
            ],
            [
              72.4219105,
              23.1088909
            ],
            [
              72.4215882,
              23.1089527
            ],
            [
              72.4214212,
              23.1090956
            ],
            [
              72.4213517,
              23.1093644
            ],
            [
              72.4214839,
              23.1095798
            ],
            [
              72.4213494,
              23.1097461
            ],
            [
              72.4210224,
              23.1098442
            ],
            [
              72.4207697,
              23.1100596
            ],
            [
              72.420612,
              23.1103624
            ],
            [
              72.4200625,
              23.1104264
            ],
            [
              72.4199512,
              23.1103283
            ]
          ]
        ]
      },
      "id": "way/1392507661"
    },
    {
      "type": "Feature",
      "properties": {
        "@id": "way/1392507662",
        "natural": "water",
        "water": "pond"
      },
      "geometry": {
        "type": "Polygon",
        "coordinates": [
          [
            [
              72.4197208,
              23.1216908
            ],
            [
              72.4200972,
              23.1216968
            ],
            [
              72.4200909,
              23.1220344
            ],
            [
              72.4197144,
              23.1220284
            ],
            [
              72.4197208,
              23.1216908
            ]
          ]
        ]
      },
      "id": "way/1392507662"
    },
    {
      "type": "Feature",
      "properties": {
        "@id": "way/1392507663",
        "natural": "water",
        "water": "lake"
      },
      "geometry": {
        "type": "Polygon",
        "coordinates": [
          [
            [
              72.4192851,
              23.1752681
            ],
            [
              72.4174366,
              23.1758222
            ],
            [
              72.4172039,
              23.1758655
            ],
            [
              72.4171609,
              23.1758735
            ],
            [
              72.4171172,
              23.1758817
            ],
            [
              72.4164441,
              23.1760069
            ],
            [
              72.4160302,
              23.1759626
            ],
            [
              72.4161346,
              23.1756301
            ],
            [
              72.4161547,
              23.1753826
            ],
            [
              72.4158373,
              23.1748359
            ],
            [
              72.4158373,
              23.1744147
            ],
            [
              72.4155721,
              23.1741783
            ],
            [
              72.4147684,
              23.1738939
            ],
            [
              72.4148126,
              23.1735429
            ],
            [
              72.4150336,
              23.1732991
            ],
            [
              72.4154435,
              23.1733988
            ],
            [
              72.416207,
              23.1730664
            ],
            [
              72.4171473,
              23.1729075
            ],
            [
              72.4176737,
              23.1729629
            ],
            [
              72.4191525,
              23.1737609
            ],
            [
              72.4194338,
              23.1749541
            ],
            [
              72.4192851,
              23.1752681
            ]
          ]
        ]
      },
      "id": "way/1392507663"
    },
    {
      "type": "Feature",
      "properties": {
        "@id": "way/1392507664",
        "natural": "water",
        "water": "river"
      },
      "geometry": {
        "type": "Polygon",
        "coordinates": [
          [
            [
              72.4172039,
              23.1758655
            ],
            [
              72.4173941,
              23.1760227
            ],
            [
              72.417515,
              23.1763059
            ],
            [
              72.4177646,
              23.176392
            ],
            [
              72.4178855,
              23.1767684
            ],
            [
              72.4180338,
              23.1772238
            ],
            [
              72.4178855,
              23.1775142
            ],
            [
              72.4178153,
              23.1776218
            ],
            [
              72.4180455,
              23.1785791
            ],
            [
              72.4180494,
              23.1789089
            ],
            [
              72.4182678,
              23.1793499
            ],
            [
              72.4186344,
              23.1797013
            ],
            [
              72.4192194,
              23.1802857
            ],
            [
              72.4196328,
              23.1803144
            ],
            [
              72.4200073,
              23.1804865
            ],
            [
              72.4202998,
              23.1808701
            ],
            [
              72.4205518,
              23.1814349
            ],
            [
              72.4207124,
              23.1817888
            ],
            [
              72.4209148,
              23.1820941
            ],
            [
              72.4210248,
              23.1821568
            ],
            [
              72.4210072,
              23.1822518
            ],
            [
              72.4209192,
              23.1822458
            ],
            [
              72.4207674,
              23.1820294
            ],
            [
              72.4205694,
              23.1817099
            ],
            [
              72.4204528,
              23.181441
            ],
            [
              72.4201809,
              23.180909
            ],
            [
              72.4199379,
              23.1805995
            ],
            [
              72.4197768,
              23.1804631
            ],
            [
              72.4196375,
              23.1804181
            ],
            [
              72.4192121,
              23.1804042
            ],
            [
              72.4190954,
              23.1803298
            ],
            [
              72.4181599,
              23.1793695
            ],
            [
              72.4179491,
              23.1789144
            ],
            [
              72.4179095,
              23.1786202
            ],
            [
              72.4176855,
              23.1776962
            ],
            [
              72.4178719,
              23.1771996
            ],
            [
              72.4175933,
              23.1765161
            ],
            [
              72.4174126,
              23.1764607
            ],
            [
              72.4171547,
              23.1763794
            ],
            [
              72.4169684,
              23.1761095
            ],
            [
              72.4169326,
              23.1759641
            ],
            [
              72.4170983,
              23.1759174
            ],
            [
              72.4171172,
              23.1758817
            ],
            [
              72.4171609,
              23.1758735
            ],
            [
              72.4172039,
              23.1758655
            ]
          ]
        ]
      },
      "id": "way/1392507664"
    },
    {
      "type": "Feature",
      "properties": {
        "@id": "way/1392931401",
        "natural": "water"
      },
      "geometry": {
        "type": "Polygon",
        "coordinates": [
          [
            [
              72.42803,
              23.1339399
            ],
            [
              72.4278677,
              23.1337396
            ],
            [
              72.4277773,
              23.1335545
            ],
            [
              72.4277876,
              23.1334242
            ],
            [
              72.42788,
              23.1332939
            ],
            [
              72.4280218,
              23.133224
            ],
            [
              72.4282888,
              23.1332466
            ],
            [
              72.428599,
              23.1332542
            ],
            [
              72.428868,
              23.1331862
            ],
            [
              72.4291659,
              23.1329369
            ],
            [
              72.4293939,
              23.1326894
            ],
            [
              72.4294678,
              23.1324288
            ],
            [
              72.4294801,
              23.132221
            ],
            [
              72.4295808,
              23.1320453
            ],
            [
              72.429704,
              23.1319055
            ],
            [
              72.4298314,
              23.131847
            ],
            [
              72.4300491,
              23.1318602
            ],
            [
              72.4303284,
              23.1319452
            ],
            [
              72.4307619,
              23.1321908
            ],
            [
              72.4311727,
              23.1324495
            ],
            [
              72.4311911,
              23.1326365
            ],
            [
              72.431146,
              23.1329161
            ],
            [
              72.4311172,
              23.1332278
            ],
            [
              72.4310556,
              23.1333978
            ],
            [
              72.4310166,
              23.1334752
            ],
            [
              72.4308974,
              23.1335243
            ],
            [
              72.4305133,
              23.1336263
            ],
            [
              72.4302134,
              23.1336792
            ],
            [
              72.4298458,
              23.1336546
            ],
            [
              72.4295397,
              23.1337189
            ],
            [
              72.4293076,
              23.1337906
            ],
            [
              72.4291022,
              23.133921
            ],
            [
              72.4289872,
              23.1340948
            ],
            [
              72.4289071,
              23.1341873
            ],
            [
              72.4288393,
              23.1342307
            ],
            [
              72.4286565,
              23.1342345
            ],
            [
              72.4284963,
              23.1341967
            ],
            [
              72.4282231,
              23.1341136
            ],
            [
              72.42803,
              23.1339399
            ]
          ]
        ]
      },
      "id": "way/1392931401"
    },
    {
      "type": "Feature",
      "properties": {
        "@id": "way/1395103922",
        "natural": "water",
        "water": "wastewater"
      },
      "geometry": {
        "type": "Polygon",
        "coordinates": [
          [
            [
              72.6449431,
              23.0930292
            ],
            [
              72.6455366,
              23.0924931
            ],
            [
              72.6461034,
              23.0930295
            ],
            [
              72.6455176,
              23.0935685
            ],
            [
              72.6449431,
              23.0930292
            ]
          ]
        ]
      },
      "id": "way/1395103922"
    },
    {
      "type": "Feature",
      "properties": {
        "@id": "way/1395103925",
        "natural": "water",
        "water": "wastewater"
      },
      "geometry": {
        "type": "Polygon",
        "coordinates": [
          [
            [
              72.6448013,
              23.0927459
            ],
            [
              72.6449942,
              23.0925743
            ],
            [
              72.6450983,
              23.0926733
            ],
            [
              72.6449055,
              23.092845
            ],
            [
              72.6448013,
              23.0927459
            ]
          ]
        ]
      },
      "id": "way/1395103925"
    },
    {
      "type": "Feature",
      "properties": {
        "@id": "way/1416039829",
        "natural": "water",
        "water": "pond"
      },
      "geometry": {
        "type": "Polygon",
        "coordinates": [
          [
            [
              72.6283025,
              23.1899084
            ],
            [
              72.6283025,
              23.189861
            ],
            [
              72.6283675,
              23.189861
            ],
            [
              72.6283675,
              23.1899084
            ],
            [
              72.6283025,
              23.1899084
            ]
          ]
        ]
      },
      "id": "way/1416039829"
    },
    {
      "type": "Feature",
      "properties": {
        "@id": "way/1457782747",
        "natural": "water",
        "water": "lake"
      },
      "geometry": {
        "type": "Polygon",
        "coordinates": [
          [
            [
              72.4832225,
              23.1023965
            ],
            [
              72.4836409,
              23.1023127
            ],
            [
              72.4841881,
              23.102441
            ],
            [
              72.4843222,
              23.1027123
            ],
            [
              72.4843705,
              23.1030577
            ],
            [
              72.4846548,
              23.1032255
            ],
            [
              72.4848479,
              23.1033192
            ],
            [
              72.484805,
              23.1037041
            ],
            [
              72.4846548,
              23.1038324
            ],
            [
              72.4843329,
              23.1037979
            ],
            [
              72.4841559,
              23.1040051
            ],
            [
              72.4838877,
              23.1040446
            ],
            [
              72.4833351,
              23.1039508
            ],
            [
              72.4828523,
              23.1036104
            ],
            [
              72.4827826,
              23.103265
            ],
            [
              72.4828631,
              23.1028308
            ],
            [
              72.4831098,
              23.1025594
            ],
            [
              72.4832225,
              23.1023965
            ]
          ]
        ]
      },
      "id": "way/1457782747"
    },
    {
      "type": "Feature",
      "properties": {
        "@id": "way/1457782748",
        "name": "ખાત્રજ તળાવ",
        "name:en": "Khatraj Lake",
        "natural": "water",
        "water": "lake"
      },
      "geometry": {
        "type": "Polygon",
        "coordinates": [
          [
            [
              72.4447972,
              23.1378788
            ],
            [
              72.4452639,
              23.1378146
            ],
            [
              72.445972,
              23.1377653
            ],
            [
              72.4463153,
              23.1379232
            ],
            [
              72.446664,
              23.138229
            ],
            [
              72.446605,
              23.1385299
            ],
            [
              72.4463689,
              23.13889
            ],
            [
              72.4461061,
              23.1389985
            ],
            [
              72.4457413,
              23.1389097
            ],
            [
              72.4454784,
              23.1390479
            ],
            [
              72.4444699,
              23.1395411
            ],
            [
              72.444132,
              23.1396201
            ],
            [
              72.4440461,
              23.1395559
            ],
            [
              72.4440622,
              23.1393734
            ],
            [
              72.4441481,
              23.1386236
            ],
            [
              72.4443197,
              23.1385842
            ],
            [
              72.4444163,
              23.1385447
            ],
            [
              72.4445718,
              23.1383326
            ],
            [
              72.4447972,
              23.1378788
            ]
          ]
        ]
      },
      "id": "way/1457782748"
    },
    {
      "type": "Feature",
      "properties": {
        "@id": "way/1457782757",
        "natural": "water"
      },
      "geometry": {
        "type": "Polygon",
        "coordinates": [
          [
            [
              72.4150836,
              23.0941216
            ],
            [
              72.4149764,
              23.0940279
            ],
            [
              72.415427,
              23.0938798
            ],
            [
              72.415722,
              23.0938107
            ],
            [
              72.4157917,
              23.0939538
            ],
            [
              72.4155182,
              23.0942894
            ],
            [
              72.4154109,
              23.0944522
            ],
            [
              72.4153089,
              23.0945312
            ],
            [
              72.4151534,
              23.0944868
            ],
            [
              72.4149924,
              23.0943387
            ],
            [
              72.414912,
              23.0945065
            ],
            [
              72.4147189,
              23.0946003
            ],
            [
              72.4146062,
              23.0944769
            ],
            [
              72.4146116,
              23.0943289
            ],
            [
              72.4146599,
              23.0942006
            ],
            [
              72.4150836,
              23.0941216
            ]
          ]
        ]
      },
      "id": "way/1457782757"
    },
    {
      "type": "Feature",
      "properties": {
        "@id": "way/1457782758",
        "natural": "water"
      },
      "geometry": {
        "type": "Polygon",
        "coordinates": [
          [
            [
              72.4134743,
              23.0945558
            ],
            [
              72.4143863,
              23.0942203
            ],
            [
              72.4145204,
              23.0942598
            ],
            [
              72.4144238,
              23.094842
            ],
            [
              72.4136245,
              23.0949358
            ],
            [
              72.4136031,
              23.0947483
            ],
            [
              72.413469,
              23.0947384
            ],
            [
              72.4133831,
              23.0946693
            ],
            [
              72.4134743,
              23.0945558
            ]
          ]
        ]
      },
      "id": "way/1457782758"
    },
    {
      "type": "Feature",
      "properties": {
        "@id": "way/1457782759",
        "natural": "water"
      },
      "geometry": {
        "type": "Polygon",
        "coordinates": [
          [
            [
              72.4151051,
              23.0960609
            ],
            [
              72.416119,
              23.0961299
            ],
            [
              72.4164087,
              23.0961744
            ],
            [
              72.4166232,
              23.0962385
            ],
            [
              72.4166461,
              23.0963719
            ],
            [
              72.4166592,
              23.0965064
            ],
            [
              72.4166623,
              23.0966414
            ],
            [
              72.4166554,
              23.0967764
            ],
            [
              72.4166426,
              23.0968853
            ],
            [
              72.4166232,
              23.0969935
            ],
            [
              72.4165714,
              23.0970214
            ],
            [
              72.4165158,
              23.0970425
            ],
            [
              72.4164576,
              23.0970563
            ],
            [
              72.4163979,
              23.0970626
            ],
            [
              72.4163333,
              23.0970607
            ],
            [
              72.4162697,
              23.09705
            ],
            [
              72.4162085,
              23.0970308
            ],
            [
              72.4161512,
              23.0970033
            ],
            [
              72.4161037,
              23.0969716
            ],
            [
              72.4160523,
              23.0969456
            ],
            [
              72.4159978,
              23.0969255
            ],
            [
              72.4159411,
              23.0969118
            ],
            [
              72.4158829,
              23.0969046
            ],
            [
              72.4158265,
              23.096904
            ],
            [
              72.4157703,
              23.0969096
            ],
            [
              72.4157057,
              23.0969439
            ],
            [
              72.4156379,
              23.0969726
            ],
            [
              72.4155676,
              23.0969955
            ],
            [
              72.4154953,
              23.0970124
            ],
            [
              72.4154216,
              23.0970231
            ],
            [
              72.4153482,
              23.0970275
            ],
            [
              72.4152747,
              23.0970259
            ],
            [
              72.4152017,
              23.0970181
            ],
            [
              72.4151111,
              23.0969817
            ],
            [
              72.415025,
              23.0969372
            ],
            [
              72.4149442,
              23.0968849
            ],
            [
              72.4148758,
              23.096831
            ],
            [
              72.414813,
              23.0967717
            ],
            [
              72.4147564,
              23.0967073
            ],
            [
              72.4147249,
              23.0966526
            ],
            [
              72.4147025,
              23.0965942
            ],
            [
              72.4146895,
              23.0965335
            ],
            [
              72.4146863,
              23.0964716
            ],
            [
              72.4146929,
              23.09641
            ],
            [
              72.4147093,
              23.09635
            ],
            [
              72.414735,
              23.0962928
            ],
            [
              72.4147691,
              23.09624
            ],
            [
              72.4148112,
              23.0961924
            ],
            [
              72.4148604,
              23.0961508
            ],
            [
              72.4149156,
              23.0961162
            ],
            [
              72.4149756,
              23.0960894
            ],
            [
              72.4150392,
              23.0960708
            ],
            [
              72.4151051,
              23.0960609
            ]
          ]
        ]
      },
      "id": "way/1457782759"
    },
    {
      "type": "Feature",
      "properties": {
        "@id": "way/1482917213",
        "natural": "water",
        "water": "river"
      },
      "geometry": {
        "type": "Polygon",
        "coordinates": [
          [
            [
              72.6015341,
              23.0826049
            ],
            [
              72.6015056,
              23.0828518
            ],
            [
              72.6014866,
              23.0830995
            ],
            [
              72.6014826,
              23.0832055
            ],
            [
              72.6014772,
              23.0833477
            ],
            [
              72.6014775,
              23.083596
            ],
            [
              72.6014873,
              23.0838441
            ],
            [
              72.6015067,
              23.0840918
            ],
            [
              72.6015357,
              23.0843386
            ],
            [
              72.6015742,
              23.0845844
            ],
            [
              72.6016222,
              23.0848288
            ],
            [
              72.6016796,
              23.0850714
            ],
            [
              72.601746,
              23.085311
            ],
            [
              72.6018217,
              23.0855484
            ],
            [
              72.6019064,
              23.0857831
            ],
            [
              72.6020001,
              23.0860149
            ],
            [
              72.6021027,
              23.0862435
            ],
            [
              72.6022141,
              23.0864687
            ],
            [
              72.602334,
              23.08669
            ],
            [
              72.6024508,
              23.0868961
            ],
            [
              72.6025755,
              23.0870984
            ],
            [
              72.6027078,
              23.0872964
            ],
            [
              72.6028476,
              23.0874901
            ],
            [
              72.6029948,
              23.087679
            ],
            [
              72.6031491,
              23.0878632
            ],
            [
              72.6033103,
              23.0880421
            ],
            [
              72.603465,
              23.0882025
            ],
            [
              72.6036253,
              23.0883581
            ],
            [
              72.603791,
              23.0885089
            ],
            [
              72.603962,
              23.0886546
            ],
            [
              72.604138,
              23.0887952
            ],
            [
              72.6043188,
              23.0889304
            ],
            [
              72.6045369,
              23.0890851
            ],
            [
              72.6047612,
              23.0892322
            ],
            [
              72.6049913,
              23.0893714
            ],
            [
              72.605227,
              23.0895025
            ],
            [
              72.6054678,
              23.0896253
            ],
            [
              72.6057136,
              23.0897397
            ],
            [
              72.6059587,
              23.0898433
            ],
            [
              72.6062077,
              23.0899386
            ],
            [
              72.6064605,
              23.0900253
            ],
            [
              72.6067165,
              23.0901034
            ],
            [
              72.6069755,
              23.0901727
            ],
            [
              72.6072371,
              23.0902332
            ],
            [
              72.6076458,
              23.0903074
            ],
            [
              72.6080564,
              23.0903722
            ],
            [
              72.6084687,
              23.0904275
            ],
            [
              72.6088823,
              23.0904733
            ],
            [
              72.609297,
              23.0905095
            ],
            [
              72.6097005,
              23.0905354
            ],
            [
              72.6101046,
              23.0905523
            ],
            [
              72.610509,
              23.0905602
            ],
            [
              72.6109135,
              23.0905589
            ],
            [
              72.6113178,
              23.0905486
            ],
            [
              72.6117217,
              23.0905292
            ],
            [
              72.6152086,
              23.0902726
            ],
            [
              72.6229763,
              23.0897002
            ],
            [
              72.625637,
              23.0895127
            ],
            [
              72.6271176,
              23.089414
            ],
            [
              72.6270747,
              23.0917826
            ],
            [
              72.6130628,
              23.0927893
            ],
            [
              72.6126575,
              23.0928372
            ],
            [
              72.6122511,
              23.0928765
            ],
            [
              72.6118437,
              23.0929071
            ],
            [
              72.6114358,
              23.092929
            ],
            [
              72.6110273,
              23.0929422
            ],
            [
              72.6106187,
              23.0929467
            ],
            [
              72.61021,
              23.0929424
            ],
            [
              72.6098016,
              23.0929294
            ],
            [
              72.6093936,
              23.0929077
            ],
            [
              72.6090142,
              23.0928797
            ],
            [
              72.6086356,
              23.0928441
            ],
            [
              72.6082579,
              23.092801
            ],
            [
              72.6078813,
              23.0927504
            ],
            [
              72.607506,
              23.0926923
            ],
            [
              72.6071322,
              23.0926268
            ],
            [
              72.6067599,
              23.0925538
            ],
            [
              72.6063895,
              23.0924735
            ],
            [
              72.6060645,
              23.0923731
            ],
            [
              72.6057428,
              23.0922641
            ],
            [
              72.6054247,
              23.0921465
            ],
            [
              72.6051105,
              23.0920204
            ],
            [
              72.6048004,
              23.0918859
            ],
            [
              72.6044947,
              23.0917431
            ],
            [
              72.6041936,
              23.0915921
            ],
            [
              72.6038975,
              23.0914332
            ],
            [
              72.6036066,
              23.0912664
            ],
            [
              72.6033211,
              23.0910918
            ],
            [
              72.6030489,
              23.0909147
            ],
            [
              72.6027822,
              23.0907307
            ],
            [
              72.6025214,
              23.0905397
            ],
            [
              72.6022666,
              23.090342
            ],
            [
              72.6020179,
              23.0901377
            ],
            [
              72.6017757,
              23.089927
            ],
            [
              72.6015401,
              23.0897101
            ],
            [
              72.6013336,
              23.0894942
            ],
            [
              72.6011344,
              23.0892726
            ],
            [
              72.6009427,
              23.0890455
            ],
            [
              72.6007587,
              23.0888131
            ],
            [
              72.6005824,
              23.0885756
            ],
            [
              72.6004142,
              23.0883332
            ],
            [
              72.6002542,
              23.0880863
            ],
            [
              72.6001024,
              23.0878349
            ],
            [
              72.5999696,
              23.0875987
            ],
            [
              72.5998441,
              23.0873591
            ],
            [
              72.599726,
              23.0871164
            ],
            [
              72.5996155,
              23.0868707
            ],
            [
              72.5995126,
              23.0866221
            ],
            [
              72.5994174,
              23.0863711
            ],
            [
              72.5993299,
              23.0861176
            ],
            [
              72.5992562,
              23.0858598
            ],
            [
              72.5991892,
              23.0856006
            ],
            [
              72.5991291,
              23.0853398
            ],
            [
              72.5990759,
              23.0850779
            ],
            [
              72.5990295,
              23.0848148
            ],
            [
              72.5989887,
              23.0845398
            ],
            [
              72.5989553,
              23.084264
            ],
            [
              72.5989296,
              23.0839874
            ],
            [
              72.5989114,
              23.0837104
            ],
            [
              72.5989008,
              23.083433
            ],
            [
              72.5989759,
              23.0822486
            ],
            [
              72.6015341,
              23.0826049
            ]
          ]
        ]
      },
      "id": "way/1482917213"
    },
    {
      "type": "Feature",
      "properties": {
        "@id": "way/1482917214",
        "natural": "water",
        "water": "river"
      },
      "geometry": {
        "type": "Polygon",
        "coordinates": [
          [
            [
              72.6271176,
              23.089414
            ],
            [
              72.6292441,
              23.0895131
            ],
            [
              72.6297979,
              23.0895757
            ],
            [
              72.6309103,
              23.0897016
            ],
            [
              72.6326859,
              23.0895545
            ],
            [
              72.6340163,
              23.0898624
            ],
            [
              72.6354067,
              23.0901072
            ],
            [
              72.6370289,
              23.090273
            ],
            [
              72.6378241,
              23.0903765
            ],
            [
              72.6387884,
              23.090502
            ],
            [
              72.640136,
              23.0909441
            ],
            [
              72.6406252,
              23.0912317
            ],
            [
              72.6414921,
              23.0917415
            ],
            [
              72.6423247,
              23.0926969
            ],
            [
              72.6445391,
              23.0952707
            ],
            [
              72.6457751,
              23.0968734
            ],
            [
              72.6472685,
              23.098863
            ],
            [
              72.6480582,
              23.1003078
            ],
            [
              72.648762,
              23.1018472
            ],
            [
              72.6493071,
              23.1033049
            ],
            [
              72.6495001,
              23.1038209
            ],
            [
              72.6501009,
              23.105763
            ],
            [
              72.6510978,
              23.1100889
            ],
            [
              72.6471781,
              23.1100727
            ],
            [
              72.6466763,
              23.1064419
            ],
            [
              72.6465218,
              23.104413
            ],
            [
              72.6453974,
              23.1009788
            ],
            [
              72.6441958,
              23.099084
            ],
            [
              72.6423762,
              23.0967234
            ],
            [
              72.6405394,
              23.0948207
            ],
            [
              72.6385653,
              23.093589
            ],
            [
              72.6362049,
              23.0927758
            ],
            [
              72.6339133,
              23.0921363
            ],
            [
              72.6316817,
              23.0919863
            ],
            [
              72.6296499,
              23.0918965
            ],
            [
              72.6270747,
              23.0917826
            ],
            [
              72.6271176,
              23.089414
            ]
          ]
        ]
      },
      "id": "way/1482917214"
    },
    {
      "type": "Feature",
      "properties": {
        "@id": "way/1482917215",
        "natural": "water"
      },
      "geometry": {
        "type": "Polygon",
        "coordinates": [
          [
            [
              72.6077843,
              23.0999047
            ],
            [
              72.6075804,
              23.0995988
            ],
            [
              72.6076126,
              23.0992633
            ],
            [
              72.6084387,
              23.0968849
            ],
            [
              72.6089859,
              23.0967467
            ],
            [
              72.6092434,
              23.0968356
            ],
            [
              72.6095653,
              23.0971908
            ],
            [
              72.6096511,
              23.0980001
            ],
            [
              72.6094472,
              23.0994212
            ],
            [
              72.6092219,
              23.0995593
            ],
            [
              72.6077843,
              23.0999047
            ]
          ]
        ]
      },
      "id": "way/1482917215"
    },
    {
      "type": "Feature",
      "properties": {
        "@id": "way/1509301524",
        "natural": "water",
        "water": "canal"
      },
      "geometry": {
        "type": "Polygon",
        "coordinates": [
          [
            [
              72.4678428,
              23.045765
            ],
            [
              72.4678579,
              23.0456205
            ],
            [
              72.4691072,
              23.0457023
            ],
            [
              72.4690679,
              23.0458515
            ],
            [
              72.4678428,
              23.045765
            ]
          ]
        ]
      },
      "id": "way/1509301524"
    },
    {
      "type": "Feature",
      "properties": {
        "@id": "way/1509301622",
        "natural": "water",
        "water": "canal"
      },
      "geometry": {
        "type": "Polygon",
        "coordinates": [
          [
            [
              72.4691519,
              23.0458169
            ],
            [
              72.4690679,
              23.0458515
            ],
            [
              72.4691072,
              23.0457023
            ],
            [
              72.471686,
              23.0462908
            ],
            [
              72.4716418,
              23.0464192
            ],
            [
              72.4691519,
              23.0458169
            ]
          ]
        ]
      },
      "id": "way/1509301622"
    },
    {
      "type": "Feature",
      "properties": {
        "@id": "way/1534876798",
        "natural": "water",
        "water": "pond"
      },
      "geometry": {
        "type": "Polygon",
        "coordinates": [
          [
            [
              72.5247686,
              22.8110641
            ],
            [
              72.5246651,
              22.8108959
            ],
            [
              72.5246577,
              22.8108323
            ],
            [
              72.5246577,
              22.8107937
            ],
            [
              72.5247489,
              22.8107687
            ],
            [
              72.5248302,
              22.8107437
            ],
            [
              72.5248721,
              22.8106869
            ],
            [
              72.5248524,
              22.8106097
            ],
            [
              72.5247883,
              22.8105597
            ],
            [
              72.5248228,
              22.8104847
            ],
            [
              72.5248697,
              22.8105256
            ],
            [
              72.5249781,
              22.8104801
            ],
            [
              72.5250373,
              22.8104324
            ],
            [
              72.5250595,
              22.8103847
            ],
            [
              72.5250669,
              22.8103529
            ],
            [
              72.5250496,
              22.8103097
            ],
            [
              72.5250102,
              22.8102552
            ],
            [
              72.5250521,
              22.8102257
            ],
            [
              72.525094,
              22.8102211
            ],
            [
              72.5251753,
              22.8102257
            ],
            [
              72.5252936,
              22.8101893
            ],
            [
              72.5253873,
              22.8101689
            ],
            [
              72.5254267,
              22.810212
            ],
            [
              72.525513,
              22.8102211
            ],
            [
              72.525545,
              22.810212
            ],
            [
              72.525619,
              22.8101961
            ],
            [
              72.5256831,
              22.8102711
            ],
            [
              72.5257151,
              22.8103461
            ],
            [
              72.5257447,
              22.810387
            ],
            [
              72.5257545,
              22.8104711
            ],
            [
              72.5258137,
              22.8105074
            ],
            [
              72.5258038,
              22.8106278
            ],
            [
              72.5257595,
              22.8107732
            ],
            [
              72.5257743,
              22.8109391
            ],
            [
              72.5257545,
              22.8110164
            ],
            [
              72.5257373,
              22.8110641
            ],
            [
              72.5257262,
              22.8111686
            ],
            [
              72.5255826,
              22.8111731
            ],
            [
              72.5253629,
              22.8111731
            ],
            [
              72.5253394,
              22.8111072
            ],
            [
              72.5253128,
              22.8110857
            ],
            [
              72.525233,
              22.8111294
            ],
            [
              72.525198,
              22.8111558
            ],
            [
              72.5250104,
              22.8111168
            ],
            [
              72.5249832,
              22.8110018
            ],
            [
              72.5248833,
              22.8109716
            ],
            [
              72.5247686,
              22.8110641
            ]
          ]
        ]
      },
      "id": "way/1534876798"
    },
    {
      "type": "Feature",
      "properties": {
        "@id": "way/1534876799",
        "natural": "water",
        "water": "pond"
      },
      "geometry": {
        "type": "Polygon",
        "coordinates": [
          [
            [
              72.5234381,
              22.809527
            ],
            [
              72.5234726,
              22.8093702
            ],
            [
              72.5234159,
              22.8093543
            ],
            [
              72.5234381,
              22.8092453
            ],
            [
              72.5233198,
              22.8092271
            ],
            [
              72.5233592,
              22.8091317
            ],
            [
              72.5234135,
              22.8090112
            ],
            [
              72.5234677,
              22.8088976
            ],
            [
              72.5234997,
              22.8087568
            ],
            [
              72.5235663,
              22.8086795
            ],
            [
              72.5235663,
              22.8085523
            ],
            [
              72.5236008,
              22.8084568
            ],
            [
              72.5237018,
              22.8084977
            ],
            [
              72.5237807,
              22.8084659
            ],
            [
              72.5238399,
              22.8084773
            ],
            [
              72.5239286,
              22.8084864
            ],
            [
              72.524005,
              22.8085409
            ],
            [
              72.5240543,
              22.8086204
            ],
            [
              72.5240198,
              22.8088704
            ],
            [
              72.524005,
              22.8091521
            ],
            [
              72.5239927,
              22.8093361
            ],
            [
              72.5239631,
              22.8094338
            ],
            [
              72.5238793,
              22.8094566
            ],
            [
              72.5237906,
              22.8094793
            ],
            [
              72.5237265,
              22.809527
            ],
            [
              72.5237018,
              22.8095634
            ],
            [
              72.523692,
              22.8095883
            ],
            [
              72.5235503,
              22.8095918
            ],
            [
              72.5234381,
              22.809527
            ]
          ]
        ]
      },
      "id": "way/1534876799"
    },
    {
      "type": "Feature",
      "properties": {
        "@id": "way/1534876800",
        "natural": "water",
        "water": "lake"
      },
      "geometry": {
        "type": "Polygon",
        "coordinates": [
          [
            [
              72.5175408,
              22.8162373
            ],
            [
              72.5174767,
              22.8159602
            ],
            [
              72.5174939,
              22.8159238
            ],
            [
              72.5174619,
              22.8158488
            ],
            [
              72.517452,
              22.8157489
            ],
            [
              72.5174668,
              22.8156693
            ],
            [
              72.5174471,
              22.8155898
            ],
            [
              72.5174397,
              22.8155148
            ],
            [
              72.5174397,
              22.8154535
            ],
            [
              72.5174027,
              22.815399
            ],
            [
              72.5174052,
              22.8153285
            ],
            [
              72.5173805,
              22.8152604
            ],
            [
              72.5173781,
              22.8152104
            ],
            [
              72.5173263,
              22.8151218
            ],
            [
              72.5173879,
              22.815065
            ],
            [
              72.5174816,
              22.8150514
            ],
            [
              72.5176295,
              22.8150264
            ],
            [
              72.5176591,
              22.8150264
            ],
            [
              72.5178267,
              22.8150264
            ],
            [
              72.5178908,
              22.8150741
            ],
            [
              72.5179647,
              22.8150514
            ],
            [
              72.5180436,
              22.8150809
            ],
            [
              72.5181225,
              22.8150604
            ],
            [
              72.5182087,
              22.8150627
            ],
            [
              72.5182999,
              22.8150377
            ],
            [
              72.5183985,
              22.8150218
            ],
            [
              72.5184404,
              22.8150264
            ],
            [
              72.5184651,
              22.8150468
            ],
            [
              72.5184848,
              22.8150832
            ],
            [
              72.5184601,
              22.8151104
            ],
            [
              72.5184207,
              22.8151286
            ],
            [
              72.5183862,
              22.8151604
            ],
            [
              72.5183517,
              22.8151809
            ],
            [
              72.5182383,
              22.815199
            ],
            [
              72.5181915,
              22.8152445
            ],
            [
              72.5181249,
              22.8152218
            ],
            [
              72.5181101,
              22.8152717
            ],
            [
              72.5181175,
              22.8153149
            ],
            [
              72.5181151,
              22.815349
            ],
            [
              72.5180608,
              22.815349
            ],
            [
              72.5180214,
              22.8153558
            ],
            [
              72.5180485,
              22.8153922
            ],
            [
              72.5180115,
              22.8154399
            ],
            [
              72.5180534,
              22.8154899
            ],
            [
              72.518083,
              22.8155103
            ],
            [
              72.5181274,
              22.8154876
            ],
            [
              72.5181816,
              22.8154649
            ],
            [
              72.5182309,
              22.8154921
            ],
            [
              72.5182309,
              22.8155285
            ],
            [
              72.5181915,
              22.8155557
            ],
            [
              72.5181767,
              22.815608
            ],
            [
              72.518189,
              22.8156375
            ],
            [
              72.5182235,
              22.8156375
            ],
            [
              72.5182556,
              22.8155875
            ],
            [
              72.5182703,
              22.8155353
            ],
            [
              72.5183123,
              22.815483
            ],
            [
              72.518327,
              22.8154353
            ],
            [
              72.5183763,
              22.8153763
            ],
            [
              72.5184158,
              22.8153285
            ],
            [
              72.5184725,
              22.8152922
            ],
            [
              72.5185366,
              22.8152695
            ],
            [
              72.5185464,
              22.8151968
            ],
            [
              72.5185711,
              22.8151445
            ],
            [
              72.518608,
              22.8151172
            ],
            [
              72.5187042,
              22.8151309
            ],
            [
              72.5187387,
              22.8151195
            ],
            [
              72.5187756,
              22.8151354
            ],
            [
              72.5188619,
              22.8151445
            ],
            [
              72.5189531,
              22.8151809
            ],
            [
              72.5190024,
              22.8151059
            ],
            [
              72.5190936,
              22.8151241
            ],
            [
              72.5190714,
              22.8150332
            ],
            [
              72.5191577,
              22.8150809
            ],
            [
              72.51917,
              22.8151559
            ],
            [
              72.5191429,
              22.8151922
            ],
            [
              72.5191429,
              22.8152445
            ],
            [
              72.5191035,
              22.8153422
            ],
            [
              72.519064,
              22.8154262
            ],
            [
              72.5190344,
              22.8154671
            ],
            [
              72.5190049,
              22.8155103
            ],
            [
              72.5189852,
              22.8155648
            ],
            [
              72.5189161,
              22.8156216
            ],
            [
              72.5188126,
              22.8157057
            ],
            [
              72.518719,
              22.8157534
            ],
            [
              72.5186204,
              22.8157739
            ],
            [
              72.5185366,
              22.8157875
            ],
            [
              72.5184059,
              22.8158488
            ],
            [
              72.5183147,
              22.8158852
            ],
            [
              72.5182309,
              22.8159283
            ],
            [
              72.5181299,
              22.8159647
            ],
            [
              72.5180263,
              22.8160283
            ],
            [
              72.517982,
              22.8160806
            ],
            [
              72.5178932,
              22.8161237
            ],
            [
              72.5177922,
              22.8161624
            ],
            [
              72.5177232,
              22.8162101
            ],
            [
              72.5176418,
              22.8162373
            ],
            [
              72.5175999,
              22.8162601
            ],
            [
              72.5175408,
              22.8162373
            ]
          ]
        ]
      },
      "id": "way/1534876800"
    },
    {
      "type": "Feature",
      "properties": {
        "@id": "way/1534885299",
        "natural": "water",
        "water": "lake"
      },
      "geometry": {
        "type": "Polygon",
        "coordinates": [
          [
            [
              72.4792301,
              22.9065455
            ],
            [
              72.4791143,
              22.9065008
            ],
            [
              72.4790302,
              22.9064716
            ],
            [
              72.4789966,
              22.9064165
            ],
            [
              72.478907,
              22.9063735
            ],
            [
              72.4788266,
              22.906327
            ],
            [
              72.4787874,
              22.9062685
            ],
            [
              72.478793,
              22.9062324
            ],
            [
              72.47875,
              22.9062169
            ],
            [
              72.4787015,
              22.9062117
            ],
            [
              72.4786529,
              22.9061618
            ],
            [
              72.4786454,
              22.906124
            ],
            [
              72.4785894,
              22.906124
            ],
            [
              72.478567,
              22.9060861
            ],
            [
              72.4785259,
              22.9060758
            ],
            [
              72.4784867,
              22.9060672
            ],
            [
              72.4784456,
              22.9060104
            ],
            [
              72.4784437,
              22.9059743
            ],
            [
              72.4784063,
              22.9059554
            ],
            [
              72.4783615,
              22.9059467
            ],
            [
              72.4783297,
              22.9059141
            ],
            [
              72.4782868,
              22.9058831
            ],
            [
              72.4782793,
              22.9058211
            ],
            [
              72.4783503,
              22.9057317
            ],
            [
              72.4783802,
              22.9057127
            ],
            [
              72.4784344,
              22.9056818
            ],
            [
              72.4784661,
              22.9056525
            ],
            [
              72.4784885,
              22.905637
            ],
            [
              72.4785371,
              22.9056387
            ],
            [
              72.4785819,
              22.9056319
            ],
            [
              72.4785987,
              22.9056078
            ],
            [
              72.4786305,
              22.9056095
            ],
            [
              72.478651,
              22.9055596
            ],
            [
              72.4786623,
              22.90552
            ],
            [
              72.4787276,
              22.9055097
            ],
            [
              72.4787781,
              22.9054873
            ],
            [
              72.4788322,
              22.9054563
            ],
            [
              72.4788715,
              22.9054099
            ],
            [
              72.4788958,
              22.9054047
            ],
            [
              72.4789219,
              22.9054409
            ],
            [
              72.4789705,
              22.9054237
            ],
            [
              72.479006,
              22.9054185
            ],
            [
              72.4790676,
              22.905477
            ],
            [
              72.4790994,
              22.9054959
            ],
            [
              72.479161,
              22.9054736
            ],
            [
              72.4792002,
              22.9054581
            ],
            [
              72.4792376,
              22.905477
            ],
            [
              72.4792376,
              22.905508
            ],
            [
              72.4792581,
              22.9055166
            ],
            [
              72.4792936,
              22.9054908
            ],
            [
              72.4793646,
              22.905489
            ],
            [
              72.4793534,
              22.9055665
            ],
            [
              72.4794076,
              22.9055665
            ],
            [
              72.4794935,
              22.9055888
            ],
            [
              72.4796056,
              22.9056284
            ],
            [
              72.4796766,
              22.9056009
            ],
            [
              72.4797364,
              22.9056009
            ],
            [
              72.4798036,
              22.9056198
            ],
            [
              72.4798391,
              22.9056181
            ],
            [
              72.4798615,
              22.9056336
            ],
            [
              72.4799325,
              22.905637
            ],
            [
              72.4799867,
              22.9056078
            ],
            [
              72.4800315,
              22.9056267
            ],
            [
              72.4800408,
              22.9056663
            ],
            [
              72.480024,
              22.9056938
            ],
            [
              72.4799848,
              22.9057127
            ],
            [
              72.479968,
              22.9057575
            ],
            [
              72.4799175,
              22.9058246
            ],
            [
              72.4798596,
              22.905828
            ],
            [
              72.4798148,
              22.905859
            ],
            [
              72.4797868,
              22.9058968
            ],
            [
              72.479798,
              22.9059381
            ],
            [
              72.4797606,
              22.9059364
            ],
            [
              72.4797476,
              22.9059966
            ],
            [
              72.4797102,
              22.9060121
            ],
            [
              72.4796766,
              22.9060603
            ],
            [
              72.4796635,
              22.9060758
            ],
            [
              72.479628,
              22.906093
            ],
            [
              72.4795794,
              22.9060964
            ],
            [
              72.4795477,
              22.9061412
            ],
            [
              72.4795439,
              22.9061928
            ],
            [
              72.4795141,
              22.9062307
            ],
            [
              72.4794618,
              22.9062616
            ],
            [
              72.4794281,
              22.906284
            ],
            [
              72.4794207,
              22.9063115
            ],
            [
              72.4794188,
              22.9063546
            ],
            [
              72.4793926,
              22.906401
            ],
            [
              72.479387,
              22.9064354
            ],
            [
              72.4793758,
              22.9064664
            ],
            [
              72.4793254,
              22.906475
            ],
            [
              72.4792955,
              22.906463
            ],
            [
              72.479275,
              22.9064888
            ],
            [
              72.479275,
              22.9065197
            ],
            [
              72.479275,
              22.9065438
            ],
            [
              72.4792301,
              22.9065455
            ]
          ]
        ]
      },
      "id": "way/1534885299"
    },
    {
      "type": "Feature",
      "properties": {
        "@id": "way/1534885300",
        "natural": "water",
        "water": "pond"
      },
      "geometry": {
        "type": "Polygon",
        "coordinates": [
          [
            [
              72.4751067,
              22.9162843
            ],
            [
              72.4750694,
              22.9162731
            ],
            [
              72.4750171,
              22.9162748
            ],
            [
              72.4750059,
              22.9163376
            ],
            [
              72.4750002,
              22.9163755
            ],
            [
              72.4749666,
              22.9163944
            ],
            [
              72.4749367,
              22.9164185
            ],
            [
              72.4749031,
              22.9164048
            ],
            [
              72.4748994,
              22.9163755
            ],
            [
              72.47489,
              22.9163549
            ],
            [
              72.4748508,
              22.9163531
            ],
            [
              72.4748247,
              22.9163428
            ],
            [
              72.4748527,
              22.9163222
            ],
            [
              72.4748601,
              22.9162998
            ],
            [
              72.4748377,
              22.9162774
            ],
            [
              72.4747537,
              22.9162912
            ],
            [
              72.4748097,
              22.9162396
            ],
            [
              72.4748527,
              22.9162034
            ],
            [
              72.4748377,
              22.9161432
            ],
            [
              72.4748956,
              22.9160882
            ],
            [
              72.4749051,
              22.9160076
            ],
            [
              72.4749797,
              22.915966
            ],
            [
              72.4750283,
              22.9159436
            ],
            [
              72.47506,
              22.9158937
            ],
            [
              72.4750955,
              22.9158129
            ],
            [
              72.475159,
              22.9157664
            ],
            [
              72.4752319,
              22.91572
            ],
            [
              72.4753122,
              22.9156856
            ],
            [
              72.4753944,
              22.9156288
            ],
            [
              72.4754243,
              22.9156322
            ],
            [
              72.4754953,
              22.9156408
            ],
            [
              72.4755681,
              22.9156494
            ],
            [
              72.4755793,
              22.9156769
            ],
            [
              72.4755793,
              22.915732
            ],
            [
              72.4755756,
              22.9157836
            ],
            [
              72.4755849,
              22.9158404
            ],
            [
              72.4755401,
              22.9158765
            ],
            [
              72.4755438,
              22.9159299
            ],
            [
              72.475555,
              22.9159849
            ],
            [
              72.4755196,
              22.915978
            ],
            [
              72.4754691,
              22.9159849
            ],
            [
              72.4754374,
              22.9159626
            ],
            [
              72.4754131,
              22.9159471
            ],
            [
              72.4753757,
              22.915935
            ],
            [
              72.4753402,
              22.9159798
            ],
            [
              72.4753346,
              22.9160297
            ],
            [
              72.4753178,
              22.9160211
            ],
            [
              72.4752804,
              22.9160503
            ],
            [
              72.4752973,
              22.9160985
            ],
            [
              72.4753066,
              22.9161226
            ],
            [
              72.4753141,
              22.9161742
            ],
            [
              72.4752935,
              22.916188
            ],
            [
              72.4752935,
              22.9162258
            ],
            [
              72.4752543,
              22.9162413
            ],
            [
              72.4752375,
              22.9162791
            ],
            [
              72.4752543,
              22.9163118
            ],
            [
              72.4752562,
              22.9163308
            ],
            [
              72.4752468,
              22.9163583
            ],
            [
              72.4752412,
              22.9163961
            ],
            [
              72.4752319,
              22.9164288
            ],
            [
              72.4752375,
              22.916465
            ],
            [
              72.4751964,
              22.9164719
            ],
            [
              72.475187,
              22.9164409
            ],
            [
              72.4751777,
              22.9163996
            ],
            [
              72.4751385,
              22.9163893
            ],
            [
              72.4751161,
              22.9163875
            ],
            [
              72.4751067,
              22.9162843
            ]
          ]
        ]
      },
      "id": "way/1534885300"
    },
    {
      "type": "Feature",
      "properties": {
        "@id": "way/1534885304",
        "natural": "water",
        "water": "lake"
      },
      "geometry": {
        "type": "Polygon",
        "coordinates": [
          [
            [
              72.4493436,
              22.9473716
            ],
            [
              72.4493393,
              22.9473183
            ],
            [
              72.4493501,
              22.9472333
            ],
            [
              72.4493243,
              22.9471681
            ],
            [
              72.4493115,
              22.9471266
            ],
            [
              72.4493565,
              22.9471108
            ],
            [
              72.4493522,
              22.9470772
            ],
            [
              72.4493522,
              22.9470456
            ],
            [
              72.4493823,
              22.947012
            ],
            [
              72.4493823,
              22.9469804
            ],
            [
              72.4493522,
              22.9468954
            ],
            [
              72.4493587,
              22.946844
            ],
            [
              72.4493844,
              22.9468045
            ],
            [
              72.4493908,
              22.946763
            ],
            [
              72.4494102,
              22.9467136
            ],
            [
              72.4494273,
              22.946684
            ],
            [
              72.4494466,
              22.9466524
            ],
            [
              72.4494509,
              22.9466128
            ],
            [
              72.4494381,
              22.9465832
            ],
            [
              72.4493973,
              22.9465872
            ],
            [
              72.4493973,
              22.9465496
            ],
            [
              72.4493887,
              22.9464804
            ],
            [
              72.4493608,
              22.9464844
            ],
            [
              72.4493222,
              22.9463402
            ],
            [
              72.4493179,
              22.9462433
            ],
            [
              72.4493629,
              22.9462473
            ],
            [
              72.4494209,
              22.9462097
            ],
            [
              72.4494659,
              22.9462335
            ],
            [
              72.4495368,
              22.9462315
            ],
            [
              72.4495883,
              22.9462354
            ],
            [
              72.4496333,
              22.9462769
            ],
            [
              72.4497106,
              22.9462868
            ],
            [
              72.4497749,
              22.9462809
            ],
            [
              72.4498372,
              22.9462848
            ],
            [
              72.4498715,
              22.9463283
            ],
            [
              72.4499058,
              22.946354
            ],
            [
              72.4499573,
              22.9463461
            ],
            [
              72.4499831,
              22.9463283
            ],
            [
              72.4500238,
              22.946352
            ],
            [
              72.4500646,
              22.9463836
            ],
            [
              72.4500904,
              22.9464192
            ],
            [
              72.4501504,
              22.9464508
            ],
            [
              72.4502041,
              22.9464884
            ],
            [
              72.4502599,
              22.9465022
            ],
            [
              72.450335,
              22.9465457
            ],
            [
              72.4503822,
              22.9465457
            ],
            [
              72.4504273,
              22.9465219
            ],
            [
              72.4504981,
              22.9465101
            ],
            [
              72.4505174,
              22.9465654
            ],
            [
              72.4505302,
              22.9466267
            ],
            [
              72.450526,
              22.9466899
            ],
            [
              72.4505195,
              22.9467373
            ],
            [
              72.4505603,
              22.9467591
            ],
            [
              72.4505968,
              22.9467729
            ],
            [
              72.4505839,
              22.9468361
            ],
            [
              72.4506483,
              22.9468618
            ],
            [
              72.4506526,
              22.9469329
            ],
            [
              72.4506397,
              22.9470041
            ],
            [
              72.4506182,
              22.9470634
            ],
            [
              72.450644,
              22.9471325
            ],
            [
              72.4506504,
              22.9472056
            ],
            [
              72.450674,
              22.947261
            ],
            [
              72.4506976,
              22.9473163
            ],
            [
              72.4506955,
              22.9474052
            ],
            [
              72.450689,
              22.9474704
            ],
            [
              72.450689,
              22.947506
            ],
            [
              72.4506955,
              22.9475909
            ],
            [
              72.4507148,
              22.9477115
            ],
            [
              72.450674,
              22.9477352
            ],
            [
              72.4505817,
              22.9477273
            ],
            [
              72.4505217,
              22.9477391
            ],
            [
              72.4504358,
              22.947747
            ],
            [
              72.4504079,
              22.9477549
            ],
            [
              72.4503457,
              22.9477036
            ],
            [
              72.4503243,
              22.9476601
            ],
            [
              72.4503243,
              22.9476087
            ],
            [
              72.45032,
              22.9475672
            ],
            [
              72.4502749,
              22.9475751
            ],
            [
              72.4502255,
              22.9475613
            ],
            [
              72.4502019,
              22.9474961
            ],
            [
              72.450159,
              22.947506
            ],
            [
              72.4501204,
              22.9474744
            ],
            [
              72.4501161,
              22.9474526
            ],
            [
              72.4500625,
              22.9474289
            ],
            [
              72.4500303,
              22.9474427
            ],
            [
              72.4499766,
              22.9474388
            ],
            [
              72.4499509,
              22.9474526
            ],
            [
              72.4499058,
              22.947419
            ],
            [
              72.4498565,
              22.9474092
            ],
            [
              72.4498179,
              22.9474368
            ],
            [
              72.4497749,
              22.947421
            ],
            [
              72.4497342,
              22.9474111
            ],
            [
              72.4496848,
              22.947423
            ],
            [
              72.4496612,
              22.9474467
            ],
            [
              72.449614,
              22.9474566
            ],
            [
              72.4495024,
              22.9474289
            ],
            [
              72.4494209,
              22.9474111
            ],
            [
              72.4493694,
              22.9473973
            ],
            [
              72.4493436,
              22.9473716
            ]
          ]
        ]
      },
      "id": "way/1534885304"
    },
    {
      "type": "Feature",
      "properties": {
        "@id": "way/1534885305",
        "natural": "water",
        "water": "pond"
      },
      "geometry": {
        "type": "Polygon",
        "coordinates": [
          [
            [
              72.441943,
              22.961415
            ],
            [
              72.4419664,
              22.961407
            ],
            [
              72.4419763,
              22.961424
            ],
            [
              72.4419627,
              22.9614558
            ],
            [
              72.4419418,
              22.9614842
            ],
            [
              72.441911,
              22.9615035
            ],
            [
              72.4418765,
              22.9615171
            ],
            [
              72.4418518,
              22.961525
            ],
            [
              72.4418075,
              22.9615352
            ],
            [
              72.4417668,
              22.9615205
            ],
            [
              72.4417323,
              22.961508
            ],
            [
              72.4416707,
              22.9615001
            ],
            [
              72.4416287,
              22.9614864
            ],
            [
              72.4415893,
              22.9614876
            ],
            [
              72.4415622,
              22.9614796
            ],
            [
              72.4415351,
              22.9614694
            ],
            [
              72.4415166,
              22.9614513
            ],
            [
              72.4415067,
              22.9614422
            ],
            [
              72.4415277,
              22.9614093
            ],
            [
              72.4415339,
              22.9613752
            ],
            [
              72.4415006,
              22.9613264
            ],
            [
              72.4414944,
              22.961289
            ],
            [
              72.4414735,
              22.9612686
            ],
            [
              72.4414858,
              22.9612379
            ],
            [
              72.441503,
              22.9612141
            ],
            [
              72.4415067,
              22.9611801
            ],
            [
              72.4415178,
              22.9611528
            ],
            [
              72.4415314,
              22.9611358
            ],
            [
              72.4415351,
              22.9611006
            ],
            [
              72.4415499,
              22.9611052
            ],
            [
              72.4415782,
              22.9610881
            ],
            [
              72.4415795,
              22.9610405
            ],
            [
              72.441593,
              22.9610166
            ],
            [
              72.441614,
              22.9610552
            ],
            [
              72.441646,
              22.9610223
            ],
            [
              72.4416596,
              22.9609758
            ],
            [
              72.4416214,
              22.9609803
            ],
            [
              72.4416374,
              22.9609372
            ],
            [
              72.4416719,
              22.9609043
            ],
            [
              72.4416978,
              22.9608725
            ],
            [
              72.4417163,
              22.9608635
            ],
            [
              72.4417729,
              22.9608623
            ],
            [
              72.4417655,
              22.9609009
            ],
            [
              72.441805,
              22.9609066
            ],
            [
              72.4418284,
              22.9608941
            ],
            [
              72.4418469,
              22.9608646
            ],
            [
              72.4418592,
              22.9608487
            ],
            [
              72.4419048,
              22.9608555
            ],
            [
              72.4419369,
              22.9608725
            ],
            [
              72.4419763,
              22.9609009
            ],
            [
              72.4420034,
              22.9609395
            ],
            [
              72.4420034,
              22.9609781
            ],
            [
              72.4419886,
              22.961062
            ],
            [
              72.4419529,
              22.9611131
            ],
            [
              72.4419418,
              22.9611801
            ],
            [
              72.441964,
              22.96123
            ],
            [
              72.4419677,
              22.9613026
            ],
            [
              72.4419689,
              22.9613219
            ],
            [
              72.4419344,
              22.961382
            ],
            [
              72.441943,
              22.961415
            ]
          ]
        ]
      },
      "id": "way/1534885305"
    },
    {
      "type": "Feature",
      "properties": {
        "@id": "way/1539775940",
        "name": "Jagatpur Lake",
        "natural": "water",
        "water": "lake"
      },
      "geometry": {
        "type": "Polygon",
        "coordinates": [
          [
            [
              72.5473407,
              23.1143368
            ],
            [
              72.5473273,
              23.1141888
            ],
            [
              72.5473353,
              23.1141049
            ],
            [
              72.5473739,
              23.1140558
            ],
            [
              72.5474077,
              23.1140038
            ],
            [
              72.5474308,
              23.1139613
            ],
            [
              72.5474507,
              23.1139175
            ],
            [
              72.5475338,
              23.113878
            ],
            [
              72.5480461,
              23.1139199
            ],
            [
              72.5480831,
              23.1139187
            ],
            [
              72.5481195,
              23.1139251
            ],
            [
              72.5481533,
              23.1139389
            ],
            [
              72.5481829,
              23.1139594
            ],
            [
              72.5482033,
              23.1139808
            ],
            [
              72.5482189,
              23.1140055
            ],
            [
              72.5482293,
              23.1140323
            ],
            [
              72.5482339,
              23.1140605
            ],
            [
              72.5482419,
              23.1141691
            ],
            [
              72.5481507,
              23.1147167
            ],
            [
              72.5481158,
              23.1147735
            ],
            [
              72.5480568,
              23.1148055
            ],
            [
              72.547912,
              23.1149289
            ],
            [
              72.5478262,
              23.1149757
            ],
            [
              72.5477808,
              23.114981
            ],
            [
              72.547735,
              23.1149807
            ],
            [
              72.5476826,
              23.1149732
            ],
            [
              72.5476321,
              23.1149583
            ],
            [
              72.5475848,
              23.1149363
            ],
            [
              72.5474989,
              23.1148993
            ],
            [
              72.5473943,
              23.114808
            ],
            [
              72.5473487,
              23.1146871
            ],
            [
              72.5473353,
              23.11447
            ],
            [
              72.5473407,
              23.1143368
            ]
          ]
        ]
      },
      "id": "way/1539775940"
    },
    {
      "type": "Feature",
      "properties": {
        "@id": "way/1546467662",
        "natural": "water"
      },
      "geometry": {
        "type": "Polygon",
        "coordinates": [
          [
            [
              72.5800639,
              23.1670503
            ],
            [
              72.5801529,
              23.16705
            ],
            [
              72.5801533,
              23.1671278
            ],
            [
              72.5800643,
              23.1671282
            ],
            [
              72.5800639,
              23.1670503
            ]
          ]
        ]
      },
      "id": "way/1546467662"
    },
    {
      "type": "Feature",
      "properties": {
        "@id": "way/1546674322",
        "natural": "water"
      },
      "geometry": {
        "type": "Polygon",
        "coordinates": [
          [
            [
              72.5870789,
              23.0238782
            ],
            [
              72.5870778,
              23.0237555
            ],
            [
              72.5871474,
              23.0237549
            ],
            [
              72.5871485,
              23.0238776
            ],
            [
              72.5870789,
              23.0238782
            ]
          ]
        ]
      },
      "id": "way/1546674322"
    },
    {
      "type": "Feature",
      "properties": {
        "@id": "node/611572689",
        "highway": "bus_stop",
        "name": "Acher"
      },
      "geometry": {
        "type": "Point",
        "coordinates": [
          72.5883112,
          23.0987428
        ]
      },
      "id": "node/611572689"
    },
    {
      "type": "Feature",
      "properties": {
        "@id": "node/611572692",
        "highway": "bus_stop",
        "name": "Gujarat Stadium (Motera)"
      },
      "geometry": {
        "type": "Point",
        "coordinates": [
          72.5951643,
          23.0945534
        ]
      },
      "id": "node/611572692"
    },
    {
      "type": "Feature",
      "properties": {
        "@id": "node/611572694",
        "highway": "bus_stop",
        "name": "Shiv Shakti Nagar"
      },
      "geometry": {
        "type": "Point",
        "coordinates": [
          72.584599,
          23.1104959
        ]
      },
      "id": "node/611572694"
    },
    {
      "type": "Feature",
      "properties": {
        "@id": "node/611572695",
        "highway": "bus_stop",
        "name": "Chandkheda Bus Depo"
      },
      "geometry": {
        "type": "Point",
        "coordinates": [
          72.5832285,
          23.1151091
        ]
      },
      "id": "node/611572695"
    },
    {
      "type": "Feature",
      "properties": {
        "@id": "node/611572696",
        "highway": "bus_stop",
        "name": "Janta Nagar (Parshwanath Nagar)"
      },
      "geometry": {
        "type": "Point",
        "coordinates": [
          72.5856397,
          23.1071309
        ]
      },
      "id": "node/611572696"
    },
    {
      "type": "Feature",
      "properties": {
        "@id": "node/611572697",
        "highway": "bus_stop",
        "name": "ONGC Bus Depo"
      },
      "geometry": {
        "type": "Point",
        "coordinates": [
          72.5867663,
          23.1036376
        ]
      },
      "id": "node/611572697"
    },
    {
      "type": "Feature",
      "properties": {
        "@id": "node/611573336",
        "bench": "yes",
        "highway": "bus_stop",
        "name": "Police Stadium",
        "shelter": "yes"
      },
      "geometry": {
        "type": "Point",
        "coordinates": [
          72.5884185,
          23.0563204
        ]
      },
      "id": "node/611573336"
    },
    {
      "type": "Feature",
      "properties": {
        "@id": "node/611573340",
        "highway": "bus_stop",
        "layer": "1",
        "name": "Subhash Bridge"
      },
      "geometry": {
        "type": "Point",
        "coordinates": [
          72.5837193,
          23.0655502
        ]
      },
      "id": "node/611573340"
    },
    {
      "type": "Feature",
      "properties": {
        "@id": "node/611573343",
        "highway": "bus_stop",
        "name": "RTO Circle"
      },
      "geometry": {
        "type": "Point",
        "coordinates": [
          72.5808869,
          23.0684819
        ]
      },
      "id": "node/611573343"
    },
    {
      "type": "Feature",
      "properties": {
        "@id": "node/611573366",
        "bench": "no",
        "highway": "bus_stop",
        "layer": "1",
        "name": "Shahibaug Underbridge",
        "shelter": "no"
      },
      "geometry": {
        "type": "Point",
        "coordinates": [
          72.5904999,
          23.0527171
        ]
      },
      "id": "node/611573366"
    },
    {
      "type": "Feature",
      "properties": {
        "@id": "node/631801190",
        "highway": "bus_stop"
      },
      "geometry": {
        "type": "Point",
        "coordinates": [
          72.5689346,
          23.0119174
        ]
      },
      "id": "node/631801190"
    },
    {
      "type": "Feature",
      "properties": {
        "@id": "node/1952514121",
        "highway": "bus_stop",
        "local_ref": "BUS TERMINUS",
        "name": "Nava-Vadaj"
      },
      "geometry": {
        "type": "Point",
        "coordinates": [
          72.5624497,
          23.0682646
        ]
      },
      "id": "node/1952514121"
    },
    {
      "type": "Feature",
      "properties": {
        "@id": "node/2211705413",
        "designation": "AMTS Bus Stop",
        "highway": "bus_stop",
        "local_ref": "GST Crossing",
        "name": "GST Crossing 1 (AMTS)"
      },
      "geometry": {
        "type": "Point",
        "coordinates": [
          72.5661042,
          23.0844751
        ]
      },
      "id": "node/2211705413"
    },
    {
      "type": "Feature",
      "properties": {
        "@id": "node/2265925488",
        "highway": "bus_stop",
        "name": "GMDC"
      },
      "geometry": {
        "type": "Point",
        "coordinates": [
          72.5386288,
          23.0397128
        ]
      },
      "id": "node/2265925488"
    },
    {
      "type": "Feature",
      "properties": {
        "@id": "node/2265925489",
        "highway": "bus_stop",
        "name": "Bimanagar / Jhansi Ki Rani"
      },
      "geometry": {
        "type": "Point",
        "coordinates": [
          72.53633,
          23.0230285
        ]
      },
      "id": "node/2265925489"
    },
    {
      "type": "Feature",
      "properties": {
        "@id": "node/2265925490",
        "highway": "bus_stop",
        "name": "Nehru Nagar",
        "operator": "Ahmedabad Janmarg Limited",
        "shelter": "yes",
        "source": "http://www.ahmedabadbrts.com/web/index.html",
        "wheelchair": "limited"
      },
      "geometry": {
        "type": "Point",
        "coordinates": [
          72.5416944,
          23.0225299
        ]
      },
      "id": "node/2265925490"
    },
    {
      "type": "Feature",
      "properties": {
        "@id": "node/2265925491",
        "bus": "yes",
        "highway": "bus_stop",
        "name": "IIM",
        "public_transport": "platform"
      },
      "geometry": {
        "type": "Point",
        "coordinates": [
          72.5360081,
          23.0346324
        ]
      },
      "id": "node/2265925491"
    },
    {
      "type": "Feature",
      "properties": {
        "@id": "node/2265925492",
        "highway": "bus_stop"
      },
      "geometry": {
        "type": "Point",
        "coordinates": [
          72.5312229,
          23.0242856
        ]
      },
      "id": "node/2265925492"
    },
    {
      "type": "Feature",
      "properties": {
        "@id": "node/2265925493",
        "highway": "bus_stop",
        "name": "Himmatlal Park"
      },
      "geometry": {
        "type": "Point",
        "coordinates": [
          72.532414,
          23.0297528
        ]
      },
      "id": "node/2265925493"
    },
    {
      "type": "Feature",
      "properties": {
        "@id": "node/2265926056",
        "highway": "bus_stop",
        "name": "Manek Baug",
        "operator": "Ahmedabad Janmarg Ltd.",
        "shelter": "yes",
        "source": "http://www.ahmedabadbrts.com/web/index.html"
      },
      "geometry": {
        "type": "Point",
        "coordinates": [
          72.5440487,
          23.0183103
        ]
      },
      "id": "node/2265926056"
    },
    {
      "type": "Feature",
      "properties": {
        "@id": "node/2265953631",
        "highway": "bus_stop",
        "name": "Anjali Cross Road"
      },
      "geometry": {
        "type": "Point",
        "coordinates": [
          72.5538743,
          23.003723
        ]
      },
      "id": "node/2265953631"
    },
    {
      "type": "Feature",
      "properties": {
        "@id": "node/2265953635",
        "highway": "bus_stop",
        "name": "Rambaug",
        "operator": "BRTS , Ahmedabad"
      },
      "geometry": {
        "type": "Point",
        "coordinates": [
          72.6006692,
          22.9999238
        ]
      },
      "id": "node/2265953635"
    },
    {
      "type": "Feature",
      "properties": {
        "@id": "node/2265953636",
        "highway": "bus_stop",
        "name": "Amarkunj /Swaminarayan College"
      },
      "geometry": {
        "type": "Point",
        "coordinates": [
          72.5870103,
          23.0013898
        ]
      },
      "id": "node/2265953636"
    },
    {
      "type": "Feature",
      "properties": {
        "@id": "node/2265953637",
        "highway": "bus_stop",
        "name": "Bhairavnath",
        "operator": "BRTS , Ahmedabad"
      },
      "geometry": {
        "type": "Point",
        "coordinates": [
          72.5990646,
          22.995457
        ]
      },
      "id": "node/2265953637"
    },
    {
      "type": "Feature",
      "properties": {
        "@id": "node/2265953638",
        "highway": "bus_stop",
        "name": "Swaminarayan Mandir",
        "operator": "BRTS , Ahmedabad"
      },
      "geometry": {
        "type": "Point",
        "coordinates": [
          72.6117044,
          22.9948853
        ]
      },
      "id": "node/2265953638"
    },
    {
      "type": "Feature",
      "properties": {
        "@id": "node/2265953639",
        "highway": "bus_stop",
        "name": "Shah Alam"
      },
      "geometry": {
        "type": "Point",
        "coordinates": [
          72.5829655,
          22.9998665
        ]
      },
      "id": "node/2265953639"
    },
    {
      "type": "Feature",
      "properties": {
        "@id": "node/2265953642",
        "bench": "yes",
        "bin": "yes",
        "bus": "yes",
        "highway": "bus_stop",
        "lit": "yes",
        "name": "Jawahar Chowk",
        "operator": "BRTS , Ahmedabad",
        "public_transport": "platform",
        "shelter": "yes"
      },
      "geometry": {
        "type": "Point",
        "coordinates": [
          72.6050988,
          22.9951368
        ]
      },
      "id": "node/2265953642"
    },
    {
      "type": "Feature",
      "properties": {
        "@id": "node/2265953643",
        "highway": "bus_stop",
        "name": "Maninagar",
        "operator": "BRTS , Ahmedabad"
      },
      "geometry": {
        "type": "Point",
        "coordinates": [
          72.6064312,
          22.9972369
        ]
      },
      "id": "node/2265953643"
    },
    {
      "type": "Feature",
      "properties": {
        "@id": "node/2265953644",
        "highway": "bus_stop",
        "name": "National Cloth Factory"
      },
      "geometry": {
        "type": "Point",
        "coordinates": [
          72.570209,
          22.9955236
        ]
      },
      "id": "node/2265953644"
    },
    {
      "type": "Feature",
      "properties": {
        "@id": "node/2265953647",
        "highway": "bus_stop",
        "name": "Gokulnath Chowk /Meera Cinema Char Rasta",
        "operator": "BRTS , Ahmedabad"
      },
      "geometry": {
        "type": "Point",
        "coordinates": [
          72.5932198,
          22.9990894
        ]
      },
      "id": "node/2265953647"
    },
    {
      "type": "Feature",
      "properties": {
        "@id": "node/2265953648",
        "highway": "bus_stop",
        "name": "Kankaria Lake",
        "operator": "BRTS , Ahmedabad",
        "public_transport": "platform"
      },
      "geometry": {
        "type": "Point",
        "coordinates": [
          72.5990158,
          23.0031799
        ]
      },
      "id": "node/2265953648"
    },
    {
      "type": "Feature",
      "properties": {
        "@id": "node/2265953649",
        "highway": "bus_stop",
        "name": "Maninagar Railway Station"
      },
      "geometry": {
        "type": "Point",
        "coordinates": [
          72.6113755,
          22.9978049
        ]
      },
      "id": "node/2265953649"
    },
    {
      "type": "Feature",
      "properties": {
        "@id": "node/2265953650",
        "highway": "bus_stop",
        "name": "Kankaria Telephone Exchange",
        "name:ko": "우다이푸르 사설정류장",
        "operator": "BRTS , Ahmedabad"
      },
      "geometry": {
        "type": "Point",
        "coordinates": [
          72.5928227,
          23.0024169
        ]
      },
      "id": "node/2265953650"
    },
    {
      "type": "Feature",
      "properties": {
        "@id": "node/2265953651",
        "highway": "bus_stop",
        "name": "Dharnidhar"
      },
      "geometry": {
        "type": "Point",
        "coordinates": [
          72.5492824,
          23.0082114
        ]
      },
      "id": "node/2265953651"
    },
    {
      "type": "Feature",
      "properties": {
        "@id": "node/2265953652",
        "bus": "yes",
        "highway": "bus_stop",
        "name": "Chandranagar BRT",
        "public_transport": "platform"
      },
      "geometry": {
        "type": "Point",
        "coordinates": [
          72.5580988,
          22.9997529
        ]
      },
      "id": "node/2265953652"
    },
    {
      "type": "Feature",
      "properties": {
        "@id": "node/2265953653",
        "highway": "bus_stop",
        "name": "Dani Limda"
      },
      "geometry": {
        "type": "Point",
        "coordinates": [
          72.5774026,
          22.9964913
        ]
      },
      "id": "node/2265953653"
    },
    {
      "type": "Feature",
      "properties": {
        "@id": "node/2288824667",
        "highway": "bus_stop",
        "name": "AMTS"
      },
      "geometry": {
        "type": "Point",
        "coordinates": [
          72.5321646,
          23.0660707
        ]
      },
      "id": "node/2288824667"
    },
    {
      "type": "Feature",
      "properties": {
        "@id": "node/2288824668",
        "highway": "bus_stop",
        "name": "Gulab Tower"
      },
      "geometry": {
        "type": "Point",
        "coordinates": [
          72.5255748,
          23.0631171
        ]
      },
      "id": "node/2288824668"
    },
    {
      "type": "Feature",
      "properties": {
        "@id": "node/3231323519",
        "highway": "bus_stop",
        "name": "Airport Circle bus stop",
        "operator": "AMTS"
      },
      "geometry": {
        "type": "Point",
        "coordinates": [
          72.6167476,
          23.0813883
        ]
      },
      "id": "node/3231323519"
    },
    {
      "type": "Feature",
      "properties": {
        "@id": "node/3306683481",
        "bench": "yes",
        "bus": "yes",
        "highway": "bus_stop",
        "kerb": "raised",
        "kerb:approach_aid": "yes",
        "lit": "yes",
        "name": "Municipal Corporation Office",
        "operator": "BRTS",
        "passenger_information_display": "yes",
        "passenger_information_display:speech_output": "no",
        "public_transport": "platform",
        "shelter": "yes",
        "tactile_paving": "yes"
      },
      "geometry": {
        "type": "Point",
        "coordinates": [
          72.5860412,
          23.0197907
        ]
      },
      "id": "node/3306683481"
    },
    {
      "type": "Feature",
      "properties": {
        "@id": "node/3316875855",
        "bus": "yes",
        "highway": "bus_stop",
        "public_transport": "platform"
      },
      "geometry": {
        "type": "Point",
        "coordinates": [
          72.579101,
          23.0220727
        ]
      },
      "id": "node/3316875855"
    },
    {
      "type": "Feature",
      "properties": {
        "@id": "node/3333960611",
        "highway": "bus_stop"
      },
      "geometry": {
        "type": "Point",
        "coordinates": [
          72.5953013,
          22.9739626
        ]
      },
      "id": "node/3333960611"
    },
    {
      "type": "Feature",
      "properties": {
        "@id": "node/3333960612",
        "highway": "bus_stop"
      },
      "geometry": {
        "type": "Point",
        "coordinates": [
          72.5952484,
          22.9740487
        ]
      },
      "id": "node/3333960612"
    },
    {
      "type": "Feature",
      "properties": {
        "@id": "node/3333960613",
        "highway": "bus_stop"
      },
      "geometry": {
        "type": "Point",
        "coordinates": [
          72.6023816,
          22.9761795
        ]
      },
      "id": "node/3333960613"
    },
    {
      "type": "Feature",
      "properties": {
        "@id": "node/3333960614",
        "highway": "bus_stop"
      },
      "geometry": {
        "type": "Point",
        "coordinates": [
          72.6023401,
          22.9762426
        ]
      },
      "id": "node/3333960614"
    },
    {
      "type": "Feature",
      "properties": {
        "@id": "node/3333960615",
        "highway": "bus_stop"
      },
      "geometry": {
        "type": "Point",
        "coordinates": [
          72.6101868,
          22.9784932
        ]
      },
      "id": "node/3333960615"
    },
    {
      "type": "Feature",
      "properties": {
        "@id": "node/3333960616",
        "highway": "bus_stop"
      },
      "geometry": {
        "type": "Point",
        "coordinates": [
          72.610175,
          22.9785615
        ]
      },
      "id": "node/3333960616"
    },
    {
      "type": "Feature",
      "properties": {
        "@id": "node/3393851425",
        "bus": "yes",
        "highway": "bus_stop",
        "local_ref": "AMTS",
        "name": "Meghaninagar",
        "public_transport": "platform",
        "route_ref": "AMTS Bus No. 50, 17, 28, 31, 33/1, 38, 70/1, 90"
      },
      "geometry": {
        "type": "Point",
        "coordinates": [
          72.6180264,
          23.0594578
        ]
      },
      "id": "node/3393851425"
    },
    {
      "type": "Feature",
      "properties": {
        "@id": "node/3415672552",
        "highway": "bus_stop",
        "name": "GMDC"
      },
      "geometry": {
        "type": "Point",
        "coordinates": [
          72.5385489,
          23.0397496
        ]
      },
      "id": "node/3415672552"
    },
    {
      "type": "Feature",
      "properties": {
        "@id": "node/3415672553",
        "bus": "yes",
        "highway": "bus_stop",
        "name": "Memnagar",
        "public_transport": "platform"
      },
      "geometry": {
        "type": "Point",
        "coordinates": [
          72.5424176,
          23.0455534
        ]
      },
      "id": "node/3415672553"
    },
    {
      "type": "Feature",
      "properties": {
        "@id": "node/3415672554",
        "bus": "yes",
        "highway": "bus_stop",
        "name": "Memnagar",
        "public_transport": "platform"
      },
      "geometry": {
        "type": "Point",
        "coordinates": [
          72.5424739,
          23.0455543
        ]
      },
      "id": "node/3415672554"
    },
    {
      "type": "Feature",
      "properties": {
        "@id": "node/4210649810",
        "bench": "yes",
        "covered": "yes",
        "highway": "bus_stop",
        "name": "Bhavsar Hostel",
        "name:en": "Ranip BRTS",
        "operator": "Ahmedabad BRTS",
        "shelter": "yes"
      },
      "geometry": {
        "type": "Point",
        "coordinates": [
          72.5756845,
          23.0676729
        ]
      },
      "id": "node/4210649810"
    },
    {
      "type": "Feature",
      "properties": {
        "@id": "node/4376679089",
        "bus": "yes",
        "highway": "bus_stop",
        "name": "Bus stop Riverside School",
        "name:en": "Bus stop Riverside School",
        "public_transport": "platform"
      },
      "geometry": {
        "type": "Point",
        "coordinates": [
          72.5258779,
          23.0530366
        ]
      },
      "id": "node/4376679089"
    },
    {
      "type": "Feature",
      "properties": {
        "@id": "node/4481510492",
        "highway": "bus_stop",
        "name": "Hanspura Bus stop",
        "name:en": "Hanspura Bus stop",
        "name:hi": "हसपुरा बस स्टॉप"
      },
      "geometry": {
        "type": "Point",
        "coordinates": [
          72.6800838,
          23.0847663
        ]
      },
      "id": "node/4481510492"
    },
    {
      "type": "Feature",
      "properties": {
        "@id": "node/4485407989",
        "bus": "yes",
        "highway": "bus_stop",
        "name": "Iscon ST bus stop",
        "name:en": "Iscon ST bus stop",
        "public_transport": "platform"
      },
      "geometry": {
        "type": "Point",
        "coordinates": [
          72.5085005,
          23.0315615
        ]
      },
      "id": "node/4485407989"
    },
    {
      "type": "Feature",
      "properties": {
        "@id": "node/4585304001",
        "highway": "bus_stop",
        "name": "Chandlodiya",
        "name:en": "Chandlodiya"
      },
      "geometry": {
        "type": "Point",
        "coordinates": [
          72.5512141,
          23.0847978
        ]
      },
      "id": "node/4585304001"
    },
    {
      "type": "Feature",
      "properties": {
        "@id": "node/4585304002",
        "highway": "bus_stop",
        "name": "JUNA VADAJ",
        "name:en": "JUNA VADAJ"
      },
      "geometry": {
        "type": "Point",
        "coordinates": [
          72.5620316,
          23.0670122
        ]
      },
      "id": "node/4585304002"
    },
    {
      "type": "Feature",
      "properties": {
        "@id": "node/4588982754",
        "highway": "bus_stop",
        "name": "Pvt travels Sahjanand Travels",
        "operator": "pvt"
      },
      "geometry": {
        "type": "Point",
        "coordinates": [
          72.5252397,
          23.025739
        ]
      },
      "id": "node/4588982754"
    },
    {
      "type": "Feature",
      "properties": {
        "@id": "node/4588990189",
        "highway": "bus_stop",
        "name": "Shree Sahjanand Travels",
        "name:en": "Shree Sahjanand Travels"
      },
      "geometry": {
        "type": "Point",
        "coordinates": [
          72.525333,
          23.02562
        ]
      },
      "id": "node/4588990189"
    },
    {
      "type": "Feature",
      "properties": {
        "@id": "node/4590687293",
        "highway": "bus_stop",
        "name": "Kadambari Society"
      },
      "geometry": {
        "type": "Point",
        "coordinates": [
          72.5310458,
          23.0060914
        ]
      },
      "id": "node/4590687293"
    },
    {
      "type": "Feature",
      "properties": {
        "@id": "node/4702938189",
        "bus": "yes",
        "highway": "bus_stop",
        "name": "Bus to Udaipur",
        "name:en": "Bus to Udaipur",
        "public_transport": "platform"
      },
      "geometry": {
        "type": "Point",
        "coordinates": [
          72.643304,
          23.0655907
        ]
      },
      "id": "node/4702938189"
    },
    {
      "type": "Feature",
      "properties": {
        "@id": "node/4792997117",
        "highway": "bus_stop",
        "name": "Vadodara Patiya"
      },
      "geometry": {
        "type": "Point",
        "coordinates": [
          72.7871937,
          23.1490267
        ]
      },
      "id": "node/4792997117"
    },
    {
      "type": "Feature",
      "properties": {
        "@id": "node/4794246527",
        "highway": "bus_stop",
        "name": "Ranip Bus stop",
        "name:en": "Ranip Bus stop"
      },
      "geometry": {
        "type": "Point",
        "coordinates": [
          72.5771961,
          23.081039
        ]
      },
      "id": "node/4794246527"
    },
    {
      "type": "Feature",
      "properties": {
        "@id": "node/5327118488",
        "highway": "bus_stop"
      },
      "geometry": {
        "type": "Point",
        "coordinates": [
          72.531215,
          23.0243207
        ]
      },
      "id": "node/5327118488"
    },
    {
      "type": "Feature",
      "properties": {
        "@id": "node/5327118489",
        "highway": "bus_stop"
      },
      "geometry": {
        "type": "Point",
        "coordinates": [
          72.5313857,
          23.0243186
        ]
      },
      "id": "node/5327118489"
    },
    {
      "type": "Feature",
      "properties": {
        "@id": "node/5327118490",
        "bus": "yes",
        "highway": "bus_stop",
        "name": "Shivranjani",
        "public_transport": "platform"
      },
      "geometry": {
        "type": "Point",
        "coordinates": [
          72.5313961,
          23.0242849
        ]
      },
      "id": "node/5327118490"
    },
    {
      "type": "Feature",
      "properties": {
        "@id": "node/5445054647",
        "bus": "yes",
        "highway": "bus_stop",
        "name": "Maninagar Railway stop",
        "operator": "BRTS , Ahmedabad",
        "public_transport": "platform"
      },
      "geometry": {
        "type": "Point",
        "coordinates": [
          72.6113064,
          22.9977864
        ]
      },
      "id": "node/5445054647"
    },
    {
      "type": "Feature",
      "properties": {
        "@id": "node/5445054648",
        "bus": "yes",
        "highway": "bus_stop",
        "name": "Lala LAjpat marg",
        "operator": "BRTS , Ahmedabad",
        "public_transport": "platform"
      },
      "geometry": {
        "type": "Point",
        "coordinates": [
          72.6104161,
          22.9979864
        ]
      },
      "id": "node/5445054648"
    },
    {
      "type": "Feature",
      "properties": {
        "@id": "node/5445054650",
        "bus": "yes",
        "highway": "bus_stop",
        "name": "Rambaug Post office",
        "public_transport": "platform"
      },
      "geometry": {
        "type": "Point",
        "coordinates": [
          72.6013622,
          22.9989051
        ]
      },
      "id": "node/5445054650"
    },
    {
      "type": "Feature",
      "properties": {
        "@id": "node/5540117734",
        "bus": "yes",
        "highway": "bus_stop",
        "name": "Maninagr Railway Station",
        "operator": "BRTS , Ahmedabad",
        "public_transport": "platform"
      },
      "geometry": {
        "type": "Point",
        "coordinates": [
          72.6113901,
          22.9978087
        ]
      },
      "id": "node/5540117734"
    },
    {
      "type": "Feature",
      "properties": {
        "@id": "node/5540117735",
        "bus": "yes",
        "highway": "bus_stop",
        "name": "Maninagar Cross Road",
        "operator": "BRTS , Ahmedabad",
        "public_transport": "platform"
      },
      "geometry": {
        "type": "Point",
        "coordinates": [
          72.606434,
          22.9972438
        ]
      },
      "id": "node/5540117735"
    },
    {
      "type": "Feature",
      "properties": {
        "@id": "node/5540117736",
        "bus": "yes",
        "highway": "bus_stop",
        "name": "Rambaug",
        "operator": "BRTS, Ahmedabad",
        "public_transport": "platform"
      },
      "geometry": {
        "type": "Point",
        "coordinates": [
          72.6006742,
          22.9999248
        ]
      },
      "id": "node/5540117736"
    },
    {
      "type": "Feature",
      "properties": {
        "@id": "node/5545191206",
        "bus": "yes",
        "highway": "bus_stop",
        "name": "ISRO , Ahmedabad",
        "public_transport": "platform"
      },
      "geometry": {
        "type": "Point",
        "coordinates": [
          72.5177376,
          23.027686
        ]
      },
      "id": "node/5545191206"
    },
    {
      "type": "Feature",
      "properties": {
        "@id": "node/5545191207",
        "bus": "yes",
        "highway": "bus_stop",
        "name": "Ramdev Nagar",
        "public_transport": "platform"
      },
      "geometry": {
        "type": "Point",
        "coordinates": [
          72.5126258,
          23.0275153
        ]
      },
      "id": "node/5545191207"
    },
    {
      "type": "Feature",
      "properties": {
        "@id": "node/5545191837",
        "bench": "yes",
        "bus": "yes",
        "highway": "bus_stop",
        "name": "ISKCON Mandir",
        "public_transport": "platform",
        "shelter": "yes"
      },
      "geometry": {
        "type": "Point",
        "coordinates": [
          72.5049454,
          23.0274858
        ]
      },
      "id": "node/5545191837"
    },
    {
      "type": "Feature",
      "properties": {
        "@id": "node/5545191838",
        "bench": "yes",
        "bus": "yes",
        "highway": "bus_stop",
        "lit": "yes",
        "name": "Antariksh Colony",
        "public_transport": "platform",
        "shelter": "yes"
      },
      "geometry": {
        "type": "Point",
        "coordinates": [
          72.5009162,
          23.0277628
        ]
      },
      "id": "node/5545191838"
    },
    {
      "type": "Feature",
      "properties": {
        "@id": "node/5711617727",
        "highway": "bus_stop",
        "name": "Little Wings BRTS stop"
      },
      "geometry": {
        "type": "Point",
        "coordinates": [
          72.4596133,
          23.0320762
        ]
      },
      "id": "node/5711617727"
    },
    {
      "type": "Feature",
      "properties": {
        "@id": "node/8157583232",
        "highway": "bus_stop",
        "name": "Bopal gam"
      },
      "geometry": {
        "type": "Point",
        "coordinates": [
          72.4640698,
          23.0340068
        ]
      },
      "id": "node/8157583232"
    },
    {
      "type": "Feature",
      "properties": {
        "@id": "node/9316233960",
        "bus": "yes",
        "departures_board": "timetable",
        "highway": "bus_stop",
        "public_transport": "platform",
        "shelter": "no"
      },
      "geometry": {
        "type": "Point",
        "coordinates": [
          72.5754247,
          23.1891887
        ]
      },
      "id": "node/9316233960"
    },
    {
      "type": "Feature",
      "properties": {
        "@id": "node/9316233961",
        "bus": "yes",
        "departures_board": "timetable",
        "highway": "bus_stop",
        "public_transport": "platform",
        "shelter": "no"
      },
      "geometry": {
        "type": "Point",
        "coordinates": [
          72.5754864,
          23.1889686
        ]
      },
      "id": "node/9316233961"
    },
    {
      "type": "Feature",
      "properties": {
        "@id": "node/9316233962",
        "bus": "yes",
        "highway": "bus_stop",
        "public_transport": "platform"
      },
      "geometry": {
        "type": "Point",
        "coordinates": [
          72.5725601,
          23.1775522
        ]
      },
      "id": "node/9316233962"
    },
    {
      "type": "Feature",
      "properties": {
        "@id": "node/9316233963",
        "bus": "yes",
        "highway": "bus_stop",
        "public_transport": "platform"
      },
      "geometry": {
        "type": "Point",
        "coordinates": [
          72.5726245,
          23.1775485
        ]
      },
      "id": "node/9316233963"
    },
    {
      "type": "Feature",
      "properties": {
        "@id": "node/9316233965",
        "bus": "yes",
        "highway": "bus_stop",
        "public_transport": "platform"
      },
      "geometry": {
        "type": "Point",
        "coordinates": [
          72.5783658,
          23.1876989
        ]
      },
      "id": "node/9316233965"
    },
    {
      "type": "Feature",
      "properties": {
        "@id": "node/9316233966",
        "bus": "yes",
        "highway": "bus_stop",
        "public_transport": "platform"
      },
      "geometry": {
        "type": "Point",
        "coordinates": [
          72.5784771,
          23.1878234
        ]
      },
      "id": "node/9316233966"
    },
    {
      "type": "Feature",
      "properties": {
        "@id": "node/9316233967",
        "bus": "yes",
        "highway": "bus_stop",
        "public_transport": "platform"
      },
      "geometry": {
        "type": "Point",
        "coordinates": [
          72.5771387,
          23.1887375
        ]
      },
      "id": "node/9316233967"
    },
    {
      "type": "Feature",
      "properties": {
        "@id": "node/9316233968",
        "bus": "yes",
        "highway": "bus_stop",
        "public_transport": "platform"
      },
      "geometry": {
        "type": "Point",
        "coordinates": [
          72.5772755,
          23.1888053
        ]
      },
      "id": "node/9316233968"
    },
    {
      "type": "Feature",
      "properties": {
        "@id": "node/9316233969",
        "bus": "yes",
        "highway": "bus_stop",
        "public_transport": "platform"
      },
      "geometry": {
        "type": "Point",
        "coordinates": [
          72.5716764,
          23.1838828
        ]
      },
      "id": "node/9316233969"
    },
    {
      "type": "Feature",
      "properties": {
        "@id": "node/9316233970",
        "bus": "yes",
        "highway": "bus_stop",
        "public_transport": "platform"
      },
      "geometry": {
        "type": "Point",
        "coordinates": [
          72.5715597,
          23.1838199
        ]
      },
      "id": "node/9316233970"
    },
    {
      "type": "Feature",
      "properties": {
        "@id": "node/10177919684",
        "description": "BRTS Terminal",
        "highway": "bus_stop",
        "name": "South Bopal BRTS Terminal"
      },
      "geometry": {
        "type": "Point",
        "coordinates": [
          72.4656001,
          23.0161011
        ]
      },
      "id": "node/10177919684"
    },
    {
      "type": "Feature",
      "properties": {
        "@id": "node/12912651330",
        "bus": "yes",
        "highway": "bus_stop",
        "public_transport": "platform"
      },
      "geometry": {
        "type": "Point",
        "coordinates": [
          72.6100622,
          23.0523056
        ]
      },
      "id": "node/12912651330"
    },
    {
      "type": "Feature",
      "properties": {
        "@id": "node/12912651331",
        "bus": "yes",
        "highway": "bus_stop",
        "public_transport": "platform"
      },
      "geometry": {
        "type": "Point",
        "coordinates": [
          72.6101214,
          23.0521516
        ]
      },
      "id": "node/12912651331"
    },
    {
      "type": "Feature",
      "properties": {
        "@id": "node/13081325157",
        "bus": "yes",
        "highway": "bus_stop",
        "name": "Mahapragnaji Bridge Approach",
        "network": "Sarangpur circular route- 106",
        "operator": "AMTS",
        "public_transport": "platform",
        "ref": "5",
        "shelter": "no",
        "trolleybus": "yes"
      },
      "geometry": {
        "type": "Point",
        "coordinates": [
          72.5952154,
          23.0528796
        ]
      },
      "id": "node/13081325157"
    },
    {
      "type": "Feature",
      "properties": {
        "@id": "node/13116047286",
        "bus": "yes",
        "highway": "bus_stop",
        "public_transport": "platform"
      },
      "geometry": {
        "type": "Point",
        "coordinates": [
          72.4421495,
          23.0549257
        ]
      },
      "id": "node/13116047286"
    },
    {
      "type": "Feature",
      "properties": {
        "@id": "node/13324639910",
        "bus": "yes",
        "highway": "bus_stop",
        "name": "Naroda S.T. Workshop",
        "public_transport": "platform"
      },
      "geometry": {
        "type": "Point",
        "coordinates": [
          72.6429675,
          23.0642483
        ]
      },
      "id": "node/13324639910"
    },
    {
      "type": "Feature",
      "properties": {
        "@id": "node/13324639911",
        "bus": "yes",
        "highway": "bus_stop",
        "name": "Dhanush Dhari Mandir",
        "public_transport": "platform"
      },
      "geometry": {
        "type": "Point",
        "coordinates": [
          72.6429405,
          23.0598077
        ]
      },
      "id": "node/13324639911"
    },
    {
      "type": "Feature",
      "properties": {
        "@id": "node/13324639912",
        "bus": "yes",
        "highway": "bus_stop",
        "name": "Nada Chiloda",
        "public_transport": "platform"
      },
      "geometry": {
        "type": "Point",
        "coordinates": [
          72.6424602,
          23.0549301
        ]
      },
      "id": "node/13324639912"
    },
    {
      "type": "Feature",
      "properties": {
        "@id": "node/13324639913",
        "bus": "yes",
        "highway": "bus_stop",
        "name": "Vijay Park",
        "public_transport": "platform"
      },
      "geometry": {
        "type": "Point",
        "coordinates": [
          72.6418538,
          23.0513889
        ]
      },
      "id": "node/13324639913"
    },
    {
      "type": "Feature",
      "properties": {
        "@id": "node/13324639914",
        "bus": "yes",
        "highway": "bus_stop",
        "name": "Hirawadi",
        "public_transport": "platform"
      },
      "geometry": {
        "type": "Point",
        "coordinates": [
          72.6409989,
          23.0456662
        ]
      },
      "id": "node/13324639914"
    },
    {
      "type": "Feature",
      "properties": {
        "@id": "node/13324639915",
        "bus": "yes",
        "highway": "bus_stop",
        "name": "Thakkar Nagar Approach",
        "public_transport": "platform"
      },
      "geometry": {
        "type": "Point",
        "coordinates": [
          72.640553,
          23.0412083
        ]
      },
      "id": "node/13324639915"
    },
    {
      "type": "Feature",
      "properties": {
        "@id": "node/13324639916",
        "bus": "yes",
        "highway": "bus_stop",
        "name": "Lilanagar",
        "public_transport": "platform"
      },
      "geometry": {
        "type": "Point",
        "coordinates": [
          72.6400507,
          23.0369762
        ]
      },
      "id": "node/13324639916"
    },
    {
      "type": "Feature",
      "properties": {
        "@id": "node/13324639917",
        "bus": "yes",
        "highway": "bus_stop",
        "name": "Bapunagar Approach",
        "public_transport": "platform"
      },
      "geometry": {
        "type": "Point",
        "coordinates": [
          72.6392784,
          23.0326239
        ]
      },
      "id": "node/13324639917"
    },
    {
      "type": "Feature",
      "properties": {
        "@id": "node/13324639918",
        "bus": "yes",
        "highway": "bus_stop",
        "name": "Viratnagar",
        "public_transport": "platform"
      },
      "geometry": {
        "type": "Point",
        "coordinates": [
          72.6388022,
          23.0275605
        ]
      },
      "id": "node/13324639918"
    },
    {
      "type": "Feature",
      "properties": {
        "@id": "node/13324639919",
        "bench": "yes",
        "bus": "yes",
        "highway": "bus_stop",
        "name": "Soni ni Chali",
        "public_transport": "platform",
        "shelter": "yes"
      },
      "geometry": {
        "type": "Point",
        "coordinates": [
          72.6384382,
          23.0205533
        ]
      },
      "id": "node/13324639919"
    },
    {
      "type": "Feature",
      "properties": {
        "@id": "node/13324639920",
        "bus": "yes",
        "highway": "bus_stop",
        "name": "Geeta Gauri Cinema",
        "public_transport": "platform"
      },
      "geometry": {
        "type": "Point",
        "coordinates": [
          72.6384534,
          23.0174077
        ]
      },
      "id": "node/13324639920"
    },
    {
      "type": "Feature",
      "properties": {
        "@id": "node/13324639921",
        "bus": "yes",
        "highway": "bus_stop",
        "name": "Rameshwar Park",
        "public_transport": "platform"
      },
      "geometry": {
        "type": "Point",
        "coordinates": [
          72.6384727,
          23.0136638
        ]
      },
      "id": "node/13324639921"
    },
    {
      "type": "Feature",
      "properties": {
        "@id": "node/13324639922",
        "bus": "yes",
        "highway": "bus_stop",
        "name": "Ram Rajya Nagar",
        "public_transport": "platform"
      },
      "geometry": {
        "type": "Point",
        "coordinates": [
          72.6381291,
          23.0080678
        ]
      },
      "id": "node/13324639922"
    },
    {
      "type": "Feature",
      "properties": {
        "@id": "node/13324639923",
        "bus": "yes",
        "highway": "bus_stop",
        "name": "Rabari Colony",
        "public_transport": "platform"
      },
      "geometry": {
        "type": "Point",
        "coordinates": [
          72.6369046,
          23.0043839
        ]
      },
      "id": "node/13324639923"
    },
    {
      "type": "Feature",
      "properties": {
        "@id": "node/13324639924",
        "bus": "yes",
        "highway": "bus_stop",
        "name": "Jogeshwari Society",
        "public_transport": "platform"
      },
      "geometry": {
        "type": "Point",
        "coordinates": [
          72.6356334,
          23.0005139
        ]
      },
      "id": "node/13324639924"
    },
    {
      "type": "Feature",
      "properties": {
        "@id": "node/13324639925",
        "bus": "yes",
        "highway": "bus_stop",
        "name": "Purvdeep Society",
        "public_transport": "platform"
      },
      "geometry": {
        "type": "Point",
        "coordinates": [
          72.6342048,
          22.9961731
        ]
      },
      "id": "node/13324639925"
    },
    {
      "type": "Feature",
      "properties": {
        "@id": "node/13324639926",
        "bus": "yes",
        "highway": "bus_stop",
        "name": "CTM Cross Road",
        "public_transport": "platform"
      },
      "geometry": {
        "type": "Point",
        "coordinates": [
          72.6317678,
          22.9913284
        ]
      },
      "id": "node/13324639926"
    },
    {
      "type": "Feature",
      "properties": {
        "@id": "node/13324639927",
        "bus": "yes",
        "highway": "bus_stop",
        "name": "Express Highway Junction",
        "public_transport": "platform"
      },
      "geometry": {
        "type": "Point",
        "coordinates": [
          72.6276786,
          22.9873084
        ]
      },
      "id": "node/13324639927"
    },
    {
      "type": "Feature",
      "properties": {
        "@id": "node/13324639928",
        "bus": "yes",
        "highway": "bus_stop",
        "name": "Jashodanagar Char Rasta",
        "public_transport": "platform"
      },
      "geometry": {
        "type": "Point",
        "coordinates": [
          72.6239988,
          22.983866
        ]
      },
      "id": "node/13324639928"
    },
    {
      "type": "Feature",
      "properties": {
        "@id": "node/13324639929",
        "bus": "yes",
        "highway": "bus_stop",
        "name": "Ghodasar",
        "public_transport": "platform"
      },
      "geometry": {
        "type": "Point",
        "coordinates": [
          72.6101796,
          22.9785228
        ]
      },
      "id": "node/13324639929"
    },
    {
      "type": "Feature",
      "properties": {
        "@id": "node/13324639930",
        "bus": "yes",
        "highway": "bus_stop",
        "name": "Isanpur",
        "public_transport": "platform"
      },
      "geometry": {
        "type": "Point",
        "coordinates": [
          72.6023849,
          22.976216
        ]
      },
      "id": "node/13324639930"
    },
    {
      "type": "Feature",
      "properties": {
        "@id": "node/13324639931",
        "bus": "yes",
        "highway": "bus_stop",
        "name": "Mukesh Industries",
        "public_transport": "platform"
      },
      "geometry": {
        "type": "Point",
        "coordinates": [
          72.5953065,
          22.9740123
        ]
      },
      "id": "node/13324639931"
    },
    {
      "type": "Feature",
      "properties": {
        "@id": "node/13324639932",
        "bus": "yes",
        "highway": "bus_stop",
        "name": "Narol",
        "public_transport": "platform"
      },
      "geometry": {
        "type": "Point",
        "coordinates": [
          72.5895984,
          22.9729765
        ]
      },
      "id": "node/13324639932"
    },
    {
      "type": "Feature",
      "properties": {
        "@id": "node/13324639933",
        "bus": "yes",
        "highway": "bus_stop",
        "name": "Kashiram Textiles",
        "public_transport": "platform"
      },
      "geometry": {
        "type": "Point",
        "coordinates": [
          72.5867831,
          22.9768712
        ]
      },
      "id": "node/13324639933"
    },
    {
      "type": "Feature",
      "properties": {
        "@id": "node/13324639934",
        "bus": "yes",
        "highway": "bus_stop",
        "name": "Chandola Octroi Naka",
        "public_transport": "platform"
      },
      "geometry": {
        "type": "Point",
        "coordinates": [
          72.5857084,
          22.9821643
        ]
      },
      "id": "node/13324639934"
    },
    {
      "type": "Feature",
      "properties": {
        "@id": "node/13324639935",
        "bus": "yes",
        "highway": "bus_stop",
        "name": "Chandola Lake",
        "public_transport": "platform"
      },
      "geometry": {
        "type": "Point",
        "coordinates": [
          72.5826202,
          22.9864945
        ]
      },
      "id": "node/13324639935"
    },
    {
      "type": "Feature",
      "properties": {
        "@id": "node/13324639936",
        "bus": "yes",
        "highway": "bus_stop",
        "name": "Chhipa Society",
        "public_transport": "platform"
      },
      "geometry": {
        "type": "Point",
        "coordinates": [
          72.5816699,
          22.9915528
        ]
      },
      "id": "node/13324639936"
    },
    {
      "type": "Feature",
      "properties": {
        "@id": "node/13324639937",
        "bus": "yes",
        "highway": "bus_stop",
        "name": "Danilimda Road",
        "public_transport": "platform"
      },
      "geometry": {
        "type": "Point",
        "coordinates": [
          72.5791374,
          22.9961364
        ]
      },
      "id": "node/13324639937"
    },
    {
      "type": "Feature",
      "properties": {
        "@id": "node/13582340756",
        "bus": "yes",
        "departures_board": "timetable",
        "highway": "bus_stop",
        "name": "Sakar School Bus Stop",
        "public_transport": "platform",
        "shelter": "no"
      },
      "geometry": {
        "type": "Point",
        "coordinates": [
          72.5909683,
          23.1091079
        ]
      },
      "id": "node/13582340756"
    },
    {
      "type": "Feature",
      "properties": {
        "@id": "node/13582340757",
        "bus": "yes",
        "departures_board": "timetable",
        "highway": "bus_stop",
        "name": "Sakar School Bus Stop",
        "public_transport": "platform"
      },
      "geometry": {
        "type": "Point",
        "coordinates": [
          72.5910153,
          23.1092205
        ]
      },
      "id": "node/13582340757"
    },
    {
      "type": "Feature",
      "properties": {
        "@id": "node/13582340758",
        "bus": "yes",
        "departures_board": "timetable",
        "highway": "bus_stop",
        "name": "Swagat Bungalows Bus Stop",
        "public_transport": "platform"
      },
      "geometry": {
        "type": "Point",
        "coordinates": [
          72.5927065,
          23.1093569
        ]
      },
      "id": "node/13582340758"
    },
    {
      "type": "Feature",
      "properties": {
        "@id": "node/13582340759",
        "bus": "yes",
        "departures_board": "timetable",
        "highway": "bus_stop",
        "name": "Swagat Bungalows Bus Stop",
        "public_transport": "platform"
      },
      "geometry": {
        "type": "Point",
        "coordinates": [
          72.5929077,
          23.1091859
        ]
      },
      "id": "node/13582340759"
    },
    {
      "type": "Feature",
      "properties": {
        "@id": "node/13831008601",
        "highway": "bus_stop",
        "name": "Sola bridge BRTS"
      },
      "geometry": {
        "type": "Point",
        "coordinates": [
          72.52929,
          23.0651818
        ]
      },
      "id": "node/13831008601"
    },
    {
      "type": "Feature",
      "properties": {
        "@id": "node/13831023302",
        "highway": "bus_stop",
        "name": "Bhadaj circle BRTS"
      },
      "geometry": {
        "type": "Point",
        "coordinates": [
          72.4951871,
          23.0830981
        ]
      },
      "id": "node/13831023302"
    },
    {
      "type": "Feature",
      "properties": {
        "@id": "node/13971550301",
        "highway": "bus_stop",
        "name": "Krishnanagar bus stop"
      },
      "geometry": {
        "type": "Point",
        "coordinates": [
          72.643691,
          23.060079
        ]
      },
      "id": "node/13971550301"
    },
    {
      "type": "Feature",
      "properties": {
        "@id": "node/14065371938",
        "highway": "bus_stop"
      },
      "geometry": {
        "type": "Point",
        "coordinates": [
          72.5901624,
          23.0918799
        ]
      },
      "id": "node/14065371938"
    },
    {
      "type": "Feature",
      "properties": {
        "@id": "node/14065371939",
        "highway": "bus_stop"
      },
      "geometry": {
        "type": "Point",
        "coordinates": [
          72.5900854,
          23.0920986
        ]
      },
      "id": "node/14065371939"
    },
    {
      "type": "Feature",
      "properties": {
        "@id": "node/14065371944",
        "highway": "bus_stop"
      },
      "geometry": {
        "type": "Point",
        "coordinates": [
          72.5885243,
          23.0975286
        ]
      },
      "id": "node/14065371944"
    },
    {
      "type": "Feature",
      "properties": {
        "@id": "node/14065378501",
        "highway": "bus_stop"
      },
      "geometry": {
        "type": "Point",
        "coordinates": [
          72.588619,
          23.0972869
        ]
      },
      "id": "node/14065378501"
    },
    {
      "type": "Feature",
      "properties": {
        "@id": "node/14065537947",
        "bus": "yes",
        "highway": "bus_stop",
        "public_transport": "platform"
      },
      "geometry": {
        "type": "Point",
        "coordinates": [
          72.5866936,
          23.1034258
        ]
      },
      "id": "node/14065537947"
    },
    {
      "type": "Feature",
      "properties": {
        "@id": "node/14065537984",
        "bus": "yes",
        "highway": "bus_stop",
        "public_transport": "platform"
      },
      "geometry": {
        "type": "Point",
        "coordinates": [
          72.5918272,
          23.0861655
        ]
      },
      "id": "node/14065537984"
    },
    {
      "type": "Feature",
      "properties": {
        "@id": "node/14065537993",
        "bus": "yes",
        "highway": "bus_stop",
        "public_transport": "platform"
      },
      "geometry": {
        "type": "Point",
        "coordinates": [
          72.5851226,
          23.1083631
        ]
      },
      "id": "node/14065537993"
    },
    {
      "type": "Feature",
      "properties": {
        "@id": "node/14065559352",
        "bus": "yes",
        "highway": "bus_stop",
        "public_transport": "platform"
      },
      "geometry": {
        "type": "Point",
        "coordinates": [
          72.5919337,
          23.0859657
        ]
      },
      "id": "node/14065559352"
    },
    {
      "type": "Feature",
      "properties": {
        "@id": "node/14065559355",
        "bus": "yes",
        "highway": "bus_stop",
        "public_transport": "platform"
      },
      "geometry": {
        "type": "Point",
        "coordinates": [
          72.5866105,
          23.103616
        ]
      },
      "id": "node/14065559355"
    },
    {
      "type": "Feature",
      "properties": {
        "@id": "node/14065559360",
        "bus": "yes",
        "highway": "bus_stop",
        "public_transport": "platform"
      },
      "geometry": {
        "type": "Point",
        "coordinates": [
          72.5852064,
          23.1081536
        ]
      },
      "id": "node/14065559360"
    },
    {
      "type": "Feature",
      "properties": {
        "@id": "node/14065592772",
        "bench": "yes",
        "bus": "yes",
        "highway": "bus_stop",
        "public_transport": "platform",
        "shelter": "yes"
      },
      "geometry": {
        "type": "Point",
        "coordinates": [
          72.5605965,
          23.0206839
        ]
      },
      "id": "node/14065592772"
    },
    {
      "type": "Feature",
      "properties": {
        "@id": "node/14065980175",
        "bus": "yes",
        "highway": "bus_stop",
        "public_transport": "platform"
      },
      "geometry": {
        "type": "Point",
        "coordinates": [
          72.5951415,
          23.0621384
        ]
      },
      "id": "node/14065980175"
    },
    {
      "type": "Feature",
      "properties": {
        "@id": "node/14066805529",
        "bus": "yes",
        "highway": "bus_stop",
        "public_transport": "platform"
      },
      "geometry": {
        "type": "Point",
        "coordinates": [
          72.5589352,
          23.0239489
        ]
      },
      "id": "node/14066805529"
    },
    {
      "type": "Feature",
      "properties": {
        "@id": "node/14066805535",
        "bus": "yes",
        "highway": "bus_stop",
        "layer": "1",
        "public_transport": "platform"
      },
      "geometry": {
        "type": "Point",
        "coordinates": [
          72.5703788,
          23.0237239
        ]
      },
      "id": "node/14066805535"
    },
    {
      "type": "Feature",
      "properties": {
        "@id": "node/14066805548",
        "bus": "yes",
        "highway": "bus_stop",
        "layer": "1",
        "public_transport": "platform"
      },
      "geometry": {
        "type": "Point",
        "coordinates": [
          72.5701678,
          23.023699
        ]
      },
      "id": "node/14066805548"
    },
    {
      "type": "Feature",
      "properties": {
        "@id": "node/14066805549",
        "bus": "yes",
        "highway": "bus_stop",
        "public_transport": "platform"
      },
      "geometry": {
        "type": "Point",
        "coordinates": [
          72.5591535,
          23.023959
        ]
      },
      "id": "node/14066805549"
    },
    {
      "type": "Feature",
      "properties": {
        "@id": "node/14067660536",
        "bench": "yes",
        "bus": "yes",
        "highway": "bus_stop",
        "kerb": "raised",
        "kerb:approach_aid": "yes",
        "lit": "yes",
        "name": "Municipal Corporation Office",
        "operator": "BRTS",
        "passenger_information_display": "yes",
        "passenger_information_display:speech_output": "no",
        "public_transport": "platform",
        "shelter": "yes",
        "tactile_paving": "yes"
      },
      "geometry": {
        "type": "Point",
        "coordinates": [
          72.5862309,
          23.0196415
        ]
      },
      "id": "node/14067660536"
    },
    {
      "type": "Feature",
      "properties": {
        "@id": "node/14067896007",
        "bus": "yes",
        "highway": "bus_stop",
        "public_transport": "platform"
      },
      "geometry": {
        "type": "Point",
        "coordinates": [
          72.5884581,
          23.018649
        ]
      },
      "id": "node/14067896007"
    },
    {
      "type": "Feature",
      "properties": {
        "@id": "node/14067896008",
        "bus": "yes",
        "highway": "bus_stop",
        "public_transport": "platform"
      },
      "geometry": {
        "type": "Point",
        "coordinates": [
          72.5886857,
          23.0185902
        ]
      },
      "id": "node/14067896008"
    },
    {
      "type": "Feature",
      "properties": {
        "@id": "node/14067896010",
        "bus": "yes",
        "highway": "bus_stop",
        "public_transport": "platform"
      },
      "geometry": {
        "type": "Point",
        "coordinates": [
          72.5807193,
          23.0217848
        ]
      },
      "id": "node/14067896010"
    },
    {
      "type": "Feature",
      "properties": {
        "@id": "node/14067896014",
        "bus": "yes",
        "highway": "bus_stop",
        "public_transport": "platform"
      },
      "geometry": {
        "type": "Point",
        "coordinates": [
          72.580265,
          23.0219756
        ]
      },
      "id": "node/14067896014"
    },
    {
      "type": "Feature",
      "properties": {
        "@id": "node/14067896024",
        "bus": "yes",
        "highway": "bus_stop",
        "public_transport": "platform"
      },
      "geometry": {
        "type": "Point",
        "coordinates": [
          72.5804717,
          23.0219706
        ]
      },
      "id": "node/14067896024"
    },
    {
      "type": "Feature",
      "properties": {
        "@id": "node/14067896029",
        "bus": "yes",
        "highway": "bus_stop",
        "public_transport": "platform"
      },
      "geometry": {
        "type": "Point",
        "coordinates": [
          72.5711271,
          23.0499103
        ]
      },
      "id": "node/14067896029"
    },
    {
      "type": "Feature",
      "properties": {
        "@id": "node/14068187984",
        "bus": "yes",
        "highway": "bus_stop",
        "public_transport": "platform"
      },
      "geometry": {
        "type": "Point",
        "coordinates": [
          72.5786126,
          23.0273329
        ]
      },
      "id": "node/14068187984"
    },
    {
      "type": "Feature",
      "properties": {
        "@id": "node/14068187990",
        "bus": "yes",
        "highway": "bus_stop",
        "public_transport": "platform"
      },
      "geometry": {
        "type": "Point",
        "coordinates": [
          72.5661335,
          23.0215573
        ]
      },
      "id": "node/14068187990"
    },
    {
      "type": "Feature",
      "properties": {
        "@id": "node/14068187993",
        "bus": "yes",
        "highway": "bus_stop",
        "public_transport": "platform"
      },
      "geometry": {
        "type": "Point",
        "coordinates": [
          72.5711213,
          23.0249562
        ]
      },
      "id": "node/14068187993"
    }
  ]
}