{
  "type": "FeatureCollection",
  "generator": "overpass-turbo",
  "copyright": "The data included in this document is from www.openstreetmap.org. The data is made available under ODbL.",
  "timestamp": "2026-08-20T12:50:35Z",
  "features": [
    {
      "type": "Feature",
      "properties": {
        "@id": "way/118695624",
        "addr:city": "Ahmedabad",
        "amenity": "police",
        "name": "Sabarmati Police Station",
        "phone": "+917927506819"
      },
      "geometry": {
        "type": "Polygon",
        "coordinates": [
          [
            [
              72.5913525,
              23.0850518
            ],
            [
              72.59161,
              23.084963
            ],
            [
              72.5918938,
              23.0849983
            ],
            [
              72.5917656,
              23.08557
            ],
            [
              72.5914813,
              23.0855601
            ],
            [
              72.5913525,
              23.0850518
            ]
          ]
        ]
      },
      "id": "way/118695624"
    },
    {
      "type": "Feature",
      "properties": {
        "@id": "way/172152761",
        "leisure": "park",
        "name": "Bhakt Kavi Narsinh Mehta Sarovar",
        "name:en": "St Poet Narsinh Mehta Lake",
        "wikidata": "Q7337023",
        "wikimedia_commons": "Category:Vastrapur Lake",
        "wikipedia": "en:Vastrapur Lake"
      },
      "geometry": {
        "type": "Polygon",
        "coordinates": [
          [
            [
              72.529202,
              23.0391065
            ],
            [
              72.5289769,
              23.0390966
            ],
            [
              72.5290038,
              23.0394458
            ],
            [
              72.5289483,
              23.039441
            ],
            [
              72.5289146,
              23.0394421
            ],
            [
              72.5288899,
              23.0390847
            ],
            [
              72.5280006,
              23.0390682
            ],
            [
              72.5279287,
              23.0390739
            ],
            [
              72.5277445,
              23.0391966
            ],
            [
              72.5276989,
              23.0391015
            ],
            [
              72.5276291,
              23.0389473
            ],
            [
              72.5276196,
              23.0388437
            ],
            [
              72.5276055,
              23.0383245
            ],
            [
              72.5276987,
              23.0379735
            ],
            [
              72.5277579,
              23.0378871
            ],
            [
              72.5278203,
              23.0378501
            ],
            [
              72.5278839,
              23.0378131
            ],
            [
              72.5279416,
              23.0377612
            ],
            [
              72.5280159,
              23.0377482
            ],
            [
              72.52849,
              23.0376131
            ],
            [
              72.5289741,
              23.0375577
            ],
            [
              72.5292318,
              23.03757
            ],
            [
              72.5292868,
              23.0375737
            ],
            [
              72.529398,
              23.037581
            ],
            [
              72.529467,
              23.0375879
            ],
            [
              72.5295138,
              23.0376122
            ],
            [
              72.5300391,
              23.0376201
            ],
            [
              72.5300478,
              23.0377225
            ],
            [
              72.5302037,
              23.0377113
            ],
            [
              72.5301357,
              23.0382179
            ],
            [
              72.5299967,
              23.0386923
            ],
            [
              72.5299344,
              23.0387882
            ],
            [
              72.5298672,
              23.0388918
            ],
            [
              72.5296837,
              23.0390386
            ],
            [
              72.529202,
              23.0391065
            ]
          ]
        ]
      },
      "id": "way/172152761"
    },
    {
      "type": "Feature",
      "properties": {
        "@id": "way/172153337",
        "addr:city": "Ahmedabad",
        "addr:postcode": "380006",
        "leisure": "park",
        "name": "Law Garden",
        "opening_hours": "Mo-Su 05:00-12:00,14:00-22:00",
        "type": "boundary",
        "wikidata": "Q6503350",
        "wikimedia_commons": "Category:Law Garden",
        "wikipedia": "en:Law garden"
      },
      "geometry": {
        "type": "Polygon",
        "coordinates": [
          [
            [
              72.5597556,
              23.0251093
            ],
            [
              72.5597634,
              23.0250508
            ],
            [
              72.559814,
              23.0249978
            ],
            [
              72.5599292,
              23.0249543
            ],
            [
              72.5599483,
              23.0249578
            ],
            [
              72.5604207,
              23.02528
            ],
            [
              72.5611557,
              23.0257739
            ],
            [
              72.5616164,
              23.0260227
            ],
            [
              72.5619524,
              23.0261577
            ],
            [
              72.5621364,
              23.026224
            ],
            [
              72.5621564,
              23.0263384
            ],
            [
              72.5621339,
              23.0264505
            ],
            [
              72.5618963,
              23.0267528
            ],
            [
              72.5616531,
              23.0270451
            ],
            [
              72.5613364,
              23.0274125
            ],
            [
              72.5610225,
              23.0277532
            ],
            [
              72.5608214,
              23.027926
            ],
            [
              72.560765,
              23.0279433
            ],
            [
              72.5607087,
              23.0279383
            ],
            [
              72.5606634,
              23.0279288
            ],
            [
              72.5606256,
              23.0278865
            ],
            [
              72.5605507,
              23.0277437
            ],
            [
              72.5602849,
              23.027262
            ],
            [
              72.5601562,
              23.0269559
            ],
            [
              72.5599821,
              23.0264551
            ],
            [
              72.5598692,
              23.0259759
            ],
            [
              72.559797,
              23.0255838
            ],
            [
              72.5597556,
              23.0251093
            ]
          ]
        ]
      },
      "id": "way/172153337"
    },
    {
      "type": "Feature",
      "properties": {
        "@id": "way/172153457",
        "leisure": "park",
        "name": "Lion Sharad Mehta Garden"
      },
      "geometry": {
        "type": "Polygon",
        "coordinates": [
          [
            [
              72.5477414,
              23.0458836
            ],
            [
              72.5473032,
              23.0459371
            ],
            [
              72.5469464,
              23.0442662
            ],
            [
              72.5473166,
              23.0440243
            ],
            [
              72.5473783,
              23.0440194
            ],
            [
              72.5474186,
              23.0440618
            ],
            [
              72.5477414,
              23.0458836
            ]
          ]
        ]
      },
      "id": "way/172153457"
    },
    {
      "type": "Feature",
      "properties": {
        "@id": "way/172640658",
        "leisure": "park",
        "name": "Naginawadi"
      },
      "geometry": {
        "type": "Polygon",
        "coordinates": [
          [
            [
              72.6007155,
              23.0066488
            ],
            [
              72.6007275,
              23.0058698
            ],
            [
              72.6007738,
              23.0058442
            ],
            [
              72.6008158,
              23.005831
            ],
            [
              72.6009645,
              23.0058199
            ],
            [
              72.6010362,
              23.0058091
            ],
            [
              72.6010728,
              23.0057799
            ],
            [
              72.601085,
              23.0057262
            ],
            [
              72.6010675,
              23.0039653
            ],
            [
              72.6010848,
              23.0039309
            ],
            [
              72.6011035,
              23.00391
            ],
            [
              72.6011268,
              23.0038968
            ],
            [
              72.6011546,
              23.0038901
            ],
            [
              72.6012257,
              23.0038823
            ],
            [
              72.6012852,
              23.0038962
            ],
            [
              72.6013171,
              23.0039166
            ],
            [
              72.6013381,
              23.0039305
            ],
            [
              72.60136,
              23.003956
            ],
            [
              72.6013673,
              23.0039798
            ],
            [
              72.6013551,
              23.0057603
            ],
            [
              72.6013573,
              23.0057822
            ],
            [
              72.6013706,
              23.005801
            ],
            [
              72.6013896,
              23.0058136
            ],
            [
              72.6015887,
              23.0058085
            ],
            [
              72.6016529,
              23.005814
            ],
            [
              72.6017108,
              23.0058588
            ],
            [
              72.6017295,
              23.0059051
            ],
            [
              72.6017409,
              23.0059737
            ],
            [
              72.6017069,
              23.0066639
            ],
            [
              72.6016723,
              23.0067244
            ],
            [
              72.6016169,
              23.0067432
            ],
            [
              72.6008373,
              23.0067452
            ],
            [
              72.6007839,
              23.0067374
            ],
            [
              72.600746,
              23.0067093
            ],
            [
              72.6007155,
              23.0066488
            ]
          ]
        ]
      },
      "id": "way/172640658"
    },
    {
      "type": "Feature",
      "properties": {
        "@id": "way/219744447",
        "leisure": "park",
        "name": "AUDA Garden"
      },
      "geometry": {
        "type": "Polygon",
        "coordinates": [
          [
            [
              72.5259046,
              23.0647678
            ],
            [
              72.5259019,
              23.064035
            ],
            [
              72.5265242,
              23.0640695
            ],
            [
              72.5264679,
              23.0647999
            ],
            [
              72.5259046,
              23.0647678
            ]
          ]
        ]
      },
      "id": "way/219744447"
    },
    {
      "type": "Feature",
      "properties": {
        "@id": "way/229021483",
        "amenity": "events_venue",
        "leisure": "park",
        "name": "Bagban Party Plot"
      },
      "geometry": {
        "type": "Polygon",
        "coordinates": [
          [
            [
              72.4984346,
              23.0506155
            ],
            [
              72.498904,
              23.0505563
            ],
            [
              72.4990435,
              23.0508895
            ],
            [
              72.4991079,
              23.051277
            ],
            [
              72.4985339,
              23.0513658
            ],
            [
              72.4984346,
              23.0506155
            ]
          ]
        ]
      },
      "id": "way/229021483"
    },
    {
      "type": "Feature",
      "properties": {
        "@id": "way/229021982",
        "amenity": "fire_station",
        "building": "yes",
        "name": "Thaltej Fire Dpt."
      },
      "geometry": {
        "type": "Polygon",
        "coordinates": [
          [
            [
              72.499022,
              23.053882
            ],
            [
              72.4989847,
              23.0536516
            ],
            [
              72.4991901,
              23.0536235
            ],
            [
              72.4992273,
              23.0538538
            ],
            [
              72.499022,
              23.053882
            ]
          ]
        ]
      },
      "id": "way/229021982"
    },
    {
      "type": "Feature",
      "properties": {
        "@id": "way/229082078",
        "landuse": "garden",
        "leisure": "park",
        "name": "Morarji Desai Park",
        "name:etymology:wikidata": "Q218661"
      },
      "geometry": {
        "type": "Polygon",
        "coordinates": [
          [
            [
              72.5820123,
              23.0614318
            ],
            [
              72.5825288,
              23.0610418
            ],
            [
              72.5830961,
              23.0614805
            ],
            [
              72.5824626,
              23.0619314
            ],
            [
              72.5823854,
              23.0619334
            ],
            [
              72.5821999,
              23.0618035
            ],
            [
              72.5820123,
              23.0614318
            ]
          ]
        ]
      },
      "id": "way/229082078"
    },
    {
      "type": "Feature",
      "properties": {
        "@id": "way/294809276",
        "leisure": "park"
      },
      "geometry": {
        "type": "Polygon",
        "coordinates": [
          [
            [
              72.558684,
              23.0797433
            ],
            [
              72.5587146,
              23.0795776
            ],
            [
              72.5587269,
              23.0794176
            ],
            [
              72.5592717,
              23.0794531
            ],
            [
              72.5592365,
              23.0797828
            ],
            [
              72.558684,
              23.0797433
            ]
          ]
        ]
      },
      "id": "way/294809276"
    },
    {
      "type": "Feature",
      "properties": {
        "@id": "way/312551684",
        "addr:postcode": "380006",
        "alt_name": "Pari Trikamalal Bhogilal Garden",
        "leisure": "park",
        "name": "Parimal Garden",
        "opening_hours": "Mo-Su 06:00-22:00",
        "wikidata": "Q120949302",
        "wikimedia_commons": "Category:Parimal_Garden",
        "wikipedia": "en:Parimal Garden, Ahmedabad"
      },
      "geometry": {
        "type": "Polygon",
        "coordinates": [
          [
            [
              72.55534,
              23.019905
            ],
            [
              72.5553003,
              23.0198079
            ],
            [
              72.555279,
              23.0197569
            ],
            [
              72.5552446,
              23.0196634
            ],
            [
              72.5553532,
              23.0196276
            ],
            [
              72.5555034,
              23.0195424
            ],
            [
              72.5562544,
              23.0192943
            ],
            [
              72.5563523,
              23.0192869
            ],
            [
              72.556477,
              23.0192857
            ],
            [
              72.5565588,
              23.0193129
            ],
            [
              72.5566527,
              23.0193437
            ],
            [
              72.5568512,
              23.0194276
            ],
            [
              72.5569612,
              23.0194795
            ],
            [
              72.5570121,
              23.0195066
            ],
            [
              72.5570873,
              23.0195527
            ],
            [
              72.5572362,
              23.0196655
            ],
            [
              72.5572723,
              23.0197041
            ],
            [
              72.5572885,
              23.0197559
            ],
            [
              72.557275,
              23.0198201
            ],
            [
              72.5572133,
              23.0200287
            ],
            [
              72.5567507,
              23.0211318
            ],
            [
              72.5565723,
              23.0215704
            ],
            [
              72.5564784,
              23.0215568
            ],
            [
              72.5563087,
              23.0214886
            ],
            [
              72.5561415,
              23.0213936
            ],
            [
              72.5558952,
              23.0212545
            ],
            [
              72.555722,
              23.0211568
            ],
            [
              72.5556354,
              23.0210998
            ],
            [
              72.5555973,
              23.0211248
            ],
            [
              72.5553907,
              23.0210023
            ],
            [
              72.5553358,
              23.020968
            ],
            [
              72.5552985,
              23.0209337
            ],
            [
              72.5552526,
              23.0208915
            ],
            [
              72.5552285,
              23.020815
            ],
            [
              72.5551775,
              23.020699
            ],
            [
              72.5551453,
              23.0205953
            ],
            [
              72.5550863,
              23.0204694
            ],
            [
              72.555038,
              23.0203385
            ],
            [
              72.5549724,
              23.0201263
            ],
            [
              72.5552298,
              23.0201318
            ],
            [
              72.5551621,
              23.0199677
            ],
            [
              72.5552246,
              23.0199452
            ],
            [
              72.55534,
              23.019905
            ]
          ]
        ]
      },
      "id": "way/312551684"
    },
    {
      "type": "Feature",
      "properties": {
        "@id": "way/314446428",
        "access": "yes",
        "garden:type": "community",
        "leisure": "park",
        "name": "Lokmanya Tilak Garden (Victoria Garden)",
        "name:etymology:wikidata": "Q9439",
        "name:gu": "લોકમાન્ય તિલક બાગ (વિક્ટૉરીયા ગાર્ડન)વિક્ટૉરીયા",
        "opening_hours": "06:00-12:30, 14:00-22:30",
        "operator": "U N Mehta Foundation",
        "operator:type": "private_non_profit",
        "wikidata": "Q128505124"
      },
      "geometry": {
        "type": "Polygon",
        "coordinates": [
          [
            [
              72.5797337,
              23.0218925
            ],
            [
              72.5796184,
              23.0218805
            ],
            [
              72.5794236,
              23.0218817
            ],
            [
              72.5790498,
              23.0218458
            ],
            [
              72.5785812,
              23.0218214
            ],
            [
              72.5784301,
              23.0217809
            ],
            [
              72.5783398,
              23.0217302
            ],
            [
              72.578292,
              23.0216869
            ],
            [
              72.578216,
              23.0216011
            ],
            [
              72.5781,
              23.0214207
            ],
            [
              72.5780346,
              23.0213203
            ],
            [
              72.577991,
              23.0211899
            ],
            [
              72.578037,
              23.021044
            ],
            [
              72.5781073,
              23.0208209
            ],
            [
              72.5782776,
              23.020849
            ],
            [
              72.5783483,
              23.0205372
            ],
            [
              72.5784395,
              23.020465
            ],
            [
              72.5787101,
              23.0204427
            ],
            [
              72.5788779,
              23.020433
            ],
            [
              72.5790454,
              23.0204231
            ],
            [
              72.5792438,
              23.0204062
            ],
            [
              72.5795066,
              23.0204096
            ],
            [
              72.5797977,
              23.0204034
            ],
            [
              72.5798944,
              23.0208742
            ],
            [
              72.5799581,
              23.0210305
            ],
            [
              72.580034,
              23.02117
            ],
            [
              72.5800887,
              23.0212999
            ],
            [
              72.5801159,
              23.0214456
            ],
            [
              72.580137,
              23.0217049
            ],
            [
              72.5801192,
              23.0218658
            ],
            [
              72.5799651,
              23.0218709
            ],
            [
              72.5798096,
              23.0218902
            ],
            [
              72.5797337,
              23.0218925
            ]
          ]
        ]
      },
      "id": "way/314446428"
    },
    {
      "type": "Feature",
      "properties": {
        "@id": "way/317476729",
        "leisure": "park",
        "name": "Rasala Nature Park"
      },
      "geometry": {
        "type": "Polygon",
        "coordinates": [
          [
            [
              72.5584004,
              23.0237443
            ],
            [
              72.5584581,
              23.0236863
            ],
            [
              72.5584895,
              23.023638
            ],
            [
              72.5586312,
              23.0234208
            ],
            [
              72.559182,
              23.0218612
            ],
            [
              72.5593447,
              23.0218805
            ],
            [
              72.5594339,
              23.0218467
            ],
            [
              72.55967,
              23.0209872
            ],
            [
              72.5602575,
              23.0210307
            ],
            [
              72.5598431,
              23.0224068
            ],
            [
              72.5595231,
              23.0237587
            ],
            [
              72.5594391,
              23.0237781
            ],
            [
              72.5593447,
              23.0237925
            ],
            [
              72.5590719,
              23.0238119
            ],
            [
              72.5588358,
              23.0238263
            ],
            [
              72.5586627,
              23.0238263
            ],
            [
              72.5585053,
              23.0238022
            ],
            [
              72.5584004,
              23.0237443
            ]
          ]
        ]
      },
      "id": "way/317476729"
    },
    {
      "type": "Feature",
      "properties": {
        "@id": "way/317787177",
        "addr:postcode": "380007",
        "leisure": "park",
        "name": "Bansidhar Garden",
        "opening_hours": "Mo-Su 05:00-12:00,16:00-22:00"
      },
      "geometry": {
        "type": "Polygon",
        "coordinates": [
          [
            [
              72.5537951,
              23.0004235
            ],
            [
              72.5542728,
              22.9994941
            ],
            [
              72.5553169,
              22.999961
            ],
            [
              72.5548096,
              23.0009267
            ],
            [
              72.5537951,
              23.0004235
            ]
          ]
        ]
      },
      "id": "way/317787177"
    },
    {
      "type": "Feature",
      "properties": {
        "@id": "way/318335636",
        "addr:city": "Ahmedabad",
        "addr:country": "IN",
        "addr:state": "Gujarat",
        "addr:street": "Jawaharlal Nehru Road",
        "amenity": "police",
        "name": "Vejalpur Police Station",
        "postal_code": "380055"
      },
      "geometry": {
        "type": "Polygon",
        "coordinates": [
          [
            [
              72.536879,
              22.9963619
            ],
            [
              72.5372042,
              22.9964412
            ],
            [
              72.5375493,
              22.9965231
            ],
            [
              72.5374355,
              22.9967425
            ],
            [
              72.5372835,
              22.9970553
            ],
            [
              72.5372735,
              22.9970759
            ],
            [
              72.5369966,
              22.9970141
            ],
            [
              72.5369436,
              22.9969221
            ],
            [
              72.5368878,
              22.9968086
            ],
            [
              72.53682,
              22.996715
            ],
            [
              72.536879,
              22.9963619
            ]
          ]
        ]
      },
      "id": "way/318335636"
    },
    {
      "type": "Feature",
      "properties": {
        "@id": "way/318335637",
        "addr:city": "Ahmedabad",
        "addr:country": "IN",
        "amenity": "police",
        "building": "public",
        "building:colour": "beige;blue",
        "building:levels": "2",
        "building:material": "plaster",
        "name": "Naranpura Police Station",
        "phone": "+917927472043",
        "postal_code": "3800013",
        "roof:material": "concrete",
        "roof:shape": "flat"
      },
      "geometry": {
        "type": "Polygon",
        "coordinates": [
          [
            [
              72.5660608,
              23.0634652
            ],
            [
              72.5661646,
              23.0633411
            ],
            [
              72.566353,
              23.0634744
            ],
            [
              72.5662491,
              23.0635986
            ],
            [
              72.5660608,
              23.0634652
            ]
          ]
        ]
      },
      "id": "way/318335637"
    },
    {
      "type": "Feature",
      "properties": {
        "@id": "way/318335639",
        "addr:city": "ahmedabad",
        "amenity": "police",
        "name": "Satelite Police Station"
      },
      "geometry": {
        "type": "Polygon",
        "coordinates": [
          [
            [
              72.5105392,
              23.0277587
            ],
            [
              72.5105709,
              23.0274689
            ],
            [
              72.5106715,
              23.0274616
            ],
            [
              72.5109916,
              23.0274835
            ],
            [
              72.5112986,
              23.0274933
            ],
            [
              72.511452,
              23.0275055
            ],
            [
              72.5114467,
              23.0277295
            ],
            [
              72.5112694,
              23.0277173
            ],
            [
              72.5112377,
              23.0279243
            ],
            [
              72.5108699,
              23.0278902
            ],
            [
              72.5108858,
              23.0277952
            ],
            [
              72.5105392,
              23.0277587
            ]
          ]
        ]
      },
      "id": "way/318335639"
    },
    {
      "type": "Feature",
      "properties": {
        "@id": "way/318359719",
        "amenity": "police",
        "building": "yes",
        "name": "Karanj Police Station"
      },
      "geometry": {
        "type": "Polygon",
        "coordinates": [
          [
            [
              72.5837343,
              23.0306804
            ],
            [
              72.5837775,
              23.0306731
            ],
            [
              72.5839727,
              23.0306282
            ],
            [
              72.5843217,
              23.0305451
            ],
            [
              72.5843095,
              23.030498
            ],
            [
              72.5844754,
              23.0304676
            ],
            [
              72.5845053,
              23.0305518
            ],
            [
              72.5845286,
              23.030658
            ],
            [
              72.5842582,
              23.030718
            ],
            [
              72.5842753,
              23.0307832
            ],
            [
              72.5841889,
              23.0308035
            ],
            [
              72.5841752,
              23.0307517
            ],
            [
              72.5837892,
              23.030831
            ],
            [
              72.5837343,
              23.0306804
            ]
          ]
        ]
      },
      "id": "way/318359719"
    },
    {
      "type": "Feature",
      "properties": {
        "@id": "way/318379671",
        "addr:city": "Ahmedabad",
        "addr:postcode": "380059",
        "addr:street": "Satya Marg",
        "amenity": "police",
        "building": "public",
        "building:colour": "beige",
        "building:levels": "2",
        "building:material": "plaster",
        "name": "Vastrapur Police Station",
        "roof:material": "concrete",
        "roof:shape": "flat"
      },
      "geometry": {
        "type": "Polygon",
        "coordinates": [
          [
            [
              72.5232228,
              23.049026
            ],
            [
              72.5232701,
              23.0490437
            ],
            [
              72.5233077,
              23.0490894
            ],
            [
              72.5232757,
              23.0491167
            ],
            [
              72.5232997,
              23.0491396
            ],
            [
              72.5233294,
              23.0491093
            ],
            [
              72.5233703,
              23.0491617
            ],
            [
              72.5233975,
              23.0491647
            ],
            [
              72.5233967,
              23.0492082
            ],
            [
              72.5233607,
              23.0492074
            ],
            [
              72.5233615,
              23.0492281
            ],
            [
              72.5233134,
              23.0492679
            ],
            [
              72.5232933,
              23.0492429
            ],
            [
              72.5232669,
              23.0492665
            ],
            [
              72.5232933,
              23.0492886
            ],
            [
              72.5232396,
              23.0493306
            ],
            [
              72.5231426,
              23.0492414
            ],
            [
              72.5231851,
              23.0491964
            ],
            [
              72.5232027,
              23.0492111
            ],
            [
              72.5232244,
              23.0492333
            ],
            [
              72.5232067,
              23.0492488
            ],
            [
              72.5232228,
              23.049265
            ],
            [
              72.5232404,
              23.0492547
            ],
            [
              72.523226,
              23.0492414
            ],
            [
              72.523242,
              23.0492325
            ],
            [
              72.5232548,
              23.0492192
            ],
            [
              72.5232308,
              23.0491927
            ],
            [
              72.523258,
              23.0491765
            ],
            [
              72.5232292,
              23.0491514
            ],
            [
              72.5232532,
              23.0491322
            ],
            [
              72.5232164,
              23.0490924
            ],
            [
              72.5231763,
              23.0491307
            ],
            [
              72.523133,
              23.0490938
            ],
            [
              72.5232228,
              23.049026
            ]
          ]
        ]
      },
      "id": "way/318379671"
    },
    {
      "type": "Feature",
      "properties": {
        "@id": "way/318490584",
        "addr:city": "Ahmedabad",
        "addr:country": "IN",
        "addr:postcode": "380023",
        "addr:state": "Gujarat",
        "addr:street": "Rakhial Road",
        "amenity": "police"
      },
      "geometry": {
        "type": "Polygon",
        "coordinates": [
          [
            [
              72.6226704,
              23.0215398
            ],
            [
              72.6226636,
              23.0214722
            ],
            [
              72.6227114,
              23.0214282
            ],
            [
              72.6228685,
              23.0213842
            ],
            [
              72.6228907,
              23.0212631
            ],
            [
              72.6229556,
              23.0212678
            ],
            [
              72.6229368,
              23.0214392
            ],
            [
              72.6229266,
              23.0214533
            ],
            [
              72.6229181,
              23.0214706
            ],
            [
              72.6226704,
              23.0215398
            ]
          ]
        ]
      },
      "id": "way/318490584"
    },
    {
      "type": "Feature",
      "properties": {
        "@id": "way/318502779",
        "addr:city": "Ahmedabad",
        "addr:country": "IN",
        "addr:state": "Gujarat",
        "amenity": "police",
        "building": "public",
        "building:colour": "white;blue",
        "building:levels": "2",
        "building:material": "plaster",
        "name": "Navarangpura Police Station",
        "postal_code": "380009",
        "roof:material": "concrete",
        "roof:shape": "flat"
      },
      "geometry": {
        "type": "Polygon",
        "coordinates": [
          [
            [
              72.5673398,
              23.0349245
            ],
            [
              72.5673652,
              23.0350179
            ],
            [
              72.5673496,
              23.0350682
            ],
            [
              72.5671348,
              23.0350933
            ],
            [
              72.5670919,
              23.0350592
            ],
            [
              72.5670802,
              23.0350107
            ],
            [
              72.5670841,
              23.034955
            ],
            [
              72.5673398,
              23.0349245
            ]
          ]
        ]
      },
      "id": "way/318502779"
    },
    {
      "type": "Feature",
      "properties": {
        "@id": "way/318505023",
        "addr:city": "Ahmedabad",
        "addr:country": "IN",
        "addr:postcode": "380008",
        "addr:state": "Gujarat",
        "addr:street": "Lala Lajpat Rai Marg",
        "amenity": "police",
        "name": "Maninagar Police Station"
      },
      "geometry": {
        "type": "Polygon",
        "coordinates": [
          [
            [
              72.6020128,
              22.9985213
            ],
            [
              72.6023131,
              22.9983112
            ],
            [
              72.6025205,
              22.9981955
            ],
            [
              72.6026462,
              22.9984618
            ],
            [
              72.6022289,
              22.9987044
            ],
            [
              72.6020128,
              22.9985213
            ]
          ]
        ]
      },
      "id": "way/318505023"
    },
    {
      "type": "Feature",
      "properties": {
        "@id": "way/318506394",
        "addr:postcode": "380008",
        "addr:street": "Khokhra Road",
        "amenity": "police",
        "building": "yes",
        "name": "Khokhra Police Station"
      },
      "geometry": {
        "type": "Polygon",
        "coordinates": [
          [
            [
              72.6197441,
              23.0016068
            ],
            [
              72.619763,
              23.0017075
            ],
            [
              72.6196286,
              23.0017183
            ],
            [
              72.619617,
              23.0016243
            ],
            [
              72.6197441,
              23.0016068
            ]
          ]
        ]
      },
      "id": "way/318506394"
    },
    {
      "type": "Feature",
      "properties": {
        "@id": "way/318515858",
        "addr:city": "Ahmedabad",
        "addr:country": "IN",
        "addr:postcode": "382405",
        "amenity": "police",
        "name": "Danilimda Police Station"
      },
      "geometry": {
        "type": "Polygon",
        "coordinates": [
          [
            [
              72.5811888,
              22.9990084
            ],
            [
              72.5812869,
              22.998968
            ],
            [
              72.5813191,
              22.9990353
            ],
            [
              72.5812093,
              22.9990643
            ],
            [
              72.5811888,
              22.9990084
            ]
          ]
        ]
      },
      "id": "way/318515858"
    },
    {
      "type": "Feature",
      "properties": {
        "@id": "way/318515859",
        "addr:city": "ahmedabad",
        "addr:country": "IN",
        "addr:postcode": "380021",
        "amenity": "police",
        "name": "Gomptipur Police Station"
      },
      "geometry": {
        "type": "Polygon",
        "coordinates": [
          [
            [
              72.6121373,
              23.021032
            ],
            [
              72.6121666,
              23.0209331
            ],
            [
              72.6124047,
              23.0209996
            ],
            [
              72.6123813,
              23.0210895
            ],
            [
              72.6121373,
              23.021032
            ]
          ]
        ]
      },
      "id": "way/318515859"
    },
    {
      "type": "Feature",
      "properties": {
        "@id": "way/318517265",
        "addr:city": "Ahmedabad",
        "addr:country": "IN",
        "amenity": "police",
        "name": "Bapunagar Police Station",
        "phone": "+917922700585",
        "postal_code": "380024"
      },
      "geometry": {
        "type": "Polygon",
        "coordinates": [
          [
            [
              72.631531,
              23.0322224
            ],
            [
              72.6316059,
              23.0325802
            ],
            [
              72.631182,
              23.0326491
            ],
            [
              72.6311071,
              23.0322935
            ],
            [
              72.631531,
              23.0322224
            ]
          ]
        ]
      },
      "id": "way/318517265"
    },
    {
      "type": "Feature",
      "properties": {
        "@id": "way/318519000",
        "addr:city": "Ahmedabad",
        "addr:country": "IN",
        "addr:postcode": "382440",
        "amenity": "police",
        "name": "Vatva Police Station"
      },
      "geometry": {
        "type": "Polygon",
        "coordinates": [
          [
            [
              72.6117877,
              22.9576674
            ],
            [
              72.6117697,
              22.9577615
            ],
            [
              72.6116593,
              22.9577526
            ],
            [
              72.6116689,
              22.9576535
            ],
            [
              72.6117877,
              22.9576674
            ]
          ]
        ]
      },
      "id": "way/318519000"
    },
    {
      "type": "Feature",
      "properties": {
        "@id": "way/322227184",
        "leisure": "park"
      },
      "geometry": {
        "type": "Polygon",
        "coordinates": [
          [
            [
              72.5983018,
              23.0541696
            ],
            [
              72.5984012,
              23.0541849
            ],
            [
              72.5985006,
              23.054256
            ],
            [
              72.5985669,
              23.0543373
            ],
            [
              72.5985779,
              23.054444
            ],
            [
              72.5985614,
              23.0545304
            ],
            [
              72.5985393,
              23.0546066
            ],
            [
              72.598462,
              23.0546676
            ],
            [
              72.5983902,
              23.0546829
            ],
            [
              72.5982797,
              23.054693
            ],
            [
              72.5981472,
              23.0546371
            ],
            [
              72.5980864,
              23.0545507
            ],
            [
              72.5980588,
              23.0544643
            ],
            [
              72.5980754,
              23.054383
            ],
            [
              72.598103,
              23.0542916
            ],
            [
              72.5981692,
              23.0542306
            ],
            [
              72.598241,
              23.0541747
            ],
            [
              72.5983018,
              23.0541696
            ]
          ]
        ]
      },
      "id": "way/322227184"
    },
    {
      "type": "Feature",
      "properties": {
        "@id": "way/322229998",
        "amenity": "police",
        "name": "Shahibaug Police Station"
      },
      "geometry": {
        "type": "Polygon",
        "coordinates": [
          [
            [
              72.5896036,
              23.0493838
            ],
            [
              72.589622,
              23.0501786
            ],
            [
              72.5882033,
              23.0501887
            ],
            [
              72.5881518,
              23.0493939
            ],
            [
              72.5883466,
              23.0493838
            ],
            [
              72.588354,
              23.0494988
            ],
            [
              72.5885083,
              23.0495461
            ],
            [
              72.589045,
              23.049536
            ],
            [
              72.5890523,
              23.0493804
            ],
            [
              72.5896036,
              23.0493838
            ]
          ]
        ]
      },
      "id": "way/322229998"
    },
    {
      "type": "Feature",
      "properties": {
        "@id": "way/326490209",
        "leisure": "park",
        "name": "Bhogilal Mistry (Lotikaka) Park",
        "start_date": "2007-08-27"
      },
      "geometry": {
        "type": "Polygon",
        "coordinates": [
          [
            [
              72.5792228,
              23.0430533
            ],
            [
              72.5794006,
              23.0423704
            ],
            [
              72.5794181,
              23.0423032
            ],
            [
              72.5799453,
              23.0422384
            ],
            [
              72.5799801,
              23.0423519
            ],
            [
              72.5801364,
              23.0428625
            ],
            [
              72.5792228,
              23.0430533
            ]
          ]
        ]
      },
      "id": "way/326490209"
    },
    {
      "type": "Feature",
      "properties": {
        "@id": "way/326736137",
        "leisure": "park",
        "name": "Uttamnagar Garden"
      },
      "geometry": {
        "type": "Polygon",
        "coordinates": [
          [
            [
              72.6067942,
              22.991576
            ],
            [
              72.6070279,
              22.9916326
            ],
            [
              72.6072202,
              22.9917672
            ],
            [
              72.607342,
              22.9919593
            ],
            [
              72.6073746,
              22.9921797
            ],
            [
              72.6073131,
              22.9923948
            ],
            [
              72.6071669,
              22.9925719
            ],
            [
              72.6069582,
              22.992684
            ],
            [
              72.6067188,
              22.992714
            ],
            [
              72.6065711,
              22.9926782
            ],
            [
              72.6064852,
              22.9926574
            ],
            [
              72.6063834,
              22.9925862
            ],
            [
              72.6062928,
              22.9925228
            ],
            [
              72.6061711,
              22.9923307
            ],
            [
              72.6061435,
              22.9921103
            ],
            [
              72.6061999,
              22.9918952
            ],
            [
              72.6063461,
              22.9917181
            ],
            [
              72.6065548,
              22.9916061
            ],
            [
              72.6067942,
              22.991576
            ]
          ]
        ]
      },
      "id": "way/326736137"
    },
    {
      "type": "Feature",
      "properties": {
        "@id": "way/326848214",
        "addr:city": "Ahmedabad",
        "amenity": "police",
        "name": "Karanj Police Station",
        "postal_code": "380001"
      },
      "geometry": {
        "type": "Polygon",
        "coordinates": [
          [
            [
              72.5839054,
              23.0310807
            ],
            [
              72.5837107,
              23.0306865
            ],
            [
              72.5837548,
              23.030622
            ],
            [
              72.5844713,
              23.0304429
            ],
            [
              72.5848763,
              23.0304309
            ],
            [
              72.5848815,
              23.0310019
            ],
            [
              72.5839054,
              23.0310807
            ]
          ]
        ]
      },
      "id": "way/326848214"
    },
    {
      "type": "Feature",
      "properties": {
        "@id": "way/326849509",
        "leisure": "park",
        "name": "Childrens Traffic Park"
      },
      "geometry": {
        "type": "Polygon",
        "coordinates": [
          [
            [
              72.5778036,
              23.0270066
            ],
            [
              72.5778955,
              23.0257254
            ],
            [
              72.5790123,
              23.0257746
            ],
            [
              72.5789789,
              23.0263286
            ],
            [
              72.5804969,
              23.0263655
            ],
            [
              72.5804969,
              23.0269932
            ],
            [
              72.5802695,
              23.0271779
            ],
            [
              72.5778036,
              23.0270066
            ]
          ]
        ]
      },
      "id": "way/326849509"
    },
    {
      "type": "Feature",
      "properties": {
        "@id": "way/330926672",
        "leisure": "park",
        "name": "Sukhipura Park"
      },
      "geometry": {
        "type": "Polygon",
        "coordinates": [
          [
            [
              72.5510489,
              23.0128911
            ],
            [
              72.5510243,
              23.0121714
            ],
            [
              72.5513303,
              23.0121831
            ],
            [
              72.552172,
              23.0122063
            ],
            [
              72.5521408,
              23.0128812
            ],
            [
              72.5510489,
              23.0128911
            ]
          ]
        ]
      },
      "id": "way/330926672"
    },
    {
      "type": "Feature",
      "properties": {
        "@id": "way/333819585",
        "leisure": "park"
      },
      "geometry": {
        "type": "Polygon",
        "coordinates": [
          [
            [
              72.5769835,
              23.0272141
            ],
            [
              72.5780367,
              23.0272843
            ],
            [
              72.5781203,
              23.0274113
            ],
            [
              72.5780658,
              23.0274548
            ],
            [
              72.5769799,
              23.027428
            ],
            [
              72.5769835,
              23.0272141
            ]
          ]
        ]
      },
      "id": "way/333819585"
    },
    {
      "type": "Feature",
      "properties": {
        "@id": "way/334470472",
        "leisure": "park"
      },
      "geometry": {
        "type": "Polygon",
        "coordinates": [
          [
            [
              72.5372597,
              23.0471207
            ],
            [
              72.5370031,
              23.0472136
            ],
            [
              72.5369812,
              23.0471431
            ],
            [
              72.5372512,
              23.0470804
            ],
            [
              72.5372597,
              23.0471207
            ]
          ]
        ]
      },
      "id": "way/334470472"
    },
    {
      "type": "Feature",
      "properties": {
        "@id": "way/334995867",
        "leisure": "park",
        "name": "Sukan Udyan",
        "name:en": "Sukan Park",
        "opening_hours": "Mo-Su 06:00-12:00,16:00-22:00"
      },
      "geometry": {
        "type": "Polygon",
        "coordinates": [
          [
            [
              72.5401792,
              23.0188614
            ],
            [
              72.5408833,
              23.0189145
            ],
            [
              72.5408524,
              23.0190713
            ],
            [
              72.5414371,
              23.0191706
            ],
            [
              72.5412769,
              23.0195181
            ],
            [
              72.5411797,
              23.0197588
            ],
            [
              72.5404905,
              23.0196785
            ],
            [
              72.5401711,
              23.0196403
            ],
            [
              72.5401792,
              23.0188614
            ]
          ]
        ]
      },
      "id": "way/334995867"
    },
    {
      "type": "Feature",
      "properties": {
        "@id": "way/335743759",
        "leisure": "park",
        "name": "Trikonya Garden",
        "name:en": "Triangular Garden",
        "operator": "Municipality",
        "operator:type": "government"
      },
      "geometry": {
        "type": "Polygon",
        "coordinates": [
          [
            [
              72.5490669,
              23.0254601
            ],
            [
              72.5495472,
              23.0250673
            ],
            [
              72.5497916,
              23.0251038
            ],
            [
              72.5499356,
              23.0251553
            ],
            [
              72.5499375,
              23.0254896
            ],
            [
              72.5499382,
              23.0256254
            ],
            [
              72.5499325,
              23.0257051
            ],
            [
              72.5498808,
              23.0257175
            ],
            [
              72.5490669,
              23.0254601
            ]
          ]
        ]
      },
      "id": "way/335743759"
    },
    {
      "type": "Feature",
      "properties": {
        "@id": "way/338754918",
        "leisure": "park"
      },
      "geometry": {
        "type": "Polygon",
        "coordinates": [
          [
            [
              72.6484291,
              23.2012464
            ],
            [
              72.6479314,
              23.2004305
            ],
            [
              72.648111,
              23.199624
            ],
            [
              72.6478148,
              23.199568
            ],
            [
              72.6476406,
              23.1995284
            ],
            [
              72.6474798,
              23.1994919
            ],
            [
              72.6475312,
              23.1992844
            ],
            [
              72.6471874,
              23.1992042
            ],
            [
              72.6473147,
              23.1987783
            ],
            [
              72.6474439,
              23.1983458
            ],
            [
              72.6482393,
              23.1985675
            ],
            [
              72.6512982,
              23.1997369
            ],
            [
              72.6505897,
              23.2001096
            ],
            [
              72.6489543,
              23.2009701
            ],
            [
              72.6484291,
              23.2012464
            ]
          ]
        ]
      },
      "id": "way/338754918"
    },
    {
      "type": "Feature",
      "properties": {
        "@id": "way/343143992",
        "leisure": "park"
      },
      "geometry": {
        "type": "Polygon",
        "coordinates": [
          [
            [
              72.5919023,
              23.0789757
            ],
            [
              72.5919754,
              23.0788801
            ],
            [
              72.5923205,
              23.0791571
            ],
            [
              72.5922612,
              23.079223
            ],
            [
              72.5919023,
              23.0789757
            ]
          ]
        ]
      },
      "id": "way/343143992"
    },
    {
      "type": "Feature",
      "properties": {
        "@id": "way/345877405",
        "leisure": "park",
        "name": "Parth Public Park"
      },
      "geometry": {
        "type": "Polygon",
        "coordinates": [
          [
            [
              72.5229287,
              23.013981
            ],
            [
              72.5233939,
              23.0137177
            ],
            [
              72.5236449,
              23.0140316
            ],
            [
              72.5231865,
              23.0143312
            ],
            [
              72.5230718,
              23.0141723
            ],
            [
              72.5229287,
              23.013981
            ]
          ]
        ]
      },
      "id": "way/345877405"
    },
    {
      "type": "Feature",
      "properties": {
        "@id": "way/356210143",
        "leisure": "park",
        "name": "VikramNagar Park"
      },
      "geometry": {
        "type": "Polygon",
        "coordinates": [
          [
            [
              72.5005729,
              23.0296244
            ],
            [
              72.5005648,
              23.0293158
            ],
            [
              72.5008304,
              23.0293257
            ],
            [
              72.5008196,
              23.0296269
            ],
            [
              72.5005729,
              23.0296244
            ]
          ]
        ]
      },
      "id": "way/356210143"
    },
    {
      "type": "Feature",
      "properties": {
        "@id": "way/356712985",
        "leisure": "park",
        "name": "VikramNagar Park"
      },
      "geometry": {
        "type": "Polygon",
        "coordinates": [
          [
            [
              72.5029356,
              23.0285004
            ],
            [
              72.5029312,
              23.028291
            ],
            [
              72.5031676,
              23.028289
            ],
            [
              72.5031742,
              23.0285045
            ],
            [
              72.5029356,
              23.0285004
            ]
          ]
        ]
      },
      "id": "way/356712985"
    },
    {
      "type": "Feature",
      "properties": {
        "@id": "way/356715462",
        "leisure": "park",
        "name": "VikramNagar Park"
      },
      "geometry": {
        "type": "Polygon",
        "coordinates": [
          [
            [
              72.502845,
              23.0302277
            ],
            [
              72.5028397,
              23.0300265
            ],
            [
              72.503238,
              23.0300216
            ],
            [
              72.5032393,
              23.0302338
            ],
            [
              72.502845,
              23.0302277
            ]
          ]
        ]
      },
      "id": "way/356715462"
    },
    {
      "type": "Feature",
      "properties": {
        "@id": "way/356715616",
        "leisure": "park",
        "name": "VikramNagar Nursery"
      },
      "geometry": {
        "type": "Polygon",
        "coordinates": [
          [
            [
              72.5013113,
              23.0309856
            ],
            [
              72.5013113,
              23.0302906
            ],
            [
              72.5014612,
              23.0301031
            ],
            [
              72.5019527,
              23.0300976
            ],
            [
              72.5019407,
              23.0309912
            ],
            [
              72.5013113,
              23.0309856
            ]
          ]
        ]
      },
      "id": "way/356715616"
    },
    {
      "type": "Feature",
      "properties": {
        "@id": "way/362762675",
        "leisure": "park"
      },
      "geometry": {
        "type": "Polygon",
        "coordinates": [
          [
            [
              72.5606906,
              23.0345771
            ],
            [
              72.5606585,
              23.0344037
            ],
            [
              72.5607376,
              23.0343913
            ],
            [
              72.5607697,
              23.0345647
            ],
            [
              72.5606906,
              23.0345771
            ]
          ]
        ]
      },
      "id": "way/362762675"
    },
    {
      "type": "Feature",
      "properties": {
        "@id": "way/364851722",
        "leisure": "park"
      },
      "geometry": {
        "type": "Polygon",
        "coordinates": [
          [
            [
              72.4685955,
              23.0246023
            ],
            [
              72.4687434,
              23.0243527
            ],
            [
              72.468956,
              23.0244548
            ],
            [
              72.4688081,
              23.02471
            ],
            [
              72.4685955,
              23.0246023
            ]
          ]
        ]
      },
      "id": "way/364851722"
    },
    {
      "type": "Feature",
      "properties": {
        "@id": "way/364851723",
        "leisure": "park"
      },
      "geometry": {
        "type": "Polygon",
        "coordinates": [
          [
            [
              72.4681164,
              23.0257243
            ],
            [
              72.4682789,
              23.0254236
            ],
            [
              72.468384,
              23.0254717
            ],
            [
              72.4682216,
              23.0257724
            ],
            [
              72.4681164,
              23.0257243
            ]
          ]
        ]
      },
      "id": "way/364851723"
    },
    {
      "type": "Feature",
      "properties": {
        "@id": "way/364876981",
        "leisure": "park"
      },
      "geometry": {
        "type": "Polygon",
        "coordinates": [
          [
            [
              72.4665323,
              23.0250266
            ],
            [
              72.4665899,
              23.0248609
            ],
            [
              72.4668075,
              23.0249249
            ],
            [
              72.4667499,
              23.0250906
            ],
            [
              72.4665323,
              23.0250266
            ]
          ]
        ]
      },
      "id": "way/364876981"
    },
    {
      "type": "Feature",
      "properties": {
        "@id": "way/364876997",
        "leisure": "park"
      },
      "geometry": {
        "type": "Polygon",
        "coordinates": [
          [
            [
              72.4688399,
              23.0253396
            ],
            [
              72.4689213,
              23.0251995
            ],
            [
              72.4691443,
              23.0252809
            ],
            [
              72.4690629,
              23.0254243
            ],
            [
              72.4688399,
              23.0253396
            ]
          ]
        ]
      },
      "id": "way/364876997"
    },
    {
      "type": "Feature",
      "properties": {
        "@id": "way/364876999",
        "leisure": "park"
      },
      "geometry": {
        "type": "Polygon",
        "coordinates": [
          [
            [
              72.46854,
              23.0262054
            ],
            [
              72.4684707,
              23.0261717
            ],
            [
              72.4685175,
              23.0260865
            ],
            [
              72.468435,
              23.026048
            ],
            [
              72.4684547,
              23.0259996
            ],
            [
              72.4686051,
              23.0260726
            ],
            [
              72.46854,
              23.0262054
            ]
          ]
        ]
      },
      "id": "way/364876999"
    },
    {
      "type": "Feature",
      "properties": {
        "@id": "way/364893628",
        "leisure": "park"
      },
      "geometry": {
        "type": "Polygon",
        "coordinates": [
          [
            [
              72.4697647,
              23.0252676
            ],
            [
              72.4698683,
              23.0250824
            ],
            [
              72.4699659,
              23.0251179
            ],
            [
              72.4699069,
              23.0253031
            ],
            [
              72.4697647,
              23.0252676
            ]
          ]
        ]
      },
      "id": "way/364893628"
    },
    {
      "type": "Feature",
      "properties": {
        "@id": "way/364902934",
        "leisure": "park"
      },
      "geometry": {
        "type": "Polygon",
        "coordinates": [
          [
            [
              72.4679763,
              23.0265902
            ],
            [
              72.4680435,
              23.0264534
            ],
            [
              72.4682612,
              23.0265576
            ],
            [
              72.4682966,
              23.0265902
            ],
            [
              72.4683284,
              23.0266179
            ],
            [
              72.4683408,
              23.0266521
            ],
            [
              72.4683319,
              23.0266863
            ],
            [
              72.4683072,
              23.0267107
            ],
            [
              72.4682718,
              23.0267253
            ],
            [
              72.4682081,
              23.0267188
            ],
            [
              72.4679763,
              23.0265902
            ]
          ]
        ]
      },
      "id": "way/364902934"
    },
    {
      "type": "Feature",
      "properties": {
        "@id": "way/364915420",
        "building": "yes",
        "leisure": "park"
      },
      "geometry": {
        "type": "Polygon",
        "coordinates": [
          [
            [
              72.4656469,
              23.0260497
            ],
            [
              72.46574,
              23.0260819
            ],
            [
              72.4655653,
              23.0265108
            ],
            [
              72.4654721,
              23.0264787
            ],
            [
              72.4656469,
              23.0260497
            ]
          ]
        ]
      },
      "id": "way/364915420"
    },
    {
      "type": "Feature",
      "properties": {
        "@id": "way/364915505",
        "leisure": "park"
      },
      "geometry": {
        "type": "Polygon",
        "coordinates": [
          [
            [
              72.4654398,
              23.0276232
            ],
            [
              72.4655484,
              23.0274403
            ],
            [
              72.4656686,
              23.027497
            ],
            [
              72.4655523,
              23.0276785
            ],
            [
              72.4654398,
              23.0276232
            ]
          ]
        ]
      },
      "id": "way/364915505"
    },
    {
      "type": "Feature",
      "properties": {
        "@id": "way/364915552",
        "leisure": "park"
      },
      "geometry": {
        "type": "Polygon",
        "coordinates": [
          [
            [
              72.4677091,
              23.0264213
            ],
            [
              72.4677721,
              23.026325
            ],
            [
              72.4678728,
              23.0263793
            ],
            [
              72.4678067,
              23.0264765
            ],
            [
              72.4677091,
              23.0264213
            ]
          ]
        ]
      },
      "id": "way/364915552"
    },
    {
      "type": "Feature",
      "properties": {
        "@id": "way/365045070",
        "building": "yes",
        "leisure": "park"
      },
      "geometry": {
        "type": "Polygon",
        "coordinates": [
          [
            [
              72.4694998,
              23.0208163
            ],
            [
              72.4694808,
              23.0208211
            ],
            [
              72.469447,
              23.0208201
            ],
            [
              72.469408,
              23.0208104
            ],
            [
              72.4694045,
              23.0207898
            ],
            [
              72.4694383,
              23.0206831
            ],
            [
              72.4694607,
              23.020662
            ],
            [
              72.4695082,
              23.0206717
            ],
            [
              72.4695282,
              23.0206823
            ],
            [
              72.4695367,
              23.0207037
            ],
            [
              72.4694998,
              23.0208163
            ]
          ]
        ]
      },
      "id": "way/365045070"
    },
    {
      "type": "Feature",
      "properties": {
        "@id": "way/365045072",
        "building": "yes",
        "leisure": "park"
      },
      "geometry": {
        "type": "Polygon",
        "coordinates": [
          [
            [
              72.4695722,
              23.0174622
            ],
            [
              72.469568,
              23.0173982
            ],
            [
              72.469652,
              23.0172294
            ],
            [
              72.4696819,
              23.0172274
            ],
            [
              72.4698548,
              23.0173012
            ],
            [
              72.4698734,
              23.0173226
            ],
            [
              72.4698147,
              23.0175476
            ],
            [
              72.4697704,
              23.0175748
            ],
            [
              72.4696882,
              23.0175612
            ],
            [
              72.4696186,
              23.0175205
            ],
            [
              72.4695722,
              23.0174622
            ]
          ]
        ]
      },
      "id": "way/365045072"
    },
    {
      "type": "Feature",
      "properties": {
        "@id": "way/365045128",
        "building": "yes",
        "leisure": "park"
      },
      "geometry": {
        "type": "Polygon",
        "coordinates": [
          [
            [
              72.4694889,
              23.0195408
            ],
            [
              72.4695378,
              23.0193827
            ],
            [
              72.4698249,
              23.019458
            ],
            [
              72.469776,
              23.0196161
            ],
            [
              72.4694889,
              23.0195408
            ]
          ]
        ]
      },
      "id": "way/365045128"
    },
    {
      "type": "Feature",
      "properties": {
        "@id": "way/365045141",
        "building": "yes",
        "leisure": "park"
      },
      "geometry": {
        "type": "Polygon",
        "coordinates": [
          [
            [
              72.4638617,
              23.0261513
            ],
            [
              72.463953,
              23.0259537
            ],
            [
              72.4642792,
              23.0260814
            ],
            [
              72.4641879,
              23.026279
            ],
            [
              72.4638617,
              23.0261513
            ]
          ]
        ]
      },
      "id": "way/365045141"
    },
    {
      "type": "Feature",
      "properties": {
        "@id": "way/365045156",
        "building": "yes",
        "leisure": "park"
      },
      "geometry": {
        "type": "Polygon",
        "coordinates": [
          [
            [
              72.4651816,
              23.0234917
            ],
            [
              72.4652964,
              23.0232461
            ],
            [
              72.4654875,
              23.0233217
            ],
            [
              72.4653726,
              23.0235674
            ],
            [
              72.4651816,
              23.0234917
            ]
          ]
        ]
      },
      "id": "way/365045156"
    },
    {
      "type": "Feature",
      "properties": {
        "@id": "way/365045205",
        "building": "yes",
        "leisure": "park"
      },
      "geometry": {
        "type": "Polygon",
        "coordinates": [
          [
            [
              72.4701489,
              23.0158841
            ],
            [
              72.4702681,
              23.0155574
            ],
            [
              72.4704202,
              23.0156045
            ],
            [
              72.4703009,
              23.0159311
            ],
            [
              72.4701489,
              23.0158841
            ]
          ]
        ]
      },
      "id": "way/365045205"
    },
    {
      "type": "Feature",
      "properties": {
        "@id": "way/365065661",
        "building": "yes",
        "leisure": "park"
      },
      "geometry": {
        "type": "Polygon",
        "coordinates": [
          [
            [
              72.4749506,
              23.014834
            ],
            [
              72.4753153,
              23.0150961
            ],
            [
              72.4752515,
              23.0152624
            ],
            [
              72.4748444,
              23.0151539
            ],
            [
              72.4749506,
              23.014834
            ]
          ]
        ]
      },
      "id": "way/365065661"
    },
    {
      "type": "Feature",
      "properties": {
        "@id": "way/365067964",
        "building": "yes",
        "leisure": "park"
      },
      "geometry": {
        "type": "Polygon",
        "coordinates": [
          [
            [
              72.4647362,
              23.0286581
            ],
            [
              72.464994,
              23.0283131
            ],
            [
              72.4654905,
              23.0286274
            ],
            [
              72.4652326,
              23.0289724
            ],
            [
              72.4647362,
              23.0286581
            ]
          ]
        ]
      },
      "id": "way/365067964"
    },
    {
      "type": "Feature",
      "properties": {
        "@id": "way/365091504",
        "building": "yes",
        "leisure": "park"
      },
      "geometry": {
        "type": "Polygon",
        "coordinates": [
          [
            [
              72.4534854,
              23.0256235
            ],
            [
              72.4534521,
              23.0253475
            ],
            [
              72.4537169,
              23.0253204
            ],
            [
              72.4537502,
              23.0255964
            ],
            [
              72.4534854,
              23.0256235
            ]
          ]
        ]
      },
      "id": "way/365091504"
    },
    {
      "type": "Feature",
      "properties": {
        "@id": "way/365091580",
        "building": "yes",
        "leisure": "park"
      },
      "geometry": {
        "type": "Polygon",
        "coordinates": [
          [
            [
              72.4729129,
              23.0220158
            ],
            [
              72.4729812,
              23.0218733
            ],
            [
              72.4731454,
              23.02194
            ],
            [
              72.4730771,
              23.0220824
            ],
            [
              72.4729129,
              23.0220158
            ]
          ]
        ]
      },
      "id": "way/365091580"
    },
    {
      "type": "Feature",
      "properties": {
        "@id": "way/365091615",
        "building": "yes",
        "leisure": "park"
      },
      "geometry": {
        "type": "Polygon",
        "coordinates": [
          [
            [
              72.4615936,
              23.0220532
            ],
            [
              72.4617567,
              23.0220127
            ],
            [
              72.4618304,
              23.0222644
            ],
            [
              72.4617603,
              23.0222818
            ],
            [
              72.4617406,
              23.0222145
            ],
            [
              72.461699,
              23.0221921
            ],
            [
              72.4616386,
              23.022207
            ],
            [
              72.4615936,
              23.0220532
            ]
          ]
        ]
      },
      "id": "way/365091615"
    },
    {
      "type": "Feature",
      "properties": {
        "@id": "way/365091704",
        "building": "yes",
        "leisure": "park"
      },
      "geometry": {
        "type": "Polygon",
        "coordinates": [
          [
            [
              72.4622523,
              23.0314475
            ],
            [
              72.4624036,
              23.031093
            ],
            [
              72.4626931,
              23.0311976
            ],
            [
              72.4628866,
              23.0307441
            ],
            [
              72.4634334,
              23.0309417
            ],
            [
              72.4630886,
              23.0317497
            ],
            [
              72.4622523,
              23.0314475
            ]
          ]
        ]
      },
      "id": "way/365091704"
    },
    {
      "type": "Feature",
      "properties": {
        "@id": "way/365457768",
        "building": "yes",
        "leisure": "park"
      },
      "geometry": {
        "type": "Polygon",
        "coordinates": [
          [
            [
              72.4626865,
              23.0345308
            ],
            [
              72.4627365,
              23.0343803
            ],
            [
              72.462888,
              23.0344229
            ],
            [
              72.4628381,
              23.0345734
            ],
            [
              72.4626865,
              23.0345308
            ]
          ]
        ]
      },
      "id": "way/365457768"
    },
    {
      "type": "Feature",
      "properties": {
        "@id": "way/365464959",
        "building": "yes",
        "leisure": "park"
      },
      "geometry": {
        "type": "Polygon",
        "coordinates": [
          [
            [
              72.4578256,
              23.0283958
            ],
            [
              72.4579234,
              23.0280785
            ],
            [
              72.4581399,
              23.0281351
            ],
            [
              72.4580421,
              23.0284523
            ],
            [
              72.4578256,
              23.0283958
            ]
          ]
        ]
      },
      "id": "way/365464959"
    },
    {
      "type": "Feature",
      "properties": {
        "@id": "way/365522477",
        "building": "yes",
        "leisure": "park"
      },
      "geometry": {
        "type": "Polygon",
        "coordinates": [
          [
            [
              72.4552701,
              23.0058064
            ],
            [
              72.4552243,
              23.0055872
            ],
            [
              72.4553783,
              23.0055599
            ],
            [
              72.4554241,
              23.0057791
            ],
            [
              72.4552701,
              23.0058064
            ]
          ]
        ]
      },
      "id": "way/365522477"
    },
    {
      "type": "Feature",
      "properties": {
        "@id": "way/365522586",
        "access": "permissive",
        "building": "yes",
        "leisure": "park"
      },
      "geometry": {
        "type": "Polygon",
        "coordinates": [
          [
            [
              72.4585767,
              23.0064725
            ],
            [
              72.4585396,
              23.0062318
            ],
            [
              72.458743,
              23.0062052
            ],
            [
              72.4587801,
              23.0064459
            ],
            [
              72.4585767,
              23.0064725
            ]
          ]
        ]
      },
      "id": "way/365522586"
    },
    {
      "type": "Feature",
      "properties": {
        "@id": "way/365522701",
        "building": "yes",
        "leisure": "park"
      },
      "geometry": {
        "type": "Polygon",
        "coordinates": [
          [
            [
              72.4562324,
              23.0044915
            ],
            [
              72.4561918,
              23.004241
            ],
            [
              72.4564509,
              23.0042054
            ],
            [
              72.4564915,
              23.0044559
            ],
            [
              72.4562324,
              23.0044915
            ]
          ]
        ]
      },
      "id": "way/365522701"
    },
    {
      "type": "Feature",
      "properties": {
        "@id": "way/365522724",
        "building": "yes",
        "leisure": "park"
      },
      "geometry": {
        "type": "Polygon",
        "coordinates": [
          [
            [
              72.4490872,
              23.0080138
            ],
            [
              72.4490225,
              23.0078316
            ],
            [
              72.4491704,
              23.0077871
            ],
            [
              72.4492351,
              23.0079693
            ],
            [
              72.4490872,
              23.0080138
            ]
          ]
        ]
      },
      "id": "way/365522724"
    },
    {
      "type": "Feature",
      "properties": {
        "@id": "way/365522779",
        "leisure": "park"
      },
      "geometry": {
        "type": "Polygon",
        "coordinates": [
          [
            [
              72.4500458,
              23.007041
            ],
            [
              72.4499547,
              23.0068647
            ],
            [
              72.4502422,
              23.0067389
            ],
            [
              72.4503333,
              23.0069152
            ],
            [
              72.4500458,
              23.007041
            ]
          ]
        ]
      },
      "id": "way/365522779"
    },
    {
      "type": "Feature",
      "properties": {
        "@id": "way/365522783",
        "leisure": "park"
      },
      "geometry": {
        "type": "Polygon",
        "coordinates": [
          [
            [
              72.4495474,
              23.008585
            ],
            [
              72.4495122,
              23.008482
            ],
            [
              72.449881,
              23.0083753
            ],
            [
              72.4499009,
              23.0084369
            ],
            [
              72.4495474,
              23.008585
            ]
          ]
        ]
      },
      "id": "way/365522783"
    },
    {
      "type": "Feature",
      "properties": {
        "@id": "way/365654797",
        "building": "yes",
        "leisure": "park"
      },
      "geometry": {
        "type": "Polygon",
        "coordinates": [
          [
            [
              72.4589271,
              23.0290782
            ],
            [
              72.4590375,
              23.0287609
            ],
            [
              72.4595714,
              23.0289182
            ],
            [
              72.4594611,
              23.0292355
            ],
            [
              72.4589271,
              23.0290782
            ]
          ]
        ]
      },
      "id": "way/365654797"
    },
    {
      "type": "Feature",
      "properties": {
        "@id": "way/365654869",
        "building": "yes",
        "leisure": "park"
      },
      "geometry": {
        "type": "Polygon",
        "coordinates": [
          [
            [
              72.4638116,
              23.043187
            ],
            [
              72.4639349,
              23.0432136
            ],
            [
              72.4639232,
              23.0432777
            ],
            [
              72.4639543,
              23.0433398
            ],
            [
              72.4639958,
              23.0433613
            ],
            [
              72.4639401,
              23.0436289
            ],
            [
              72.4638531,
              23.0436358
            ],
            [
              72.4638116,
              23.043187
            ]
          ]
        ]
      },
      "id": "way/365654869"
    },
    {
      "type": "Feature",
      "properties": {
        "@id": "way/365668161",
        "building": "yes",
        "leisure": "park"
      },
      "geometry": {
        "type": "Polygon",
        "coordinates": [
          [
            [
              72.4720392,
              23.0252121
            ],
            [
              72.4718044,
              23.025187
            ],
            [
              72.4718348,
              23.0249461
            ],
            [
              72.4720696,
              23.0249711
            ],
            [
              72.4720392,
              23.0252121
            ]
          ]
        ]
      },
      "id": "way/365668161"
    },
    {
      "type": "Feature",
      "properties": {
        "@id": "way/366287871",
        "leisure": "park",
        "name": "Sindhu Bhavan Park",
        "opening_hours": "Mo-Su 06:00-12:00,16:00-22:00"
      },
      "geometry": {
        "type": "Polygon",
        "coordinates": [
          [
            [
              72.5020556,
              23.041302
            ],
            [
              72.5022233,
              23.0416525
            ],
            [
              72.502301,
              23.0418351
            ],
            [
              72.5011262,
              23.0415562
            ],
            [
              72.5010847,
              23.0414908
            ],
            [
              72.5020556,
              23.041302
            ]
          ]
        ]
      },
      "id": "way/366287871"
    },
    {
      "type": "Feature",
      "properties": {
        "@id": "way/366293021",
        "building": "yes",
        "leisure": "park"
      },
      "geometry": {
        "type": "Polygon",
        "coordinates": [
          [
            [
              72.5129175,
              23.029495
            ],
            [
              72.5133623,
              23.029286
            ],
            [
              72.5135631,
              23.0296479
            ],
            [
              72.5131184,
              23.029857
            ],
            [
              72.5129175,
              23.029495
            ]
          ]
        ]
      },
      "id": "way/366293021"
    },
    {
      "type": "Feature",
      "properties": {
        "@id": "way/366303534",
        "addr:postcode": "380054",
        "leisure": "park",
        "name": "Ashvini Public Park"
      },
      "geometry": {
        "type": "Polygon",
        "coordinates": [
          [
            [
              72.5195769,
              23.0394981
            ],
            [
              72.5198683,
              23.0393479
            ],
            [
              72.5202566,
              23.0399687
            ],
            [
              72.5201921,
              23.0400017
            ],
            [
              72.5199732,
              23.0401343
            ],
            [
              72.5195769,
              23.0394981
            ]
          ]
        ]
      },
      "id": "way/366303534"
    },
    {
      "type": "Feature",
      "properties": {
        "@id": "way/366303536",
        "leisure": "park",
        "name": "Rohini Public Park"
      },
      "geometry": {
        "type": "Polygon",
        "coordinates": [
          [
            [
              72.520137,
              23.0390103
            ],
            [
              72.5206185,
              23.0387426
            ],
            [
              72.5208152,
              23.0390423
            ],
            [
              72.5203337,
              23.03931
            ],
            [
              72.5202701,
              23.0392131
            ],
            [
              72.520137,
              23.0390103
            ]
          ]
        ]
      },
      "id": "way/366303536"
    },
    {
      "type": "Feature",
      "properties": {
        "@id": "way/366439753",
        "addr:postcode": "380015",
        "leisure": "park",
        "name": "Chitra Public Park"
      },
      "geometry": {
        "type": "Polygon",
        "coordinates": [
          [
            [
              72.521574,
              23.0346857
            ],
            [
              72.5219791,
              23.0344994
            ],
            [
              72.5220314,
              23.0353657
            ],
            [
              72.5218503,
              23.0354176
            ],
            [
              72.5217617,
              23.0351788
            ],
            [
              72.521574,
              23.0346857
            ]
          ]
        ]
      },
      "id": "way/366439753"
    },
    {
      "type": "Feature",
      "properties": {
        "@id": "way/366466098",
        "leisure": "park"
      },
      "geometry": {
        "type": "Polygon",
        "coordinates": [
          [
            [
              72.5245883,
              23.036894
            ],
            [
              72.5248121,
              23.0369396
            ],
            [
              72.5248812,
              23.0369537
            ],
            [
              72.5247993,
              23.0372944
            ],
            [
              72.5245063,
              23.0372347
            ],
            [
              72.5245883,
              23.036894
            ]
          ]
        ]
      },
      "id": "way/366466098"
    },
    {
      "type": "Feature",
      "properties": {
        "@id": "way/366615033",
        "leisure": "park",
        "natural": "grassland"
      },
      "geometry": {
        "type": "Polygon",
        "coordinates": [
          [
            [
              72.515596,
              23.0335833
            ],
            [
              72.5157049,
              23.0335302
            ],
            [
              72.51578,
              23.0336607
            ],
            [
              72.515671,
              23.0337138
            ],
            [
              72.515596,
              23.0335833
            ]
          ]
        ]
      },
      "id": "way/366615033"
    },
    {
      "type": "Feature",
      "properties": {
        "@id": "way/366615087",
        "addr:postcode": "380054",
        "leisure": "park",
        "name": "Sandipani Park"
      },
      "geometry": {
        "type": "Polygon",
        "coordinates": [
          [
            [
              72.517013,
              23.0332183
            ],
            [
              72.5172637,
              23.0332164
            ],
            [
              72.5173535,
              23.0332356
            ],
            [
              72.517353,
              23.0333095
            ],
            [
              72.5173496,
              23.0338181
            ],
            [
              72.517139,
              23.0339069
            ],
            [
              72.5170411,
              23.0339798
            ],
            [
              72.5169244,
              23.0340834
            ],
            [
              72.5168145,
              23.0341377
            ],
            [
              72.5167327,
              23.0341118
            ],
            [
              72.5167179,
              23.0339637
            ],
            [
              72.5166428,
              23.0338378
            ],
            [
              72.5168721,
              23.0337292
            ],
            [
              72.5165699,
              23.0331796
            ],
            [
              72.5167275,
              23.0332134
            ],
            [
              72.517013,
              23.0332183
            ]
          ]
        ]
      },
      "id": "way/366615087"
    },
    {
      "type": "Feature",
      "properties": {
        "@id": "way/366769533",
        "building": "yes",
        "leisure": "park"
      },
      "geometry": {
        "type": "Polygon",
        "coordinates": [
          [
            [
              72.5306147,
              23.0279183
            ],
            [
              72.5308757,
              23.0277946
            ],
            [
              72.5311453,
              23.0282763
            ],
            [
              72.5308843,
              23.0284
            ],
            [
              72.5306147,
              23.0279183
            ]
          ]
        ]
      },
      "id": "way/366769533"
    },
    {
      "type": "Feature",
      "properties": {
        "@id": "way/366811075",
        "leisure": "park"
      },
      "geometry": {
        "type": "Polygon",
        "coordinates": [
          [
            [
              72.5278114,
              23.0350546
            ],
            [
              72.5281039,
              23.0350538
            ],
            [
              72.5281508,
              23.0350536
            ],
            [
              72.5281515,
              23.0352466
            ],
            [
              72.5281211,
              23.0352467
            ],
            [
              72.5281215,
              23.0353647
            ],
            [
              72.5278124,
              23.0353656
            ],
            [
              72.5278114,
              23.0350546
            ]
          ]
        ]
      },
      "id": "way/366811075"
    },
    {
      "type": "Feature",
      "properties": {
        "@id": "way/366811127",
        "leisure": "park"
      },
      "geometry": {
        "type": "Polygon",
        "coordinates": [
          [
            [
              72.5292908,
              23.0342273
            ],
            [
              72.5299865,
              23.0341399
            ],
            [
              72.5300344,
              23.0344629
            ],
            [
              72.529763,
              23.034497
            ],
            [
              72.5293386,
              23.0345503
            ],
            [
              72.5292908,
              23.0342273
            ]
          ]
        ]
      },
      "id": "way/366811127"
    },
    {
      "type": "Feature",
      "properties": {
        "@id": "way/366818501",
        "building": "yes",
        "leisure": "park"
      },
      "geometry": {
        "type": "Polygon",
        "coordinates": [
          [
            [
              72.4841133,
              23.0585143
            ],
            [
              72.4839135,
              23.0580877
            ],
            [
              72.4840774,
              23.0580227
            ],
            [
              72.4842773,
              23.0584492
            ],
            [
              72.4841133,
              23.0585143
            ]
          ]
        ]
      },
      "id": "way/366818501"
    },
    {
      "type": "Feature",
      "properties": {
        "@id": "way/367198369",
        "building": "office",
        "building:colour": "white",
        "building:levels": "5",
        "building:material": "plaster",
        "leisure": "park",
        "roof:material": "concrete",
        "roof:shape": "flat"
      },
      "geometry": {
        "type": "Polygon",
        "coordinates": [
          [
            [
              72.5322979,
              23.0448234
            ],
            [
              72.5322979,
              23.0443457
            ],
            [
              72.5326762,
              23.0443457
            ],
            [
              72.5326762,
              23.0448234
            ],
            [
              72.5322979,
              23.0448234
            ]
          ]
        ]
      },
      "id": "way/367198369"
    },
    {
      "type": "Feature",
      "properties": {
        "@id": "way/367198484",
        "building": "yes",
        "leisure": "park"
      },
      "geometry": {
        "type": "Polygon",
        "coordinates": [
          [
            [
              72.5249407,
              23.0453974
            ],
            [
              72.524911,
              23.0453388
            ],
            [
              72.5249724,
              23.0453124
            ],
            [
              72.5249164,
              23.0452021
            ],
            [
              72.524855,
              23.0452285
            ],
            [
              72.5248208,
              23.0451611
            ],
            [
              72.5252546,
              23.0449747
            ],
            [
              72.5253745,
              23.0452109
            ],
            [
              72.5249407,
              23.0453974
            ]
          ]
        ]
      },
      "id": "way/367198484"
    },
    {
      "type": "Feature",
      "properties": {
        "@id": "way/367426637",
        "leisure": "park"
      },
      "geometry": {
        "type": "Polygon",
        "coordinates": [
          [
            [
              72.5206515,
              23.0157346
            ],
            [
              72.520629,
              23.01534
            ],
            [
              72.5208363,
              23.0153499
            ],
            [
              72.5211204,
              23.0153634
            ],
            [
              72.5211945,
              23.0154151
            ],
            [
              72.5210678,
              23.0155738
            ],
            [
              72.521045,
              23.0157005
            ],
            [
              72.5206515,
              23.0157346
            ]
          ]
        ]
      },
      "id": "way/367426637"
    },
    {
      "type": "Feature",
      "properties": {
        "@id": "way/367427547",
        "building": "yes",
        "leisure": "park"
      },
      "geometry": {
        "type": "Polygon",
        "coordinates": [
          [
            [
              72.5450631,
              23.0034108
            ],
            [
              72.5452592,
              23.002974
            ],
            [
              72.5463825,
              23.0032152
            ],
            [
              72.5460683,
              23.0038395
            ],
            [
              72.5450631,
              23.0034108
            ]
          ]
        ]
      },
      "id": "way/367427547"
    },
    {
      "type": "Feature",
      "properties": {
        "@id": "way/367551884",
        "leisure": "park"
      },
      "geometry": {
        "type": "Polygon",
        "coordinates": [
          [
            [
              72.5115904,
              23.0569911
            ],
            [
              72.511888,
              23.0567751
            ],
            [
              72.5118639,
              23.0562805
            ],
            [
              72.5123332,
              23.0562489
            ],
            [
              72.5124834,
              23.0568963
            ],
            [
              72.5124691,
              23.0573255
            ],
            [
              72.5115904,
              23.0569911
            ]
          ]
        ]
      },
      "id": "way/367551884"
    },
    {
      "type": "Feature",
      "properties": {
        "@id": "way/367552932",
        "leisure": "park",
        "natural": "grassland"
      },
      "geometry": {
        "type": "Polygon",
        "coordinates": [
          [
            [
              72.5033469,
              23.0223571
            ],
            [
              72.5032207,
              23.0220213
            ],
            [
              72.5032758,
              23.0219389
            ],
            [
              72.5032597,
              23.0218565
            ],
            [
              72.5032047,
              23.0217657
            ],
            [
              72.5031955,
              23.021677
            ],
            [
              72.5032299,
              23.0216179
            ],
            [
              72.5032919,
              23.02147
            ],
            [
              72.5034112,
              23.0214235
            ],
            [
              72.5035236,
              23.0214045
            ],
            [
              72.5036315,
              23.0214489
            ],
            [
              72.5036315,
              23.0215651
            ],
            [
              72.5036686,
              23.0216872
            ],
            [
              72.5036315,
              23.0218861
            ],
            [
              72.5035053,
              23.0220318
            ],
            [
              72.5036131,
              23.0221079
            ],
            [
              72.5038587,
              23.0222599
            ],
            [
              72.5039,
              23.0223888
            ],
            [
              72.5037765,
              23.0224751
            ],
            [
              72.5034915,
              23.0224479
            ],
            [
              72.5033469,
              23.0223571
            ]
          ]
        ]
      },
      "id": "way/367552932"
    },
    {
      "type": "Feature",
      "properties": {
        "@id": "way/367553061",
        "building": "yes",
        "leisure": "park"
      },
      "geometry": {
        "type": "Polygon",
        "coordinates": [
          [
            [
              72.5153646,
              23.0231842
            ],
            [
              72.5155077,
              23.0230926
            ],
            [
              72.515615,
              23.0230716
            ],
            [
              72.515729,
              23.0231021
            ],
            [
              72.5159641,
              23.0233128
            ],
            [
              72.5159591,
              23.0233983
            ],
            [
              72.5157173,
              23.0235806
            ],
            [
              72.5153646,
              23.0231842
            ]
          ]
        ]
      },
      "id": "way/367553061"
    },
    {
      "type": "Feature",
      "properties": {
        "@id": "way/367585823",
        "building": "yes",
        "leisure": "park"
      },
      "geometry": {
        "type": "Polygon",
        "coordinates": [
          [
            [
              72.5160725,
              23.0159576
            ],
            [
              72.5161406,
              23.0153901
            ],
            [
              72.5164475,
              23.0154213
            ],
            [
              72.5163794,
              23.0159888
            ],
            [
              72.5160725,
              23.0159576
            ]
          ]
        ]
      },
      "id": "way/367585823"
    },
    {
      "type": "Feature",
      "properties": {
        "@id": "way/367585840",
        "leisure": "park"
      },
      "geometry": {
        "type": "Polygon",
        "coordinates": [
          [
            [
              72.512189,
              23.012968
            ],
            [
              72.5125471,
              23.0130439
            ],
            [
              72.5125866,
              23.0130693
            ],
            [
              72.5125974,
              23.0131143
            ],
            [
              72.5125772,
              23.0131884
            ],
            [
              72.5127516,
              23.0132464
            ],
            [
              72.5126657,
              23.0135512
            ],
            [
              72.5121085,
              23.0134273
            ],
            [
              72.5121518,
              23.013174
            ],
            [
              72.512189,
              23.012968
            ]
          ]
        ]
      },
      "id": "way/367585840"
    },
    {
      "type": "Feature",
      "properties": {
        "@id": "way/367591782",
        "building": "yes",
        "leisure": "park"
      },
      "geometry": {
        "type": "Polygon",
        "coordinates": [
          [
            [
              72.5155096,
              23.0185313
            ],
            [
              72.5155479,
              23.0181546
            ],
            [
              72.5158773,
              23.018183
            ],
            [
              72.515839,
              23.0185597
            ],
            [
              72.5155096,
              23.0185313
            ]
          ]
        ]
      },
      "id": "way/367591782"
    },
    {
      "type": "Feature",
      "properties": {
        "@id": "way/367591892",
        "building": "yes",
        "leisure": "park"
      },
      "geometry": {
        "type": "Polygon",
        "coordinates": [
          [
            [
              72.5152268,
              23.0175129
            ],
            [
              72.5159795,
              23.017589
            ],
            [
              72.5159291,
              23.0180119
            ],
            [
              72.5156655,
              23.0179853
            ],
            [
              72.5156736,
              23.0179166
            ],
            [
              72.5152907,
              23.0178779
            ],
            [
              72.5153007,
              23.0177941
            ],
            [
              72.5151946,
              23.0177834
            ],
            [
              72.5152268,
              23.0175129
            ]
          ]
        ]
      },
      "id": "way/367591892"
    },
    {
      "type": "Feature",
      "properties": {
        "@id": "way/367756277",
        "leisure": "park",
        "name": "JBR Residency Garden"
      },
      "geometry": {
        "type": "Polygon",
        "coordinates": [
          [
            [
              72.5110658,
              23.0739674
            ],
            [
              72.5110262,
              23.0738922
            ],
            [
              72.5113744,
              23.0737373
            ],
            [
              72.511414,
              23.0738125
            ],
            [
              72.5110658,
              23.0739674
            ]
          ]
        ]
      },
      "id": "way/367756277"
    },
    {
      "type": "Feature",
      "properties": {
        "@id": "way/367807245",
        "addr:city": "Ahmedabad",
        "addr:postcode": "380015",
        "leisure": "park"
      },
      "geometry": {
        "type": "Polygon",
        "coordinates": [
          [
            [
              72.5235228,
              23.0192008
            ],
            [
              72.5235054,
              23.0186711
            ],
            [
              72.5238225,
              23.0186623
            ],
            [
              72.5238399,
              23.019192
            ],
            [
              72.5237225,
              23.0191953
            ],
            [
              72.5235228,
              23.0192008
            ]
          ]
        ]
      },
      "id": "way/367807245"
    },
    {
      "type": "Feature",
      "properties": {
        "@id": "way/367807257",
        "addr:city": "Ahmedabad",
        "addr:postcode": "380015",
        "leisure": "park",
        "name": "Marichi Public Park",
        "opening_hours": "Mo-Su 06:00-21:30"
      },
      "geometry": {
        "type": "Polygon",
        "coordinates": [
          [
            [
              72.5275444,
              23.0219048
            ],
            [
              72.5275428,
              23.0215047
            ],
            [
              72.5275408,
              23.0209802
            ],
            [
              72.5276945,
              23.0209754
            ],
            [
              72.5277646,
              23.0211622
            ],
            [
              72.5278871,
              23.0218515
            ],
            [
              72.5275444,
              23.0219048
            ]
          ]
        ]
      },
      "id": "way/367807257"
    },
    {
      "type": "Feature",
      "properties": {
        "@id": "way/367948291",
        "leisure": "park"
      },
      "geometry": {
        "type": "Polygon",
        "coordinates": [
          [
            [
              72.5280743,
              23.0191354
            ],
            [
              72.5280899,
              23.0189284
            ],
            [
              72.5282157,
              23.0189364
            ],
            [
              72.5282001,
              23.0191434
            ],
            [
              72.5280743,
              23.0191354
            ]
          ]
        ]
      },
      "id": "way/367948291"
    },
    {
      "type": "Feature",
      "properties": {
        "@id": "way/367948316",
        "leisure": "park"
      },
      "geometry": {
        "type": "Polygon",
        "coordinates": [
          [
            [
              72.5224621,
              23.0151913
            ],
            [
              72.5226796,
              23.0150227
            ],
            [
              72.52294,
              23.0153164
            ],
            [
              72.5229125,
              23.0153342
            ],
            [
              72.5226898,
              23.0154788
            ],
            [
              72.5224621,
              23.0151913
            ]
          ]
        ]
      },
      "id": "way/367948316"
    },
    {
      "type": "Feature",
      "properties": {
        "@id": "way/367949942",
        "building:levels": "3",
        "leisure": "park",
        "name": "krupa"
      },
      "geometry": {
        "type": "Polygon",
        "coordinates": [
          [
            [
              72.6347692,
              22.9881907
            ],
            [
              72.634801,
              22.9880186
            ],
            [
              72.6348645,
              22.9880182
            ],
            [
              72.6349051,
              22.9881582
            ],
            [
              72.6347692,
              22.9881907
            ]
          ]
        ]
      },
      "id": "way/367949942"
    },
    {
      "type": "Feature",
      "properties": {
        "@id": "way/367971770",
        "building": "yes",
        "leisure": "park"
      },
      "geometry": {
        "type": "Polygon",
        "coordinates": [
          [
            [
              72.4875838,
              23.0265423
            ],
            [
              72.4877443,
              23.026136
            ],
            [
              72.4881601,
              23.0262751
            ],
            [
              72.4881301,
              23.0263509
            ],
            [
              72.4882852,
              23.0264028
            ],
            [
              72.4883152,
              23.026327
            ],
            [
              72.4883579,
              23.0263413
            ],
            [
              72.4881974,
              23.0267476
            ],
            [
              72.4875838,
              23.0265423
            ]
          ]
        ]
      },
      "id": "way/367971770"
    },
    {
      "type": "Feature",
      "properties": {
        "@id": "way/367976278",
        "building": "yes",
        "leisure": "park"
      },
      "geometry": {
        "type": "Polygon",
        "coordinates": [
          [
            [
              72.4870694,
              23.0148708
            ],
            [
              72.4874993,
              23.014911
            ],
            [
              72.4874682,
              23.0151928
            ],
            [
              72.4870383,
              23.0151527
            ],
            [
              72.4870694,
              23.0148708
            ]
          ]
        ]
      },
      "id": "way/367976278"
    },
    {
      "type": "Feature",
      "properties": {
        "@id": "way/368457410",
        "leisure": "park",
        "name": "Utsav Public Park"
      },
      "geometry": {
        "type": "Polygon",
        "coordinates": [
          [
            [
              72.5155644,
              23.0116634
            ],
            [
              72.5157096,
              23.0113847
            ],
            [
              72.5160383,
              23.011405
            ],
            [
              72.5162896,
              23.0114135
            ],
            [
              72.5162612,
              23.0118724
            ],
            [
              72.5155644,
              23.0116634
            ]
          ]
        ]
      },
      "id": "way/368457410"
    },
    {
      "type": "Feature",
      "properties": {
        "@id": "way/368569069",
        "addr:city": "Ahmedabad",
        "addr:postcode": "380015",
        "leisure": "park",
        "name": "Pancha Talav",
        "name:en": "Pancha Lake"
      },
      "geometry": {
        "type": "Polygon",
        "coordinates": [
          [
            [
              72.5112569,
              23.0093729
            ],
            [
              72.5112759,
              23.0093158
            ],
            [
              72.5115493,
              23.008494
            ],
            [
              72.5116338,
              23.0085298
            ],
            [
              72.5117023,
              23.0085214
            ],
            [
              72.51178,
              23.0084828
            ],
            [
              72.5118148,
              23.0084248
            ],
            [
              72.5124605,
              23.0086728
            ],
            [
              72.5129333,
              23.0088544
            ],
            [
              72.5124143,
              23.0100086
            ],
            [
              72.5119878,
              23.0098271
            ],
            [
              72.5119503,
              23.0097605
            ],
            [
              72.5117223,
              23.0096889
            ],
            [
              72.5116231,
              23.0099567
            ],
            [
              72.5114045,
              23.0099037
            ],
            [
              72.5114487,
              23.0094185
            ],
            [
              72.5112569,
              23.0093729
            ]
          ]
        ]
      },
      "id": "way/368569069"
    },
    {
      "type": "Feature",
      "properties": {
        "@id": "way/368608009",
        "building": "yes",
        "leisure": "park"
      },
      "geometry": {
        "type": "Polygon",
        "coordinates": [
          [
            [
              72.502207,
              23.0051627
            ],
            [
              72.5020885,
              23.0048055
            ],
            [
              72.5019889,
              23.0044558
            ],
            [
              72.5025589,
              23.0043456
            ],
            [
              72.5027393,
              23.00505
            ],
            [
              72.502207,
              23.0051627
            ]
          ]
        ]
      },
      "id": "way/368608009"
    },
    {
      "type": "Feature",
      "properties": {
        "@id": "way/368911567",
        "addr:city": "Ahmedabad",
        "addr:postcode": "380001",
        "addr:street": "kankariya gate no.3",
        "leisure": "park",
        "name": "Kankaria Football Ground"
      },
      "geometry": {
        "type": "Polygon",
        "coordinates": [
          [
            [
              72.5973275,
              23.0076782
            ],
            [
              72.5964217,
              23.0067594
            ],
            [
              72.5968335,
              23.0061268
            ],
            [
              72.5969414,
              23.0059942
            ],
            [
              72.5974168,
              23.0063281
            ],
            [
              72.5974452,
              23.0069522
            ],
            [
              72.5974261,
              23.0074797
            ],
            [
              72.5974261,
              23.0076442
            ],
            [
              72.5973275,
              23.0076782
            ]
          ]
        ]
      },
      "id": "way/368911567"
    },
    {
      "type": "Feature",
      "properties": {
        "@id": "way/381421363",
        "leisure": "park",
        "name": "Usmanpura Garden"
      },
      "geometry": {
        "type": "Polygon",
        "coordinates": [
          [
            [
              72.568074,
              23.0479227
            ],
            [
              72.5679569,
              23.047883
            ],
            [
              72.5678306,
              23.0478405
            ],
            [
              72.5676981,
              23.0477753
            ],
            [
              72.5676334,
              23.0477016
            ],
            [
              72.5676088,
              23.0476364
            ],
            [
              72.5677567,
              23.0474804
            ],
            [
              72.567997,
              23.0472026
            ],
            [
              72.5682373,
              23.0470438
            ],
            [
              72.5682928,
              23.0470183
            ],
            [
              72.5683759,
              23.0469956
            ],
            [
              72.5684499,
              23.0469871
            ],
            [
              72.5693742,
              23.047092
            ],
            [
              72.5695005,
              23.047109
            ],
            [
              72.5694666,
              23.0476789
            ],
            [
              72.5693157,
              23.0476789
            ],
            [
              72.5691277,
              23.0476902
            ],
            [
              72.5690106,
              23.0477101
            ],
            [
              72.5688843,
              23.0477299
            ],
            [
              72.5687272,
              23.0477639
            ],
            [
              72.5686101,
              23.0477923
            ],
            [
              72.5684869,
              23.0478263
            ],
            [
              72.5684068,
              23.0478462
            ],
            [
              72.5684129,
              23.0479
            ],
            [
              72.568339,
              23.0479992
            ],
            [
              72.568074,
              23.0479227
            ]
          ]
        ]
      },
      "id": "way/381421363"
    },
    {
      "type": "Feature",
      "properties": {
        "@id": "way/446611274",
        "amenity": "police",
        "building": "yes",
        "name": "Vejalpur Police Chowky"
      },
      "geometry": {
        "type": "Polygon",
        "coordinates": [
          [
            [
              72.5226061,
              23.0041149
            ],
            [
              72.5226329,
              23.0040507
            ],
            [
              72.5227187,
              23.0040877
            ],
            [
              72.5226919,
              23.0041519
            ],
            [
              72.5226061,
              23.0041149
            ]
          ]
        ]
      },
      "id": "way/446611274"
    },
    {
      "type": "Feature",
      "properties": {
        "@id": "way/451491950",
        "leisure": "park",
        "name": "Appartment Park"
      },
      "geometry": {
        "type": "Polygon",
        "coordinates": [
          [
            [
              72.6657667,
              23.0776571
            ],
            [
              72.6658551,
              23.077338
            ],
            [
              72.6660604,
              23.0773445
            ],
            [
              72.6659507,
              23.0777125
            ],
            [
              72.6657667,
              23.0776571
            ]
          ]
        ]
      },
      "id": "way/451491950"
    },
    {
      "type": "Feature",
      "properties": {
        "@id": "way/451497109",
        "leisure": "park"
      },
      "geometry": {
        "type": "Polygon",
        "coordinates": [
          [
            [
              72.661529,
              23.0560241
            ],
            [
              72.6615102,
              23.0558649
            ],
            [
              72.6615499,
              23.0558309
            ],
            [
              72.6615532,
              23.0557687
            ],
            [
              72.6615129,
              23.0557428
            ],
            [
              72.6614968,
              23.0555503
            ],
            [
              72.6618777,
              23.0555503
            ],
            [
              72.6618938,
              23.0559896
            ],
            [
              72.661529,
              23.0560241
            ]
          ]
        ]
      },
      "id": "way/451497109"
    },
    {
      "type": "Feature",
      "properties": {
        "@id": "way/451497164",
        "leisure": "park"
      },
      "geometry": {
        "type": "Polygon",
        "coordinates": [
          [
            [
              72.6627931,
              23.0548244
            ],
            [
              72.6628337,
              23.0544803
            ],
            [
              72.6632077,
              23.0545102
            ],
            [
              72.6632484,
              23.054787
            ],
            [
              72.6627931,
              23.0548244
            ]
          ]
        ]
      },
      "id": "way/451497164"
    },
    {
      "type": "Feature",
      "properties": {
        "@id": "way/451497165",
        "leisure": "park"
      },
      "geometry": {
        "type": "Polygon",
        "coordinates": [
          [
            [
              72.6624242,
              23.055878
            ],
            [
              72.6623995,
              23.0554358
            ],
            [
              72.6634471,
              23.0553451
            ],
            [
              72.6634471,
              23.0556626
            ],
            [
              72.6630157,
              23.0557987
            ],
            [
              72.6624242,
              23.055878
            ]
          ]
        ]
      },
      "id": "way/451497165"
    },
    {
      "type": "Feature",
      "properties": {
        "@id": "way/451498913",
        "leisure": "park"
      },
      "geometry": {
        "type": "Polygon",
        "coordinates": [
          [
            [
              72.6636378,
              23.0583455
            ],
            [
              72.6637031,
              23.0576408
            ],
            [
              72.6645998,
              23.0576151
            ],
            [
              72.6646838,
              23.0582424
            ],
            [
              72.6645904,
              23.0583026
            ],
            [
              72.6636378,
              23.0583455
            ]
          ]
        ]
      },
      "id": "way/451498913"
    },
    {
      "type": "Feature",
      "properties": {
        "@id": "way/451513556",
        "leisure": "park",
        "name": "Madhuvan Green Party Plot ,Nikol"
      },
      "geometry": {
        "type": "Polygon",
        "coordinates": [
          [
            [
              72.671562,
              23.0591118
            ],
            [
              72.6715325,
              23.0590921
            ],
            [
              72.6714735,
              23.0590649
            ],
            [
              72.6714735,
              23.0590329
            ],
            [
              72.6715352,
              23.0590008
            ],
            [
              72.6715164,
              23.058865
            ],
            [
              72.6714843,
              23.0583468
            ],
            [
              72.6720556,
              23.0583616
            ],
            [
              72.6720851,
              23.0583542
            ],
            [
              72.6721226,
              23.0583468
            ],
            [
              72.6721334,
              23.0585319
            ],
            [
              72.6723238,
              23.0593981
            ],
            [
              72.6722943,
              23.0594771
            ],
            [
              72.6716318,
              23.0594746
            ],
            [
              72.6714896,
              23.0593882
            ],
            [
              72.6714896,
              23.0592476
            ],
            [
              72.6715647,
              23.0592056
            ],
            [
              72.671562,
              23.0591118
            ]
          ]
        ]
      },
      "id": "way/451513556"
    },
    {
      "type": "Feature",
      "properties": {
        "@id": "way/451817621",
        "leisure": "park"
      },
      "geometry": {
        "type": "Polygon",
        "coordinates": [
          [
            [
              72.539581,
              23.0437869
            ],
            [
              72.5399861,
              23.0435426
            ],
            [
              72.5400102,
              23.0435771
            ],
            [
              72.5400772,
              23.0435747
            ],
            [
              72.5401068,
              23.0436314
            ],
            [
              72.5400907,
              23.0437104
            ],
            [
              72.5401577,
              23.0437672
            ],
            [
              72.5402409,
              23.0438092
            ],
            [
              72.5402838,
              23.043856
            ],
            [
              72.5402382,
              23.0438931
            ],
            [
              72.5402489,
              23.0439449
            ],
            [
              72.5398278,
              23.0441695
            ],
            [
              72.539581,
              23.0437869
            ]
          ]
        ]
      },
      "id": "way/451817621"
    },
    {
      "type": "Feature",
      "properties": {
        "@id": "way/451817622",
        "leisure": "park"
      },
      "geometry": {
        "type": "Polygon",
        "coordinates": [
          [
            [
              72.5401394,
              23.0428576
            ],
            [
              72.5405144,
              23.0433983
            ],
            [
              72.5403659,
              23.0434829
            ],
            [
              72.5399589,
              23.0429358
            ],
            [
              72.5401394,
              23.0428576
            ]
          ]
        ]
      },
      "id": "way/451817622"
    },
    {
      "type": "Feature",
      "properties": {
        "@id": "way/451817623",
        "leisure": "park"
      },
      "geometry": {
        "type": "Polygon",
        "coordinates": [
          [
            [
              72.5405959,
              23.0435644
            ],
            [
              72.5406278,
              23.0435481
            ],
            [
              72.5411021,
              23.0442353
            ],
            [
              72.5408755,
              23.0443623
            ],
            [
              72.5408083,
              23.0441994
            ],
            [
              72.5404508,
              23.0436523
            ],
            [
              72.5405959,
              23.0435644
            ]
          ]
        ]
      },
      "id": "way/451817623"
    },
    {
      "type": "Feature",
      "properties": {
        "@id": "way/451817625",
        "leisure": "park"
      },
      "geometry": {
        "type": "Polygon",
        "coordinates": [
          [
            [
              72.5382742,
              23.0421053
            ],
            [
              72.539205,
              23.0415614
            ],
            [
              72.5400155,
              23.0426134
            ],
            [
              72.5389962,
              23.0431117
            ],
            [
              72.5388299,
              23.0430237
            ],
            [
              72.5382742,
              23.0421053
            ]
          ]
        ]
      },
      "id": "way/451817625"
    },
    {
      "type": "Feature",
      "properties": {
        "@id": "way/452010439",
        "leisure": "park",
        "name": "Kubernagar garden"
      },
      "geometry": {
        "type": "Polygon",
        "coordinates": [
          [
            [
              72.6416599,
              23.0752501
            ],
            [
              72.6416722,
              23.0749043
            ],
            [
              72.6417831,
              23.0749355
            ],
            [
              72.641931,
              23.0749837
            ],
            [
              72.642045,
              23.0748873
            ],
            [
              72.6421898,
              23.0749412
            ],
            [
              72.6423346,
              23.0751339
            ],
            [
              72.6423161,
              23.0751878
            ],
            [
              72.6421344,
              23.0752019
            ],
            [
              72.6419895,
              23.0752756
            ],
            [
              72.6416599,
              23.0752501
            ]
          ]
        ]
      },
      "id": "way/452010439"
    },
    {
      "type": "Feature",
      "properties": {
        "@id": "way/452061105",
        "leisure": "park"
      },
      "geometry": {
        "type": "Polygon",
        "coordinates": [
          [
            [
              72.5770158,
              23.0678746
            ],
            [
              72.5770707,
              23.0678714
            ],
            [
              72.576968,
              23.068026
            ],
            [
              72.5769999,
              23.0680928
            ],
            [
              72.5770282,
              23.0681628
            ],
            [
              72.5769716,
              23.0682751
            ],
            [
              72.5766212,
              23.0681726
            ],
            [
              72.5765823,
              23.0679479
            ],
            [
              72.576607,
              23.0678877
            ],
            [
              72.5770158,
              23.0678746
            ]
          ]
        ]
      },
      "id": "way/452061105"
    },
    {
      "type": "Feature",
      "properties": {
        "@id": "way/452061106",
        "leisure": "park"
      },
      "geometry": {
        "type": "Polygon",
        "coordinates": [
          [
            [
              72.5770813,
              23.0681677
            ],
            [
              72.5771892,
              23.0681986
            ],
            [
              72.5772441,
              23.0681986
            ],
            [
              72.577322,
              23.0681775
            ],
            [
              72.5773078,
              23.0682344
            ],
            [
              72.5772459,
              23.0683565
            ],
            [
              72.5770371,
              23.0683012
            ],
            [
              72.5770371,
              23.06828
            ],
            [
              72.5770813,
              23.0681677
            ]
          ]
        ]
      },
      "id": "way/452061106"
    },
    {
      "type": "Feature",
      "properties": {
        "@id": "way/452834975",
        "leisure": "park"
      },
      "geometry": {
        "type": "Polygon",
        "coordinates": [
          [
            [
              72.6270102,
              23.0860606
            ],
            [
              72.6273655,
              23.0860606
            ],
            [
              72.6273703,
              23.086171
            ],
            [
              72.6270054,
              23.0862593
            ],
            [
              72.6270102,
              23.0860606
            ]
          ]
        ]
      },
      "id": "way/452834975"
    },
    {
      "type": "Feature",
      "properties": {
        "@id": "way/455035338",
        "leisure": "park"
      },
      "geometry": {
        "type": "Polygon",
        "coordinates": [
          [
            [
              72.6371277,
              23.1991271
            ],
            [
              72.637379,
              23.1990407
            ],
            [
              72.6374735,
              23.1992729
            ],
            [
              72.6372223,
              23.1993592
            ],
            [
              72.6371277,
              23.1991271
            ]
          ]
        ]
      },
      "id": "way/455035338"
    },
    {
      "type": "Feature",
      "properties": {
        "@id": "way/455035339",
        "leisure": "park"
      },
      "geometry": {
        "type": "Polygon",
        "coordinates": [
          [
            [
              72.6361449,
              23.1988982
            ],
            [
              72.6363862,
              23.1988128
            ],
            [
              72.6364795,
              23.1990358
            ],
            [
              72.6362382,
              23.1991211
            ],
            [
              72.6361449,
              23.1988982
            ]
          ]
        ]
      },
      "id": "way/455035339"
    },
    {
      "type": "Feature",
      "properties": {
        "@id": "way/455035341",
        "leisure": "park"
      },
      "geometry": {
        "type": "Polygon",
        "coordinates": [
          [
            [
              72.6329546,
              23.2000236
            ],
            [
              72.6332005,
              23.1999501
            ],
            [
              72.6332808,
              23.2001773
            ],
            [
              72.6330349,
              23.2002507
            ],
            [
              72.6329546,
              23.2000236
            ]
          ]
        ]
      },
      "id": "way/455035341"
    },
    {
      "type": "Feature",
      "properties": {
        "@id": "way/455500037",
        "leisure": "park"
      },
      "geometry": {
        "type": "Polygon",
        "coordinates": [
          [
            [
              72.6335644,
              23.1997586
            ],
            [
              72.6341228,
              23.1996038
            ],
            [
              72.6341791,
              23.1997754
            ],
            [
              72.6336207,
              23.1999301
            ],
            [
              72.6335644,
              23.1997586
            ]
          ]
        ]
      },
      "id": "way/455500037"
    },
    {
      "type": "Feature",
      "properties": {
        "@id": "way/455500038",
        "leisure": "park"
      },
      "geometry": {
        "type": "Polygon",
        "coordinates": [
          [
            [
              72.6368267,
              23.1992346
            ],
            [
              72.6370001,
              23.1996778
            ],
            [
              72.6367345,
              23.1997656
            ],
            [
              72.6365611,
              23.1993224
            ],
            [
              72.6368267,
              23.1992346
            ]
          ]
        ]
      },
      "id": "way/455500038"
    },
    {
      "type": "Feature",
      "properties": {
        "@id": "way/462146716",
        "addr:city": "Ahmedabad",
        "addr:postcode": "382480",
        "addr:street": "BalolNagar Cross Road",
        "leisure": "park",
        "name": "Municipal Garden"
      },
      "geometry": {
        "type": "Polygon",
        "coordinates": [
          [
            [
              72.5672199,
              23.0792163
            ],
            [
              72.5671182,
              23.0787395
            ],
            [
              72.5677118,
              23.0787095
            ],
            [
              72.5678844,
              23.0790757
            ],
            [
              72.5672199,
              23.0792163
            ]
          ]
        ]
      },
      "id": "way/462146716"
    },
    {
      "type": "Feature",
      "properties": {
        "@id": "way/462300706",
        "leisure": "park",
        "name": "Senior Citizen Park-AMC"
      },
      "geometry": {
        "type": "Polygon",
        "coordinates": [
          [
            [
              72.5667016,
              23.0817551
            ],
            [
              72.5669953,
              23.0813709
            ],
            [
              72.5670221,
              23.0813612
            ],
            [
              72.5670467,
              23.0813781
            ],
            [
              72.5671052,
              23.0816785
            ],
            [
              72.5667016,
              23.0817551
            ]
          ]
        ]
      },
      "id": "way/462300706"
    },
    {
      "type": "Feature",
      "properties": {
        "@id": "way/462303087",
        "leisure": "park",
        "name": "AMC-Garden"
      },
      "geometry": {
        "type": "Polygon",
        "coordinates": [
          [
            [
              72.5621762,
              23.0826201
            ],
            [
              72.5622625,
              23.0821652
            ],
            [
              72.5624874,
              23.082185
            ],
            [
              72.5624397,
              23.0825081
            ],
            [
              72.5622486,
              23.0824784
            ],
            [
              72.5622194,
              23.0826357
            ],
            [
              72.5621762,
              23.0826201
            ]
          ]
        ]
      },
      "id": "way/462303087"
    },
    {
      "type": "Feature",
      "properties": {
        "@id": "way/462303433",
        "leisure": "park",
        "name": "AMC- Garden"
      },
      "geometry": {
        "type": "Polygon",
        "coordinates": [
          [
            [
              72.5632016,
              23.081236
            ],
            [
              72.5633436,
              23.0805449
            ],
            [
              72.5636582,
              23.0806136
            ],
            [
              72.5636847,
              23.080629
            ],
            [
              72.5637112,
              23.0806763
            ],
            [
              72.5636015,
              23.0812929
            ],
            [
              72.5632016,
              23.081236
            ]
          ]
        ]
      },
      "id": "way/462303433"
    },
    {
      "type": "Feature",
      "properties": {
        "@id": "way/463206266",
        "leisure": "park",
        "name": "Riverfront Park",
        "opening_hours": "Tu-Su 04:00-22:00"
      },
      "geometry": {
        "type": "Polygon",
        "coordinates": [
          [
            [
              72.5855793,
              23.0598151
            ],
            [
              72.5849077,
              23.0594005
            ],
            [
              72.5848625,
              23.0592743
            ],
            [
              72.584417,
              23.058959
            ],
            [
              72.5844438,
              23.0589318
            ],
            [
              72.5840026,
              23.0585838
            ],
            [
              72.5839782,
              23.0586119
            ],
            [
              72.5835129,
              23.0582383
            ],
            [
              72.5833758,
              23.0582263
            ],
            [
              72.5827961,
              23.0577389
            ],
            [
              72.5820971,
              23.0571494
            ],
            [
              72.5820794,
              23.0571706
            ],
            [
              72.5817237,
              23.0568687
            ],
            [
              72.5812356,
              23.0564319
            ],
            [
              72.5812584,
              23.0564171
            ],
            [
              72.581165,
              23.0563245
            ],
            [
              72.5805441,
              23.0556922
            ],
            [
              72.5801137,
              23.0552008
            ],
            [
              72.5800952,
              23.0550335
            ],
            [
              72.5798293,
              23.0547027
            ],
            [
              72.579855,
              23.0546844
            ],
            [
              72.5797896,
              23.0545985
            ],
            [
              72.579848,
              23.0545652
            ],
            [
              72.5797511,
              23.0544406
            ],
            [
              72.5797009,
              23.0544739
            ],
            [
              72.579632,
              23.0543879
            ],
            [
              72.5796146,
              23.0543977
            ],
            [
              72.5796052,
              23.054403
            ],
            [
              72.5793813,
              23.0540837
            ],
            [
              72.5792207,
              23.0540258
            ],
            [
              72.5787218,
              23.0533022
            ],
            [
              72.5791963,
              23.053047
            ],
            [
              72.5794397,
              23.0534311
            ],
            [
              72.5793234,
              23.0534969
            ],
            [
              72.5799587,
              23.0543176
            ],
            [
              72.5800065,
              23.0542856
            ],
            [
              72.5800902,
              23.0543935
            ],
            [
              72.5802244,
              23.0545912
            ],
            [
              72.5802696,
              23.0546553
            ],
            [
              72.5803213,
              23.0547287
            ],
            [
              72.5804042,
              23.0546911
            ],
            [
              72.5814048,
              23.0557993
            ],
            [
              72.5814133,
              23.0558368
            ],
            [
              72.5815416,
              23.0559736
            ],
            [
              72.5815213,
              23.0560169
            ],
            [
              72.5816666,
              23.0561346
            ],
            [
              72.5816399,
              23.0562093
            ],
            [
              72.5817955,
              23.0563482
            ],
            [
              72.5818679,
              23.0562745
            ],
            [
              72.5822231,
              23.0565243
            ],
            [
              72.5825289,
              23.0567649
            ],
            [
              72.5827793,
              23.0569687
            ],
            [
              72.582961,
              23.0571252
            ],
            [
              72.5833361,
              23.0574381
            ],
            [
              72.5833938,
              23.0574918
            ],
            [
              72.5837583,
              23.0578312
            ],
            [
              72.5843876,
              23.0583436
            ],
            [
              72.5843969,
              23.0583307
            ],
            [
              72.5845303,
              23.0584384
            ],
            [
              72.5846579,
              23.0585414
            ],
            [
              72.5847006,
              23.0584881
            ],
            [
              72.5848846,
              23.058648
            ],
            [
              72.5850542,
              23.0588093
            ],
            [
              72.585728,
              23.0595848
            ],
            [
              72.5855793,
              23.0598151
            ]
          ]
        ]
      },
      "id": "way/463206266"
    },
    {
      "type": "Feature",
      "properties": {
        "@id": "way/468008726",
        "leisure": "park",
        "name": "Jethabhai Parmar Garden"
      },
      "geometry": {
        "type": "Polygon",
        "coordinates": [
          [
            [
              72.600659,
              23.0494234
            ],
            [
              72.6006087,
              23.0494093
            ],
            [
              72.6005403,
              23.0487632
            ],
            [
              72.6013022,
              23.0485203
            ],
            [
              72.6013188,
              23.0494383
            ],
            [
              72.600659,
              23.0494234
            ]
          ]
        ]
      },
      "id": "way/468008726"
    },
    {
      "type": "Feature",
      "properties": {
        "@id": "way/469342324",
        "leisure": "park",
        "name": "Oxygen Park"
      },
      "geometry": {
        "type": "Polygon",
        "coordinates": [
          [
            [
              72.6297817,
              22.9846886
            ],
            [
              72.6293654,
              22.9846227
            ],
            [
              72.6289995,
              22.9845648
            ],
            [
              72.6289915,
              22.9845212
            ],
            [
              72.6290117,
              22.9844854
            ],
            [
              72.6292304,
              22.9844476
            ],
            [
              72.6297908,
              22.9843509
            ],
            [
              72.6297817,
              22.9846886
            ]
          ]
        ]
      },
      "id": "way/469342324"
    },
    {
      "type": "Feature",
      "properties": {
        "@id": "way/472446481",
        "leisure": "park",
        "name": "Malav Talav",
        "name:en": "Malav Lake"
      },
      "geometry": {
        "type": "Polygon",
        "coordinates": [
          [
            [
              72.5389887,
              23.0075423
            ],
            [
              72.5389856,
              23.0073213
            ],
            [
              72.5385752,
              23.0070892
            ],
            [
              72.539073,
              23.0060113
            ],
            [
              72.5391403,
              23.0058609
            ],
            [
              72.5407585,
              23.0069425
            ],
            [
              72.5401047,
              23.0078849
            ],
            [
              72.5390397,
              23.0075579
            ],
            [
              72.5389887,
              23.0075423
            ]
          ]
        ]
      },
      "id": "way/472446481"
    },
    {
      "type": "Feature",
      "properties": {
        "@id": "way/486964180",
        "leisure": "park"
      },
      "geometry": {
        "type": "Polygon",
        "coordinates": [
          [
            [
              72.5146513,
              23.0555655
            ],
            [
              72.5146299,
              23.0552656
            ],
            [
              72.5154493,
              23.0553224
            ],
            [
              72.5154399,
              23.05541
            ],
            [
              72.5153769,
              23.0554211
            ],
            [
              72.5148418,
              23.0555297
            ],
            [
              72.5146513,
              23.0555655
            ]
          ]
        ]
      },
      "id": "way/486964180"
    },
    {
      "type": "Feature",
      "properties": {
        "@id": "way/487820108",
        "addr:city": "Ahmedabad",
        "addr:postcode": "380058",
        "addr:street": "Sindhu Bhavan Road",
        "leisure": "park",
        "name": "Gotila Garden Talav",
        "name:en": "Gotila Garden Lake",
        "opening_hours": "Mo-Su 06:00-12:00,14:00-22:00"
      },
      "geometry": {
        "type": "Polygon",
        "coordinates": [
          [
            [
              72.4934886,
              23.0411403
            ],
            [
              72.4932777,
              23.0398927
            ],
            [
              72.4931221,
              23.0389758
            ],
            [
              72.4930999,
              23.0388447
            ],
            [
              72.4950185,
              23.0386447
            ],
            [
              72.4950787,
              23.0386381
            ],
            [
              72.4952032,
              23.0398957
            ],
            [
              72.4965128,
              23.0397963
            ],
            [
              72.4965333,
              23.0398275
            ],
            [
              72.4968504,
              23.0403105
            ],
            [
              72.4970882,
              23.0406726
            ],
            [
              72.4959388,
              23.0400234
            ],
            [
              72.4952173,
              23.0400654
            ],
            [
              72.4952213,
              23.0401333
            ],
            [
              72.4943228,
              23.0402375
            ],
            [
              72.4944254,
              23.0410514
            ],
            [
              72.4939965,
              23.0410891
            ],
            [
              72.4936529,
              23.0411223
            ],
            [
              72.4934886,
              23.0411403
            ]
          ]
        ]
      },
      "id": "way/487820108"
    },
    {
      "type": "Feature",
      "properties": {
        "@id": "way/526388325",
        "leisure": "park",
        "name": "Flower Park, Sabarmati Riverfront"
      },
      "geometry": {
        "type": "Polygon",
        "coordinates": [
          [
            [
              72.5736854,
              23.0222173
            ],
            [
              72.573661,
              23.0220114
            ],
            [
              72.573744,
              23.0219687
            ],
            [
              72.573799,
              23.021944
            ],
            [
              72.5738191,
              23.0219033
            ],
            [
              72.5738379,
              23.0218243
            ],
            [
              72.5738392,
              23.0217428
            ],
            [
              72.5738138,
              23.0216663
            ],
            [
              72.5737306,
              23.0215564
            ],
            [
              72.5736341,
              23.0214565
            ],
            [
              72.5735804,
              23.0214935
            ],
            [
              72.5734904,
              23.0209102
            ],
            [
              72.5734374,
              23.0205709
            ],
            [
              72.5733229,
              23.0200346
            ],
            [
              72.5733117,
              23.019963
            ],
            [
              72.5732264,
              23.0194174
            ],
            [
              72.5731446,
              23.0188545
            ],
            [
              72.5730954,
              23.018433
            ],
            [
              72.5730855,
              23.0183485
            ],
            [
              72.5730721,
              23.0177844
            ],
            [
              72.5730886,
              23.0173385
            ],
            [
              72.5731248,
              23.0165205
            ],
            [
              72.5734555,
              23.0165191
            ],
            [
              72.5734625,
              23.0162247
            ],
            [
              72.5740064,
              23.0162123
            ],
            [
              72.5740055,
              23.0163892
            ],
            [
              72.5740152,
              23.0170041
            ],
            [
              72.5739851,
              23.0178007
            ],
            [
              72.5739449,
              23.0178031
            ],
            [
              72.5739325,
              23.0183659
            ],
            [
              72.5740236,
              23.0183702
            ],
            [
              72.5739957,
              23.0191514
            ],
            [
              72.5742683,
              23.0196689
            ],
            [
              72.5742447,
              23.0199924
            ],
            [
              72.5741928,
              23.020925
            ],
            [
              72.5741562,
              23.0209237
            ],
            [
              72.5741406,
              23.0212358
            ],
            [
              72.574099,
              23.0212287
            ],
            [
              72.5740654,
              23.0216907
            ],
            [
              72.5740995,
              23.02169
            ],
            [
              72.5740573,
              23.0221976
            ],
            [
              72.5739238,
              23.0221987
            ],
            [
              72.5736854,
              23.0222173
            ]
          ]
        ]
      },
      "id": "way/526388325"
    },
    {
      "type": "Feature",
      "properties": {
        "@id": "way/530527764",
        "leisure": "park",
        "name": "Energy Park"
      },
      "geometry": {
        "type": "Polygon",
        "coordinates": [
          [
            [
              72.4940666,
              23.0810923
            ],
            [
              72.4939083,
              23.0805926
            ],
            [
              72.4943281,
              23.0802015
            ],
            [
              72.4948592,
              23.0803224
            ],
            [
              72.4950214,
              23.0808308
            ],
            [
              72.494638,
              23.0812127
            ],
            [
              72.4940666,
              23.0810923
            ]
          ]
        ]
      },
      "id": "way/530527764"
    },
    {
      "type": "Feature",
      "properties": {
        "@id": "way/530527770",
        "leisure": "park",
        "name": "Life Science Park"
      },
      "geometry": {
        "type": "Polygon",
        "coordinates": [
          [
            [
              72.4943927,
              23.0799859
            ],
            [
              72.4942344,
              23.0794863
            ],
            [
              72.4946542,
              23.0790951
            ],
            [
              72.4951853,
              23.0792161
            ],
            [
              72.4953475,
              23.0797244
            ],
            [
              72.4949573,
              23.080113
            ],
            [
              72.4943927,
              23.0799859
            ]
          ]
        ]
      },
      "id": "way/530527770"
    },
    {
      "type": "Feature",
      "properties": {
        "@id": "way/538916426",
        "leisure": "park",
        "name": "Botanical Garden"
      },
      "geometry": {
        "type": "Polygon",
        "coordinates": [
          [
            [
              72.5484184,
              23.1294556
            ],
            [
              72.5484613,
              23.1297245
            ],
            [
              72.5481261,
              23.129722
            ],
            [
              72.5481207,
              23.1293125
            ],
            [
              72.5483245,
              23.1293125
            ],
            [
              72.5484184,
              23.1294556
            ]
          ]
        ]
      },
      "id": "way/538916426"
    },
    {
      "type": "Feature",
      "properties": {
        "@id": "way/544503667",
        "amenity": "fire_station",
        "building": "yes",
        "name": "GIFT Fire Station"
      },
      "geometry": {
        "type": "Polygon",
        "coordinates": [
          [
            [
              72.6832197,
              23.1661974
            ],
            [
              72.6832769,
              23.166133
            ],
            [
              72.6834392,
              23.1660214
            ],
            [
              72.6836668,
              23.1659538
            ],
            [
              72.6838957,
              23.1659581
            ],
            [
              72.6840848,
              23.1660289
            ],
            [
              72.6842506,
              23.1661319
            ],
            [
              72.6843417,
              23.166264
            ],
            [
              72.6844047,
              23.166381
            ],
            [
              72.6844351,
              23.1665227
            ],
            [
              72.6844257,
              23.1666955
            ],
            [
              72.6842436,
              23.1666676
            ],
            [
              72.6842448,
              23.1665913
            ],
            [
              72.6842389,
              23.166528
            ],
            [
              72.6842342,
              23.1664625
            ],
            [
              72.6842191,
              23.1664658
            ],
            [
              72.6841852,
              23.1664743
            ],
            [
              72.6841607,
              23.1664518
            ],
            [
              72.6841595,
              23.1664132
            ],
            [
              72.6842086,
              23.1664057
            ],
            [
              72.6841957,
              23.1663842
            ],
            [
              72.6841467,
              23.1663091
            ],
            [
              72.6840685,
              23.1662328
            ],
            [
              72.6840007,
              23.1661813
            ],
            [
              72.6838957,
              23.1661416
            ],
            [
              72.6837964,
              23.1661244
            ],
            [
              72.6837252,
              23.1661298
            ],
            [
              72.6837334,
              23.1661652
            ],
            [
              72.6837252,
              23.1661878
            ],
            [
              72.6836762,
              23.1661899
            ],
            [
              72.6836645,
              23.1661599
            ],
            [
              72.6836727,
              23.1661255
            ],
            [
              72.6835524,
              23.1661641
            ],
            [
              72.683487,
              23.1662049
            ],
            [
              72.6833621,
              23.1663037
            ],
            [
              72.6832197,
              23.1661974
            ]
          ]
        ]
      },
      "id": "way/544503667"
    },
    {
      "type": "Feature",
      "properties": {
        "@id": "way/550883368",
        "addr:city": "Ahmedabad",
        "addr:postcode": "380054",
        "addr:street": "Rajpath Road",
        "description": "Great place to workout, walk or even sit around.",
        "leisure": "park",
        "name": "AMC Mahila Udyan",
        "operator": "Ahmedabad Municipal Corporation"
      },
      "geometry": {
        "type": "Polygon",
        "coordinates": [
          [
            [
              72.5056646,
              23.0329194
            ],
            [
              72.5056287,
              23.0328585
            ],
            [
              72.505518,
              23.0326135
            ],
            [
              72.505454,
              23.0324556
            ],
            [
              72.5054089,
              23.0323297
            ],
            [
              72.5053487,
              23.0321999
            ],
            [
              72.5052895,
              23.0320543
            ],
            [
              72.5051509,
              23.031707
            ],
            [
              72.5051923,
              23.0315731
            ],
            [
              72.5052812,
              23.0314729
            ],
            [
              72.5054612,
              23.0312552
            ],
            [
              72.5055533,
              23.0311583
            ],
            [
              72.5056653,
              23.031084
            ],
            [
              72.5058471,
              23.0311887
            ],
            [
              72.5065222,
              23.031529
            ],
            [
              72.5066846,
              23.0316109
            ],
            [
              72.5068752,
              23.031707
            ],
            [
              72.5069762,
              23.0317874
            ],
            [
              72.5069605,
              23.0319435
            ],
            [
              72.5069513,
              23.0320441
            ],
            [
              72.5069159,
              23.0323372
            ],
            [
              72.5068416,
              23.0325945
            ],
            [
              72.5067549,
              23.0327053
            ],
            [
              72.5061252,
              23.0327164
            ],
            [
              72.5061176,
              23.0329528
            ],
            [
              72.5060138,
              23.0329477
            ],
            [
              72.5058895,
              23.0329426
            ],
            [
              72.5058082,
              23.0329458
            ],
            [
              72.505732,
              23.0329519
            ],
            [
              72.5056646,
              23.0329194
            ]
          ]
        ]
      },
      "id": "way/550883368"
    },
    {
      "type": "Feature",
      "properties": {
        "@id": "way/553677194",
        "barrier": "wall",
        "leisure": "park",
        "name": "Ecology Park",
        "wikidata": "Q121911137",
        "wikipedia": "en:Ecology Park"
      },
      "geometry": {
        "type": "Polygon",
        "coordinates": [
          [
            [
              72.4536933,
              23.0460983
            ],
            [
              72.4538815,
              23.0459827
            ],
            [
              72.4541525,
              23.0458055
            ],
            [
              72.4541799,
              23.0457885
            ],
            [
              72.4542109,
              23.045767
            ],
            [
              72.4544005,
              23.0456357
            ],
            [
              72.4545507,
              23.0456608
            ],
            [
              72.4545791,
              23.0456656
            ],
            [
              72.4554321,
              23.0458084
            ],
            [
              72.4552989,
              23.0464166
            ],
            [
              72.4552591,
              23.0465943
            ],
            [
              72.4541977,
              23.0463418
            ],
            [
              72.4536933,
              23.0460983
            ]
          ]
        ]
      },
      "id": "way/553677194"
    },
    {
      "type": "Feature",
      "properties": {
        "@id": "way/555775170",
        "leisure": "park"
      },
      "geometry": {
        "type": "Polygon",
        "coordinates": [
          [
            [
              72.5992762,
              23.0094748
            ],
            [
              72.5981791,
              23.008255
            ],
            [
              72.5986553,
              23.0080467
            ],
            [
              72.5990644,
              23.0084372
            ],
            [
              72.5996344,
              23.00882
            ],
            [
              72.5992762,
              23.0094748
            ]
          ]
        ]
      },
      "id": "way/555775170"
    },
    {
      "type": "Feature",
      "properties": {
        "@id": "way/555775527",
        "animal_shelter": "zoo",
        "leisure": "park"
      },
      "geometry": {
        "type": "Polygon",
        "coordinates": [
          [
            [
              72.5981791,
              23.008255
            ],
            [
              72.5973275,
              23.0076782
            ],
            [
              72.5974309,
              23.0076632
            ],
            [
              72.5981507,
              23.0070374
            ],
            [
              72.5983456,
              23.0075459
            ],
            [
              72.5985527,
              23.0078893
            ],
            [
              72.5983375,
              23.0080212
            ],
            [
              72.5983858,
              23.0081199
            ],
            [
              72.5981791,
              23.008255
            ]
          ]
        ]
      },
      "id": "way/555775527"
    },
    {
      "type": "Feature",
      "properties": {
        "@id": "way/555776167",
        "food": "seating area",
        "leisure": "park"
      },
      "geometry": {
        "type": "Polygon",
        "coordinates": [
          [
            [
              72.6046639,
              23.0060235
            ],
            [
              72.6046003,
              23.0058264
            ],
            [
              72.605093,
              23.0054275
            ],
            [
              72.6057733,
              23.0065521
            ],
            [
              72.6046639,
              23.0060235
            ]
          ]
        ]
      },
      "id": "way/555776167"
    },
    {
      "type": "Feature",
      "properties": {
        "@id": "way/555931904",
        "leisure": "park",
        "name": "riverfront garden"
      },
      "geometry": {
        "type": "Polygon",
        "coordinates": [
          [
            [
              72.5721538,
              23.0406824
            ],
            [
              72.5722276,
              23.0408898
            ],
            [
              72.5723375,
              23.0418832
            ],
            [
              72.5723657,
              23.0423559
            ],
            [
              72.5724556,
              23.0428668
            ],
            [
              72.5724958,
              23.0429421
            ],
            [
              72.5727171,
              23.0438097
            ],
            [
              72.5728552,
              23.044539
            ],
            [
              72.5729075,
              23.0449142
            ],
            [
              72.5731248,
              23.0458311
            ],
            [
              72.5730282,
              23.0458533
            ],
            [
              72.5727332,
              23.0450043
            ],
            [
              72.5722879,
              23.0435628
            ],
            [
              72.5719151,
              23.0425237
            ],
            [
              72.5717702,
              23.0416895
            ],
            [
              72.57173,
              23.0407096
            ],
            [
              72.5721538,
              23.0406824
            ]
          ]
        ]
      },
      "id": "way/555931904"
    },
    {
      "type": "Feature",
      "properties": {
        "@id": "way/557551584",
        "addr:city": "Ahmedabad",
        "addr:postcode": "380013",
        "alt_name": "Shri Maharshi Arvind Garden",
        "leisure": "park",
        "name": "Shree Maharshi Arvind Garden",
        "name:gu": "શ્રી મહર્ષી અરવિંદ બાગ"
      },
      "geometry": {
        "type": "Polygon",
        "coordinates": [
          [
            [
              72.5549122,
              23.0559786
            ],
            [
              72.5558886,
              23.0553961
            ],
            [
              72.556543,
              23.0561957
            ],
            [
              72.555674,
              23.056719
            ],
            [
              72.5549122,
              23.0559786
            ]
          ]
        ]
      },
      "id": "way/557551584"
    },
    {
      "type": "Feature",
      "properties": {
        "@id": "way/557551890",
        "leisure": "park",
        "name": "AUDA garden"
      },
      "geometry": {
        "type": "Polygon",
        "coordinates": [
          [
            [
              72.5315448,
              23.0430198
            ],
            [
              72.5315787,
              23.0427079
            ],
            [
              72.5321083,
              23.0425756
            ],
            [
              72.5320162,
              23.0431105
            ],
            [
              72.5315448,
              23.0430198
            ]
          ]
        ]
      },
      "id": "way/557551890"
    },
    {
      "type": "Feature",
      "properties": {
        "@id": "way/557552211",
        "leisure": "park",
        "name": "Uday park"
      },
      "geometry": {
        "type": "Polygon",
        "coordinates": [
          [
            [
              72.5282,
              23.0413709
            ],
            [
              72.5278339,
              23.0405697
            ],
            [
              72.527776,
              23.0404646
            ],
            [
              72.5279158,
              23.0403479
            ],
            [
              72.5282581,
              23.0404414
            ],
            [
              72.5282223,
              23.0405655
            ],
            [
              72.5285059,
              23.0406421
            ],
            [
              72.5293782,
              23.0408251
            ],
            [
              72.5293399,
              23.0408622
            ],
            [
              72.5289705,
              23.0410591
            ],
            [
              72.5282,
              23.0413709
            ]
          ]
        ]
      },
      "id": "way/557552211"
    },
    {
      "type": "Feature",
      "properties": {
        "@id": "way/557554100",
        "leisure": "park",
        "name": "vikram park"
      },
      "geometry": {
        "type": "Polygon",
        "coordinates": [
          [
            [
              72.5075106,
              23.0421332
            ],
            [
              72.508498,
              23.0417515
            ],
            [
              72.5087217,
              23.0421812
            ],
            [
              72.5091726,
              23.0419881
            ],
            [
              72.5095491,
              23.0428056
            ],
            [
              72.5090921,
              23.0430094
            ],
            [
              72.5092198,
              23.0432758
            ],
            [
              72.50929,
              23.0432473
            ],
            [
              72.5094582,
              23.0435983
            ],
            [
              72.5084155,
              23.0440214
            ],
            [
              72.5075106,
              23.0421332
            ]
          ]
        ]
      },
      "id": "way/557554100"
    },
    {
      "type": "Feature",
      "properties": {
        "@id": "way/557555958",
        "leisure": "park",
        "name": "Ishwarbhai patel garden"
      },
      "geometry": {
        "type": "Polygon",
        "coordinates": [
          [
            [
              72.5722552,
              23.0719007
            ],
            [
              72.5723627,
              23.0724142
            ],
            [
              72.5717812,
              23.0724808
            ],
            [
              72.5716948,
              23.0719673
            ],
            [
              72.5722552,
              23.0719007
            ]
          ]
        ]
      },
      "id": "way/557555958"
    },
    {
      "type": "Feature",
      "properties": {
        "@id": "way/557556742",
        "leisure": "park",
        "name": "Vande mataram park"
      },
      "geometry": {
        "type": "Polygon",
        "coordinates": [
          [
            [
              72.5693433,
              23.0652732
            ],
            [
              72.5687377,
              23.0651696
            ],
            [
              72.5687962,
              23.0646365
            ],
            [
              72.5696759,
              23.0646118
            ],
            [
              72.5696652,
              23.0648635
            ],
            [
              72.5693809,
              23.0648882
            ],
            [
              72.5693433,
              23.0652732
            ]
          ]
        ]
      },
      "id": "way/557556742"
    },
    {
      "type": "Feature",
      "properties": {
        "@id": "way/557557775",
        "leisure": "park",
        "name": "municipal park"
      },
      "geometry": {
        "type": "Polygon",
        "coordinates": [
          [
            [
              72.5618099,
              23.0544113
            ],
            [
              72.5616366,
              23.0540752
            ],
            [
              72.561865,
              23.0540736
            ],
            [
              72.5618836,
              23.0539597
            ],
            [
              72.5618904,
              23.0539177
            ],
            [
              72.5625288,
              23.0540164
            ],
            [
              72.5625124,
              23.0540699
            ],
            [
              72.5623839,
              23.0544903
            ],
            [
              72.5618099,
              23.0544113
            ]
          ]
        ]
      },
      "id": "way/557557775"
    },
    {
      "type": "Feature",
      "properties": {
        "@id": "way/557558188",
        "leisure": "park",
        "name": "Prahladbhai Patel Joggers Park"
      },
      "geometry": {
        "type": "Polygon",
        "coordinates": [
          [
            [
              72.5549056,
              23.0438714
            ],
            [
              72.5547961,
              23.0438842
            ],
            [
              72.5543021,
              23.0439418
            ],
            [
              72.5538569,
              23.0438826
            ],
            [
              72.5539749,
              23.0433248
            ],
            [
              72.5544094,
              23.0431816
            ],
            [
              72.5548231,
              23.0430995
            ],
            [
              72.5548884,
              23.0434888
            ],
            [
              72.5549056,
              23.0438714
            ]
          ]
        ]
      },
      "id": "way/557558188"
    },
    {
      "type": "Feature",
      "properties": {
        "@id": "way/560735699",
        "addr:city": "Ahmedabad",
        "addr:housenumber": "123",
        "addr:postcode": "380015",
        "addr:street": "100 Ft. Road",
        "description": "Popular park in a affluent area. Generally populated in the early morning, and evenings.",
        "leisure": "park",
        "name": "Prahladnagar Garden"
      },
      "geometry": {
        "type": "Polygon",
        "coordinates": [
          [
            [
              72.5066068,
              23.0120073
            ],
            [
              72.5065621,
              23.012538
            ],
            [
              72.5065072,
              23.0136379
            ],
            [
              72.5060937,
              23.0136333
            ],
            [
              72.5060946,
              23.0139698
            ],
            [
              72.5055864,
              23.0139583
            ],
            [
              72.5055972,
              23.0134494
            ],
            [
              72.5056626,
              23.0125458
            ],
            [
              72.5056775,
              23.0123451
            ],
            [
              72.5056803,
              23.011968
            ],
            [
              72.505847,
              23.0119674
            ],
            [
              72.5061223,
              23.0119795
            ],
            [
              72.5064193,
              23.0119878
            ],
            [
              72.5066068,
              23.0120073
            ]
          ]
        ]
      },
      "id": "way/560735699"
    },
    {
      "type": "Feature",
      "properties": {
        "@id": "way/573008946",
        "addr:city": "Ahmedabad",
        "addr:postcode": "380013",
        "addr:street": "Ashram Road",
        "leisure": "park",
        "name": "Aussizz Group Imigration Agent"
      },
      "geometry": {
        "type": "Polygon",
        "coordinates": [
          [
            [
              72.5716012,
              23.0485388
            ],
            [
              72.5715826,
              23.0484056
            ],
            [
              72.5716596,
              23.0483938
            ],
            [
              72.5717075,
              23.0484046
            ],
            [
              72.571711,
              23.0484572
            ],
            [
              72.5717133,
              23.0485141
            ],
            [
              72.5716701,
              23.0485356
            ],
            [
              72.5716012,
              23.0485388
            ]
          ]
        ]
      },
      "id": "way/573008946"
    },
    {
      "type": "Feature",
      "properties": {
        "@id": "way/583408963",
        "leisure": "park"
      },
      "geometry": {
        "type": "Polygon",
        "coordinates": [
          [
            [
              72.5744398,
              23.1796134
            ],
            [
              72.5738511,
              23.1795314
            ],
            [
              72.5738785,
              23.1794247
            ],
            [
              72.5739067,
              23.1792423
            ],
            [
              72.5740086,
              23.1787319
            ],
            [
              72.5741374,
              23.1782511
            ],
            [
              72.5742366,
              23.1781549
            ],
            [
              72.574478,
              23.1781808
            ],
            [
              72.5745089,
              23.1782239
            ],
            [
              72.5745196,
              23.1783398
            ],
            [
              72.5745732,
              23.178367
            ],
            [
              72.5747167,
              23.178378
            ],
            [
              72.5747248,
              23.1784225
            ],
            [
              72.5747263,
              23.178469
            ],
            [
              72.5747141,
              23.1785568
            ],
            [
              72.5745974,
              23.1794198
            ],
            [
              72.5745095,
              23.179527
            ],
            [
              72.5744398,
              23.1796134
            ]
          ]
        ]
      },
      "id": "way/583408963"
    },
    {
      "type": "Feature",
      "properties": {
        "@id": "way/583602816",
        "dog": "no",
        "leisure": "park",
        "name": "Bliss Garden",
        "opening_hours": "24/7",
        "operator": "Amba Township",
        "smoking": "no"
      },
      "geometry": {
        "type": "Polygon",
        "coordinates": [
          [
            [
              72.5727157,
              23.1861096
            ],
            [
              72.5726098,
              23.1860906
            ],
            [
              72.5724342,
              23.1860142
            ],
            [
              72.5723073,
              23.1859319
            ],
            [
              72.5722463,
              23.1858924
            ],
            [
              72.5721683,
              23.1858174
            ],
            [
              72.5726089,
              23.1854826
            ],
            [
              72.5726069,
              23.1854447
            ],
            [
              72.5725451,
              23.1853198
            ],
            [
              72.5725492,
              23.1851912
            ],
            [
              72.5725925,
              23.1850795
            ],
            [
              72.572648,
              23.1849962
            ],
            [
              72.5726357,
              23.1849489
            ],
            [
              72.5722855,
              23.1845727
            ],
            [
              72.5723617,
              23.1845132
            ],
            [
              72.5723893,
              23.1844857
            ],
            [
              72.5724169,
              23.1844508
            ],
            [
              72.5724503,
              23.1844255
            ],
            [
              72.5724848,
              23.184409
            ],
            [
              72.5725316,
              23.1843986
            ],
            [
              72.5725728,
              23.1844047
            ],
            [
              72.5726315,
              23.1843867
            ],
            [
              72.5727527,
              23.1843551
            ],
            [
              72.5728426,
              23.1848518
            ],
            [
              72.5728615,
              23.1848942
            ],
            [
              72.572923,
              23.1849051
            ],
            [
              72.5730388,
              23.1849214
            ],
            [
              72.5731784,
              23.1849931
            ],
            [
              72.5733924,
              23.1850811
            ],
            [
              72.5736137,
              23.185148
            ],
            [
              72.5736939,
              23.185167
            ],
            [
              72.5739919,
              23.1851996
            ],
            [
              72.5742981,
              23.185167
            ],
            [
              72.5743667,
              23.1851453
            ],
            [
              72.5743986,
              23.1850594
            ],
            [
              72.5744684,
              23.1848616
            ],
            [
              72.5744247,
              23.1847648
            ],
            [
              72.5743342,
              23.1846112
            ],
            [
              72.5745314,
              23.1844711
            ],
            [
              72.5746005,
              23.1844318
            ],
            [
              72.5746655,
              23.1844356
            ],
            [
              72.574883,
              23.1845178
            ],
            [
              72.5750091,
              23.1846187
            ],
            [
              72.5750843,
              23.1846953
            ],
            [
              72.5752896,
              23.1848037
            ],
            [
              72.5755172,
              23.1848429
            ],
            [
              72.5756433,
              23.1848822
            ],
            [
              72.5757815,
              23.1849488
            ],
            [
              72.5758059,
              23.1849606
            ],
            [
              72.5759848,
              23.1851251
            ],
            [
              72.5761067,
              23.1853213
            ],
            [
              72.5761663,
              23.1854928
            ],
            [
              72.5761616,
              23.1856763
            ],
            [
              72.5761332,
              23.1858295
            ],
            [
              72.5760417,
              23.1860164
            ],
            [
              72.5759197,
              23.1861378
            ],
            [
              72.57569,
              23.1862836
            ],
            [
              72.5754441,
              23.1863509
            ],
            [
              72.5752688,
              23.1863484
            ],
            [
              72.5751971,
              23.1863359
            ],
            [
              72.5750901,
              23.1863172
            ],
            [
              72.5748898,
              23.1862407
            ],
            [
              72.574859,
              23.1862152
            ],
            [
              72.5747358,
              23.1861133
            ],
            [
              72.5746125,
              23.186
            ],
            [
              72.5744462,
              23.1859207
            ],
            [
              72.5742705,
              23.1858782
            ],
            [
              72.5741899,
              23.1858719
            ],
            [
              72.5743259,
              23.1854782
            ],
            [
              72.5743322,
              23.1854266
            ],
            [
              72.5742947,
              23.1853994
            ],
            [
              72.574134,
              23.185375
            ],
            [
              72.5738937,
              23.185352
            ],
            [
              72.5736269,
              23.185352
            ],
            [
              72.5735661,
              23.1853664
            ],
            [
              72.5733945,
              23.185408
            ],
            [
              72.5732228,
              23.1854825
            ],
            [
              72.5730746,
              23.1855543
            ],
            [
              72.5729451,
              23.185593
            ],
            [
              72.5728936,
              23.1855958
            ],
            [
              72.5728312,
              23.1856001
            ],
            [
              72.5728094,
              23.1856389
            ],
            [
              72.5727157,
              23.1861096
            ]
          ]
        ]
      },
      "id": "way/583602816"
    },
    {
      "type": "Feature",
      "properties": {
        "@id": "way/584631607",
        "leisure": "park"
      },
      "geometry": {
        "type": "Polygon",
        "coordinates": [
          [
            [
              72.6171321,
              22.9918023
            ],
            [
              72.6172335,
              22.9912423
            ],
            [
              72.6177945,
              22.9913139
            ],
            [
              72.6176627,
              22.9918676
            ],
            [
              72.6171321,
              22.9918023
            ]
          ]
        ]
      },
      "id": "way/584631607"
    },
    {
      "type": "Feature",
      "properties": {
        "@id": "way/609295799",
        "leisure": "park"
      },
      "geometry": {
        "type": "Polygon",
        "coordinates": [
          [
            [
              72.5253144,
              23.061725
            ],
            [
              72.5251977,
              23.0615054
            ],
            [
              72.5256322,
              23.0613376
            ],
            [
              72.5257355,
              23.0615572
            ],
            [
              72.5253144,
              23.061725
            ]
          ]
        ]
      },
      "id": "way/609295799"
    },
    {
      "type": "Feature",
      "properties": {
        "@id": "way/677535842",
        "access": "permissive",
        "leisure": "park",
        "max_age": "9",
        "min_age": "2",
        "operator": "ATPL"
      },
      "geometry": {
        "type": "Polygon",
        "coordinates": [
          [
            [
              72.5787801,
              23.1856214
            ],
            [
              72.5787568,
              23.1854894
            ],
            [
              72.5787439,
              23.1851609
            ],
            [
              72.5796569,
              23.1850043
            ],
            [
              72.5797176,
              23.1850193
            ],
            [
              72.5798098,
              23.1852393
            ],
            [
              72.5798817,
              23.1853626
            ],
            [
              72.5799562,
              23.1854916
            ],
            [
              72.5787801,
              23.1856214
            ]
          ]
        ]
      },
      "id": "way/677535842"
    },
    {
      "type": "Feature",
      "properties": {
        "@id": "way/693880236",
        "addr:city": "Raysan",
        "addr:postcode": "382421",
        "leisure": "park",
        "name": "GUDA Garden"
      },
      "geometry": {
        "type": "Polygon",
        "coordinates": [
          [
            [
              72.6509042,
              23.164214
            ],
            [
              72.650388,
              23.1642303
            ],
            [
              72.6501338,
              23.1642383
            ],
            [
              72.6501277,
              23.1636234
            ],
            [
              72.6508656,
              23.1636159
            ],
            [
              72.6509042,
              23.164214
            ]
          ]
        ]
      },
      "id": "way/693880236"
    },
    {
      "type": "Feature",
      "properties": {
        "@id": "way/694477838",
        "addr:city": "Raysan",
        "addr:postcode": "382421",
        "addr:street": "Shree Rang Entire",
        "leisure": "park"
      },
      "geometry": {
        "type": "Polygon",
        "coordinates": [
          [
            [
              72.6502105,
              23.1662361
            ],
            [
              72.6502128,
              23.1660039
            ],
            [
              72.6503809,
              23.166006
            ],
            [
              72.6503762,
              23.1662391
            ],
            [
              72.6502105,
              23.1662361
            ]
          ]
        ]
      },
      "id": "way/694477838"
    },
    {
      "type": "Feature",
      "properties": {
        "@id": "way/746839528",
        "leisure": "park",
        "name": "AUDA Garden South Bopal",
        "opening_hours": "Mo-Su 06:00-12:00,14:00-23:00",
        "operator": "AUDA"
      },
      "geometry": {
        "type": "Polygon",
        "coordinates": [
          [
            [
              72.4717907,
              23.0177513
            ],
            [
              72.4718043,
              23.0176987
            ],
            [
              72.4720146,
              23.017055
            ],
            [
              72.4725687,
              23.0172025
            ],
            [
              72.4726446,
              23.0172266
            ],
            [
              72.4724207,
              23.017923
            ],
            [
              72.4717907,
              23.0177513
            ]
          ]
        ]
      },
      "id": "way/746839528"
    },
    {
      "type": "Feature",
      "properties": {
        "@id": "way/761456870",
        "addr:city": "Raysan",
        "addr:postcode": "382421",
        "leisure": "park",
        "name": "Joggers Park",
        "opening_hours": "Mo-Sa 06:00-22:00",
        "operator": "GUDA"
      },
      "geometry": {
        "type": "Polygon",
        "coordinates": [
          [
            [
              72.6507862,
              23.162156
            ],
            [
              72.6498447,
              23.1621788
            ],
            [
              72.6498217,
              23.1617249
            ],
            [
              72.6501686,
              23.1617135
            ],
            [
              72.6501757,
              23.1619331
            ],
            [
              72.6507667,
              23.1619152
            ],
            [
              72.6507862,
              23.162156
            ]
          ]
        ]
      },
      "id": "way/761456870"
    },
    {
      "type": "Feature",
      "properties": {
        "@id": "way/763326396",
        "leisure": "park"
      },
      "geometry": {
        "type": "Polygon",
        "coordinates": [
          [
            [
              72.6274314,
              23.0839844
            ],
            [
              72.6275065,
              23.0832441
            ],
            [
              72.6275065,
              23.0830073
            ],
            [
              72.6275923,
              23.0826026
            ],
            [
              72.6274314,
              23.0825927
            ],
            [
              72.6276516,
              23.0809905
            ],
            [
              72.6283863,
              23.0811419
            ],
            [
              72.6279035,
              23.0840337
            ],
            [
              72.6274314,
              23.0839844
            ]
          ]
        ]
      },
      "id": "way/763326396"
    },
    {
      "type": "Feature",
      "properties": {
        "@id": "way/763326648",
        "leisure": "park"
      },
      "geometry": {
        "type": "Polygon",
        "coordinates": [
          [
            [
              72.6280661,
              23.0835463
            ],
            [
              72.6282897,
              23.0823953
            ],
            [
              72.6285365,
              23.0811616
            ],
            [
              72.629545,
              23.0812504
            ],
            [
              72.6293626,
              23.0836982
            ],
            [
              72.6280661,
              23.0835463
            ]
          ]
        ]
      },
      "id": "way/763326648"
    },
    {
      "type": "Feature",
      "properties": {
        "@id": "way/763326790",
        "leisure": "park",
        "name": "santshree satramdas udyan",
        "opening_hours": "Mo-Su 08:00-22:00"
      },
      "geometry": {
        "type": "Polygon",
        "coordinates": [
          [
            [
              72.6292339,
              23.0846753
            ],
            [
              72.6293358,
              23.0840781
            ],
            [
              72.6293572,
              23.083935
            ],
            [
              72.629604,
              23.0839696
            ],
            [
              72.6294592,
              23.0846802
            ],
            [
              72.6292339,
              23.0846753
            ]
          ]
        ]
      },
      "id": "way/763326790"
    },
    {
      "type": "Feature",
      "properties": {
        "@id": "way/763327672",
        "leisure": "park"
      },
      "geometry": {
        "type": "Polygon",
        "coordinates": [
          [
            [
              72.6304784,
              23.0876139
            ],
            [
              72.630473,
              23.0871081
            ],
            [
              72.6304838,
              23.0864888
            ],
            [
              72.6315754,
              23.0864641
            ],
            [
              72.6316049,
              23.0876411
            ],
            [
              72.6304784,
              23.0876139
            ]
          ]
        ]
      },
      "id": "way/763327672"
    },
    {
      "type": "Feature",
      "properties": {
        "@id": "way/763333993",
        "leisure": "park",
        "name": "Shree Kaniyalal Nathuram Gurjar Park"
      },
      "geometry": {
        "type": "Polygon",
        "coordinates": [
          [
            [
              72.6332723,
              23.0806677
            ],
            [
              72.6334225,
              23.0805073
            ],
            [
              72.6337766,
              23.0808034
            ],
            [
              72.6336076,
              23.0809613
            ],
            [
              72.6332723,
              23.0806677
            ]
          ]
        ]
      },
      "id": "way/763333993"
    },
    {
      "type": "Feature",
      "properties": {
        "@id": "way/763335399",
        "leisure": "park"
      },
      "geometry": {
        "type": "Polygon",
        "coordinates": [
          [
            [
              72.5960835,
              23.0652856
            ],
            [
              72.5956973,
              23.0649302
            ],
            [
              72.5951072,
              23.0644218
            ],
            [
              72.5942811,
              23.0638839
            ],
            [
              72.5929131,
              23.0630991
            ],
            [
              72.5929936,
              23.0630349
            ],
            [
              72.5932135,
              23.0631386
            ],
            [
              72.5938465,
              23.0634347
            ],
            [
              72.5947317,
              23.0639332
            ],
            [
              72.5953593,
              23.0643379
            ],
            [
              72.5959118,
              23.0646884
            ],
            [
              72.5962498,
              23.0650832
            ],
            [
              72.5960835,
              23.0652856
            ]
          ]
        ]
      },
      "id": "way/763335399"
    },
    {
      "type": "Feature",
      "properties": {
        "@id": "way/763971900",
        "addr:postcode": "380013",
        "leisure": "park",
        "name": "Pragatinagar Garden"
      },
      "geometry": {
        "type": "Polygon",
        "coordinates": [
          [
            [
              72.5556887,
              23.0642659
            ],
            [
              72.5559343,
              23.0639254
            ],
            [
              72.5561583,
              23.0636164
            ],
            [
              72.5571517,
              23.0642036
            ],
            [
              72.5571388,
              23.0642274
            ],
            [
              72.5569685,
              23.0644532
            ],
            [
              72.5570583,
              23.0645063
            ],
            [
              72.5567878,
              23.0649394
            ],
            [
              72.5566588,
              23.0648603
            ],
            [
              72.5558089,
              23.0643396
            ],
            [
              72.5556887,
              23.0642659
            ]
          ]
        ]
      },
      "id": "way/763971900"
    },
    {
      "type": "Feature",
      "properties": {
        "@id": "way/787864234",
        "description": "Well maintained AUDA Garden named after the Great Sardar Vallabhbhai Patel.",
        "leisure": "park",
        "name": "Sardar Patel Garden",
        "name:etymology:wikidata": "Q9455",
        "start_date": "2021-10-31"
      },
      "geometry": {
        "type": "Polygon",
        "coordinates": [
          [
            [
              72.5156461,
              23.0684954
            ],
            [
              72.5150965,
              23.0686043
            ],
            [
              72.5149203,
              23.0686393
            ],
            [
              72.5140743,
              23.0688069
            ],
            [
              72.5139612,
              23.0682922
            ],
            [
              72.5156497,
              23.0679668
            ],
            [
              72.515752,
              23.067947
            ],
            [
              72.515724,
              23.0680876
            ],
            [
              72.5156919,
              23.0682385
            ],
            [
              72.5156461,
              23.0684954
            ]
          ]
        ]
      },
      "id": "way/787864234"
    },
    {
      "type": "Feature",
      "properties": {
        "@id": "way/788861697",
        "leisure": "park",
        "name": "childrens park"
      },
      "geometry": {
        "type": "Polygon",
        "coordinates": [
          [
            [
              72.5242771,
              23.0300941
            ],
            [
              72.5242001,
              23.0299665
            ],
            [
              72.524123,
              23.0298276
            ],
            [
              72.5242586,
              23.0297539
            ],
            [
              72.5244188,
              23.0300544
            ],
            [
              72.524351,
              23.0300828
            ],
            [
              72.5242771,
              23.0300941
            ]
          ]
        ]
      },
      "id": "way/788861697"
    },
    {
      "type": "Feature",
      "properties": {
        "@id": "way/793320580",
        "addr:city": "Ahmedabad",
        "addr:postcode": "380015",
        "description": "A nature discovery center",
        "leisure": "park",
        "name": "Sundarvan",
        "opening_hours": "Tu-Su 09:00-18:30",
        "operator": "CEE India",
        "phone": "07926921838",
        "tourism": "zoo",
        "website": "https://www.sundarvan.org/"
      },
      "geometry": {
        "type": "Polygon",
        "coordinates": [
          [
            [
              72.5212416,
              23.0275579
            ],
            [
              72.5211133,
              23.027268
            ],
            [
              72.520506,
              23.0266341
            ],
            [
              72.5203028,
              23.0263543
            ],
            [
              72.5203724,
              23.026256
            ],
            [
              72.5204748,
              23.0261919
            ],
            [
              72.5204962,
              23.0261785
            ],
            [
              72.5207694,
              23.0260042
            ],
            [
              72.5209928,
              23.0258161
            ],
            [
              72.5209712,
              23.0256298
            ],
            [
              72.5210336,
              23.0255685
            ],
            [
              72.5214793,
              23.0255228
            ],
            [
              72.5216023,
              23.0264607
            ],
            [
              72.521436,
              23.0266384
            ],
            [
              72.5218249,
              23.0272889
            ],
            [
              72.5217834,
              23.0273003
            ],
            [
              72.521503,
              23.0274336
            ],
            [
              72.5212416,
              23.0275579
            ]
          ]
        ]
      },
      "id": "way/793320580"
    },
    {
      "type": "Feature",
      "properties": {
        "@id": "way/794663118",
        "addr:city": "Ahmedabad",
        "addr:postcode": "380015",
        "addr:street": "Apang Manav Mandal Road",
        "amenity": "police",
        "building": "service",
        "description": "Mahila Police station West",
        "landuse": "government",
        "name": "Mahila Police station West",
        "opening_hours": "24/7",
        "operator": "Mahila Police station West",
        "phone": "+91 79 2630 0021",
        "source": "local knowledge",
        "wheelchair": "yes"
      },
      "geometry": {
        "type": "Polygon",
        "coordinates": [
          [
            [
              72.5413461,
              23.0292628
            ],
            [
              72.5413365,
              23.0291227
            ],
            [
              72.5413516,
              23.0291219
            ],
            [
              72.5413502,
              23.029101
            ],
            [
              72.5414894,
              23.0291665
            ],
            [
              72.5413461,
              23.0292628
            ]
          ]
        ]
      },
      "id": "way/794663118"
    },
    {
      "type": "Feature",
      "properties": {
        "@id": "way/799098179",
        "addr:city": "Ahmedabad",
        "addr:postcode": "382350",
        "addr:street": "Nikol-Naroda Road",
        "leisure": "park",
        "name": "Shaaheed vir rushikesh park",
        "opening_hours": "Mo-Su 07:00-21:00"
      },
      "geometry": {
        "type": "Polygon",
        "coordinates": [
          [
            [
              72.6656824,
              23.0532872
            ],
            [
              72.6654746,
              23.0517249
            ],
            [
              72.66718,
              23.0514703
            ],
            [
              72.6674553,
              23.0531108
            ],
            [
              72.6656824,
              23.0532872
            ]
          ]
        ]
      },
      "id": "way/799098179"
    },
    {
      "type": "Feature",
      "properties": {
        "@id": "way/885948541",
        "leisure": "park"
      },
      "geometry": {
        "type": "Polygon",
        "coordinates": [
          [
            [
              72.6184112,
              22.9766089
            ],
            [
              72.6185802,
              22.9759916
            ],
            [
              72.6194251,
              22.9763003
            ],
            [
              72.6194358,
              22.9764954
            ],
            [
              72.6192534,
              22.9768781
            ],
            [
              72.6184112,
              22.9766089
            ]
          ]
        ]
      },
      "id": "way/885948541"
    },
    {
      "type": "Feature",
      "properties": {
        "@id": "way/916255770",
        "addr:city": "Ahmedabad",
        "addr:housenumber": "B33",
        "addr:postcode": "382340",
        "addr:street": "Majmudar Society",
        "leisure": "park",
        "name": "Majmudar common plot"
      },
      "geometry": {
        "type": "Polygon",
        "coordinates": [
          [
            [
              72.6340877,
              23.0655957
            ],
            [
              72.6341011,
              23.0653472
            ],
            [
              72.6343418,
              23.0653582
            ],
            [
              72.6343355,
              23.0656011
            ],
            [
              72.6340877,
              23.0655957
            ]
          ]
        ]
      },
      "id": "way/916255770"
    },
    {
      "type": "Feature",
      "properties": {
        "@id": "way/922077113",
        "leisure": "park"
      },
      "geometry": {
        "type": "Polygon",
        "coordinates": [
          [
            [
              72.6907983,
              23.1608986
            ],
            [
              72.6908076,
              23.1605609
            ],
            [
              72.6907095,
              23.1605528
            ],
            [
              72.6907304,
              23.1601335
            ],
            [
              72.6910232,
              23.1603454
            ],
            [
              72.6912708,
              23.1605739
            ],
            [
              72.6915178,
              23.1609251
            ],
            [
              72.6907983,
              23.1608986
            ]
          ]
        ]
      },
      "id": "way/922077113"
    },
    {
      "type": "Feature",
      "properties": {
        "@id": "way/922160499",
        "leisure": "park"
      },
      "geometry": {
        "type": "Polygon",
        "coordinates": [
          [
            [
              72.6761151,
              23.1629521
            ],
            [
              72.6757724,
              23.1626653
            ],
            [
              72.6757438,
              23.1626027
            ],
            [
              72.6757614,
              23.162528
            ],
            [
              72.6757943,
              23.1624916
            ],
            [
              72.6759011,
              23.162397
            ],
            [
              72.677297,
              23.1622048
            ],
            [
              72.6773783,
              23.1627582
            ],
            [
              72.6761151,
              23.1629521
            ]
          ]
        ]
      },
      "id": "way/922160499"
    },
    {
      "type": "Feature",
      "properties": {
        "@id": "way/924843966",
        "leisure": "park"
      },
      "geometry": {
        "type": "Polygon",
        "coordinates": [
          [
            [
              72.6336039,
              22.9845914
            ],
            [
              72.6332924,
              22.9841483
            ],
            [
              72.6335444,
              22.9839971
            ],
            [
              72.6338615,
              22.9844507
            ],
            [
              72.6336039,
              22.9845914
            ]
          ]
        ]
      },
      "id": "way/924843966"
    },
    {
      "type": "Feature",
      "properties": {
        "@id": "way/924843967",
        "leisure": "park"
      },
      "geometry": {
        "type": "Polygon",
        "coordinates": [
          [
            [
              72.632604,
              22.9844084
            ],
            [
              72.6325495,
              22.9841554
            ],
            [
              72.6326894,
              22.9841382
            ],
            [
              72.6327381,
              22.9843912
            ],
            [
              72.632604,
              22.9844084
            ]
          ]
        ]
      },
      "id": "way/924843967"
    },
    {
      "type": "Feature",
      "properties": {
        "@id": "way/992677968",
        "leisure": "park"
      },
      "geometry": {
        "type": "Polygon",
        "coordinates": [
          [
            [
              72.5082521,
              23.0061586
            ],
            [
              72.5083141,
              23.0061816
            ],
            [
              72.5083652,
              23.0062213
            ],
            [
              72.5084026,
              23.0062788
            ],
            [
              72.5084166,
              23.0063445
            ],
            [
              72.5084055,
              23.0064107
            ],
            [
              72.5083708,
              23.0064696
            ],
            [
              72.5083164,
              23.0065141
            ],
            [
              72.5082488,
              23.0065391
            ],
            [
              72.5081761,
              23.0065415
            ],
            [
              72.5081067,
              23.006521
            ],
            [
              72.508049,
              23.0064802
            ],
            [
              72.5080122,
              23.0064288
            ],
            [
              72.5079946,
              23.0063695
            ],
            [
              72.507998,
              23.006308
            ],
            [
              72.5080221,
              23.0062506
            ],
            [
              72.5080644,
              23.006203
            ],
            [
              72.5081207,
              23.0061698
            ],
            [
              72.5081854,
              23.0061546
            ],
            [
              72.5082521,
              23.0061586
            ]
          ]
        ]
      },
      "id": "way/992677968"
    },
    {
      "type": "Feature",
      "properties": {
        "@id": "way/996262762",
        "leisure": "park"
      },
      "geometry": {
        "type": "Polygon",
        "coordinates": [
          [
            [
              72.6475159,
              23.1923064
            ],
            [
              72.6475484,
              23.1917339
            ],
            [
              72.6478791,
              23.1916779
            ],
            [
              72.6479014,
              23.1921516
            ],
            [
              72.6477594,
              23.1922318
            ],
            [
              72.6476559,
              23.1922766
            ],
            [
              72.6475159,
              23.1923064
            ]
          ]
        ]
      },
      "id": "way/996262762"
    },
    {
      "type": "Feature",
      "properties": {
        "@id": "way/996610811",
        "leisure": "park"
      },
      "geometry": {
        "type": "Polygon",
        "coordinates": [
          [
            [
              72.5961411,
              23.1028568
            ],
            [
              72.5966526,
              23.1023351
            ],
            [
              72.5969932,
              23.1027866
            ],
            [
              72.5969932,
              23.1028938
            ],
            [
              72.5965853,
              23.1032475
            ],
            [
              72.5961411,
              23.1028568
            ]
          ]
        ]
      },
      "id": "way/996610811"
    },
    {
      "type": "Feature",
      "properties": {
        "@id": "way/1005794408",
        "leisure": "park"
      },
      "geometry": {
        "type": "Polygon",
        "coordinates": [
          [
            [
              72.5079153,
              23.0236954
            ],
            [
              72.507958,
              23.0226186
            ],
            [
              72.5080504,
              23.0226157
            ],
            [
              72.5083992,
              23.0226458
            ],
            [
              72.5085388,
              23.0226561
            ],
            [
              72.5085818,
              23.0226665
            ],
            [
              72.5085996,
              23.0228793
            ],
            [
              72.5085896,
              23.0230519
            ],
            [
              72.5088673,
              23.0230469
            ],
            [
              72.5088734,
              23.0232046
            ],
            [
              72.5090732,
              23.0232046
            ],
            [
              72.5090729,
              23.0236113
            ],
            [
              72.5090762,
              23.0236791
            ],
            [
              72.5079153,
              23.0236954
            ]
          ]
        ]
      },
      "id": "way/1005794408"
    },
    {
      "type": "Feature",
      "properties": {
        "@id": "way/1006174677",
        "addr:city": "Ahmedabad",
        "addr:postcode": "382481",
        "leisure": "park",
        "name": "AUDA garden, Gota",
        "start_date": "2020-12-04"
      },
      "geometry": {
        "type": "Polygon",
        "coordinates": [
          [
            [
              72.5397443,
              23.1014722
            ],
            [
              72.5394982,
              23.1005222
            ],
            [
              72.5391165,
              23.1006059
            ],
            [
              72.5390129,
              23.1002061
            ],
            [
              72.5400737,
              23.0999736
            ],
            [
              72.5400915,
              23.1000422
            ],
            [
              72.5404115,
              23.101277
            ],
            [
              72.5404235,
              23.1013234
            ],
            [
              72.5398879,
              23.1014408
            ],
            [
              72.5397443,
              23.1014722
            ]
          ]
        ]
      },
      "id": "way/1006174677"
    },
    {
      "type": "Feature",
      "properties": {
        "@id": "way/1008895292",
        "leisure": "park",
        "name": "Dhanvantari Garden",
        "name:gu": "ધન્વંતરી ગાર્ડન",
        "opening_hours": "Mo-Su 05:00-14:00,16:00-22:00"
      },
      "geometry": {
        "type": "Polygon",
        "coordinates": [
          [
            [
              72.5585738,
              23.0037105
            ],
            [
              72.5588742,
              23.0030637
            ],
            [
              72.5599337,
              23.0035402
            ],
            [
              72.5597057,
              23.0041833
            ],
            [
              72.5585738,
              23.0037105
            ]
          ]
        ]
      },
      "id": "way/1008895292"
    },
    {
      "type": "Feature",
      "properties": {
        "@id": "way/1010298125",
        "leisure": "park"
      },
      "geometry": {
        "type": "Polygon",
        "coordinates": [
          [
            [
              72.4210945,
              22.9663457
            ],
            [
              72.4210462,
              22.966279
            ],
            [
              72.421077,
              22.9661345
            ],
            [
              72.421132,
              22.9660073
            ],
            [
              72.4212152,
              22.9659036
            ],
            [
              72.4212997,
              22.9658345
            ],
            [
              72.4214566,
              22.9657875
            ],
            [
              72.4215733,
              22.9657752
            ],
            [
              72.42171,
              22.9657789
            ],
            [
              72.4218643,
              22.9658135
            ],
            [
              72.4219353,
              22.9658863
            ],
            [
              72.4219474,
              22.9659542
            ],
            [
              72.4218763,
              22.9661271
            ],
            [
              72.4217758,
              22.9662691
            ],
            [
              72.4216041,
              22.9663802
            ],
            [
              72.4214606,
              22.9664222
            ],
            [
              72.4213023,
              22.966421
            ],
            [
              72.4211656,
              22.9664037
            ],
            [
              72.4210945,
              22.9663457
            ]
          ]
        ]
      },
      "id": "way/1010298125"
    },
    {
      "type": "Feature",
      "properties": {
        "@id": "way/1010298133",
        "leisure": "park"
      },
      "geometry": {
        "type": "Polygon",
        "coordinates": [
          [
            [
              72.4215075,
              22.9617534
            ],
            [
              72.4215585,
              22.9616558
            ],
            [
              72.4216416,
              22.9615533
            ],
            [
              72.4217033,
              22.9615274
            ],
            [
              72.4218254,
              22.9616311
            ],
            [
              72.4219649,
              22.9615262
            ],
            [
              72.4221016,
              22.9615125
            ],
            [
              72.422213,
              22.9615286
            ],
            [
              72.4223202,
              22.9615817
            ],
            [
              72.4224114,
              22.9616163
            ],
            [
              72.422457,
              22.961767
            ],
            [
              72.4225469,
              22.9619089
            ],
            [
              72.4225938,
              22.9619287
            ],
            [
              72.422618,
              22.9620176
            ],
            [
              72.4226327,
              22.962072
            ],
            [
              72.4226783,
              22.9620954
            ],
            [
              72.4226636,
              22.962167
            ],
            [
              72.4226287,
              22.9622103
            ],
            [
              72.4225925,
              22.9622695
            ],
            [
              72.4224972,
              22.9622376
            ],
            [
              72.422401,
              22.9621832
            ],
            [
              72.4222371,
              22.9620843
            ],
            [
              72.4222572,
              22.9620534
            ],
            [
              72.4219541,
              22.9619028
            ],
            [
              72.4218911,
              22.9620016
            ],
            [
              72.4214955,
              22.9617916
            ],
            [
              72.4215075,
              22.9617534
            ]
          ]
        ]
      },
      "id": "way/1010298133"
    },
    {
      "type": "Feature",
      "properties": {
        "@id": "way/1018475012",
        "leisure": "park",
        "name": "Orchard Building park"
      },
      "geometry": {
        "type": "Polygon",
        "coordinates": [
          [
            [
              72.5540268,
              23.115003
            ],
            [
              72.5540791,
              23.1158749
            ],
            [
              72.5540217,
              23.1158819
            ],
            [
              72.5539554,
              23.1157963
            ],
            [
              72.553912,
              23.1157036
            ],
            [
              72.553861,
              23.1155921
            ],
            [
              72.5538125,
              23.1154653
            ],
            [
              72.5537908,
              23.1153586
            ],
            [
              72.5537755,
              23.1152271
            ],
            [
              72.5537704,
              23.1150206
            ],
            [
              72.5537716,
              23.114942
            ],
            [
              72.5538227,
              23.114908
            ],
            [
              72.5538112,
              23.1148681
            ],
            [
              72.5538329,
              23.1146909
            ],
            [
              72.5538877,
              23.1145559
            ],
            [
              72.5539439,
              23.114536
            ],
            [
              72.5539949,
              23.1145958
            ],
            [
              72.5540166,
              23.1148082
            ],
            [
              72.5540268,
              23.115003
            ]
          ]
        ]
      },
      "id": "way/1018475012"
    },
    {
      "type": "Feature",
      "properties": {
        "@id": "way/1019202194",
        "leisure": "park",
        "name": "Harenbhai Viththalbhai Pandya Udhyan",
        "name:en": "Harenbhai Viththalbhai Pandya Garden"
      },
      "geometry": {
        "type": "Polygon",
        "coordinates": [
          [
            [
              72.5441329,
              23.0082874
            ],
            [
              72.544346,
              23.0077163
            ],
            [
              72.5447551,
              23.0078631
            ],
            [
              72.5452553,
              23.0080187
            ],
            [
              72.5449884,
              23.0086779
            ],
            [
              72.5440966,
              23.008389
            ],
            [
              72.5441329,
              23.0082874
            ]
          ]
        ]
      },
      "id": "way/1019202194"
    },
    {
      "type": "Feature",
      "properties": {
        "@id": "way/1019202197",
        "leisure": "park",
        "name": "Shardanagar Park"
      },
      "geometry": {
        "type": "Polygon",
        "coordinates": [
          [
            [
              72.5502576,
              23.0103301
            ],
            [
              72.5503971,
              23.0098956
            ],
            [
              72.5506304,
              23.009958
            ],
            [
              72.5505047,
              23.0103857
            ],
            [
              72.5504491,
              23.0103732
            ],
            [
              72.5502576,
              23.0103301
            ]
          ]
        ]
      },
      "id": "way/1019202197"
    },
    {
      "type": "Feature",
      "properties": {
        "@id": "way/1019202205",
        "leisure": "park",
        "name": "Popatlal Chhotalal Dani Udhyan",
        "name:en": "Popatlal Chhotalal Dani Garden"
      },
      "geometry": {
        "type": "Polygon",
        "coordinates": [
          [
            [
              72.5427223,
              23.0119423
            ],
            [
              72.54279,
              23.0116925
            ],
            [
              72.543404,
              23.0118445
            ],
            [
              72.5433322,
              23.0121775
            ],
            [
              72.5427012,
              23.0120079
            ],
            [
              72.5427209,
              23.0119476
            ],
            [
              72.5427223,
              23.0119423
            ]
          ]
        ]
      },
      "id": "way/1019202205"
    },
    {
      "type": "Feature",
      "properties": {
        "@id": "way/1019902820",
        "addr:city": "Ahmedabad",
        "addr:postcode": "380015",
        "leisure": "park",
        "name": "Vishwamitra Public Park"
      },
      "geometry": {
        "type": "Polygon",
        "coordinates": [
          [
            [
              72.5249737,
              23.0178116
            ],
            [
              72.5252544,
              23.0178119
            ],
            [
              72.5255477,
              23.0178122
            ],
            [
              72.5255544,
              23.0180949
            ],
            [
              72.5253962,
              23.0182183
            ],
            [
              72.5249563,
              23.0180208
            ],
            [
              72.5249737,
              23.0178116
            ]
          ]
        ]
      },
      "id": "way/1019902820"
    },
    {
      "type": "Feature",
      "properties": {
        "@id": "way/1033606021",
        "leisure": "park"
      },
      "geometry": {
        "type": "Polygon",
        "coordinates": [
          [
            [
              72.5067887,
              23.0200405
            ],
            [
              72.506786,
              23.0202198
            ],
            [
              72.5069563,
              23.020221
            ],
            [
              72.5069533,
              23.0204858
            ],
            [
              72.5063404,
              23.0204858
            ],
            [
              72.506323,
              23.0202451
            ],
            [
              72.5062586,
              23.0202364
            ],
            [
              72.5062506,
              23.020034
            ],
            [
              72.5063445,
              23.0200451
            ],
            [
              72.5063471,
              23.0199612
            ],
            [
              72.5066997,
              23.0200245
            ],
            [
              72.5067887,
              23.0200405
            ]
          ]
        ]
      },
      "id": "way/1033606021"
    },
    {
      "type": "Feature",
      "properties": {
        "@id": "way/1035161363",
        "leisure": "park",
        "name": "Vidyaben Vasant Gajendragadkar Udyan"
      },
      "geometry": {
        "type": "Polygon",
        "coordinates": [
          [
            [
              72.5401457,
              23.0263264
            ],
            [
              72.5403522,
              23.0262523
            ],
            [
              72.5405695,
              23.026182
            ],
            [
              72.5406661,
              23.0265536
            ],
            [
              72.5406834,
              23.0266201
            ],
            [
              72.5402489,
              23.0267213
            ],
            [
              72.5401457,
              23.0263264
            ]
          ]
        ]
      },
      "id": "way/1035161363"
    },
    {
      "type": "Feature",
      "properties": {
        "@id": "way/1035161368",
        "leisure": "park",
        "name": "Chandrashekhar Azad Garden",
        "name:etymology:wikidata": "Q738368",
        "start_date": "2024-02-24"
      },
      "geometry": {
        "type": "Polygon",
        "coordinates": [
          [
            [
              72.5322197,
              23.0291121
            ],
            [
              72.5326151,
              23.0288673
            ],
            [
              72.5328997,
              23.0286912
            ],
            [
              72.53318,
              23.0291787
            ],
            [
              72.5333315,
              23.0294305
            ],
            [
              72.5326127,
              23.0297353
            ],
            [
              72.5322197,
              23.0291121
            ]
          ]
        ]
      },
      "id": "way/1035161368"
    },
    {
      "type": "Feature",
      "properties": {
        "@id": "way/1036620578",
        "leisure": "park",
        "name": "Shravan Public Park"
      },
      "geometry": {
        "type": "Polygon",
        "coordinates": [
          [
            [
              72.5230063,
              23.0367974
            ],
            [
              72.523862,
              23.0367838
            ],
            [
              72.5238692,
              23.0368951
            ],
            [
              72.5238968,
              23.0373182
            ],
            [
              72.523343,
              23.0370714
            ],
            [
              72.5230466,
              23.0369393
            ],
            [
              72.5229822,
              23.0368393
            ],
            [
              72.5230063,
              23.0367974
            ]
          ]
        ]
      },
      "id": "way/1036620578"
    },
    {
      "type": "Feature",
      "properties": {
        "@id": "way/1036620588",
        "leisure": "park"
      },
      "geometry": {
        "type": "Polygon",
        "coordinates": [
          [
            [
              72.526693,
              23.0288961
            ],
            [
              72.5267275,
              23.0289908
            ],
            [
              72.5267977,
              23.0291836
            ],
            [
              72.5263202,
              23.0293182
            ],
            [
              72.5262022,
              23.0290503
            ],
            [
              72.526693,
              23.0288961
            ]
          ]
        ]
      },
      "id": "way/1036620588"
    },
    {
      "type": "Feature",
      "properties": {
        "@id": "way/1036620591",
        "leisure": "park"
      },
      "geometry": {
        "type": "Polygon",
        "coordinates": [
          [
            [
              72.5320736,
              23.0216127
            ],
            [
              72.5321808,
              23.0215584
            ],
            [
              72.5325792,
              23.0215559
            ],
            [
              72.5326033,
              23.0219176
            ],
            [
              72.5325537,
              23.0219188
            ],
            [
              72.5325922,
              23.0221345
            ],
            [
              72.5324809,
              23.0221441
            ],
            [
              72.5323445,
              23.0221558
            ],
            [
              72.5320736,
              23.0216127
            ]
          ]
        ]
      },
      "id": "way/1036620591"
    },
    {
      "type": "Feature",
      "properties": {
        "@id": "way/1036620595",
        "leisure": "park"
      },
      "geometry": {
        "type": "Polygon",
        "coordinates": [
          [
            [
              72.5327937,
              23.0156052
            ],
            [
              72.5327012,
              23.015325
            ],
            [
              72.5330763,
              23.0153864
            ],
            [
              72.5334857,
              23.0154534
            ],
            [
              72.5335622,
              23.0154658
            ],
            [
              72.5335501,
              23.0155806
            ],
            [
              72.5327937,
              23.0156052
            ]
          ]
        ]
      },
      "id": "way/1036620595"
    },
    {
      "type": "Feature",
      "properties": {
        "@id": "way/1103412260",
        "leisure": "park"
      },
      "geometry": {
        "type": "Polygon",
        "coordinates": [
          [
            [
              72.6644297,
              23.1571056
            ],
            [
              72.6641186,
              23.1564861
            ],
            [
              72.6653545,
              23.1559613
            ],
            [
              72.6657,
              23.1566242
            ],
            [
              72.6654189,
              23.1567584
            ],
            [
              72.6653395,
              23.1567446
            ],
            [
              72.6651936,
              23.1567742
            ],
            [
              72.6644297,
              23.1571056
            ]
          ]
        ]
      },
      "id": "way/1103412260"
    },
    {
      "type": "Feature",
      "properties": {
        "@id": "way/1107167554",
        "leisure": "park"
      },
      "geometry": {
        "type": "Polygon",
        "coordinates": [
          [
            [
              72.5427782,
              23.0916296
            ],
            [
              72.5439745,
              23.0912151
            ],
            [
              72.5442642,
              23.0919109
            ],
            [
              72.5430304,
              23.0923057
            ],
            [
              72.5427782,
              23.0916296
            ]
          ]
        ]
      },
      "id": "way/1107167554"
    },
    {
      "type": "Feature",
      "properties": {
        "@id": "way/1107167566",
        "leisure": "park",
        "name": "Chandlodiya Garden 1",
        "name:en": "Chandlodiya Garden 1"
      },
      "geometry": {
        "type": "Polygon",
        "coordinates": [
          [
            [
              72.5533944,
              23.0840351
            ],
            [
              72.5535795,
              23.0842843
            ],
            [
              72.5535125,
              23.0844299
            ],
            [
              72.5534213,
              23.0844595
            ],
            [
              72.5532496,
              23.084415
            ],
            [
              72.5529814,
              23.084346
            ],
            [
              72.5530484,
              23.0842645
            ],
            [
              72.553145,
              23.0841264
            ],
            [
              72.5533944,
              23.0840351
            ]
          ]
        ]
      },
      "id": "way/1107167566"
    },
    {
      "type": "Feature",
      "properties": {
        "@id": "way/1107167567",
        "leisure": "park",
        "name": "Chandlodiya Garden 2",
        "name:en": "Chandlodiya Garden 2"
      },
      "geometry": {
        "type": "Polygon",
        "coordinates": [
          [
            [
              72.5534481,
              23.0838377
            ],
            [
              72.553719,
              23.0837636
            ],
            [
              72.5538772,
              23.0842177
            ],
            [
              72.553778,
              23.0842448
            ],
            [
              72.5534481,
              23.0838377
            ]
          ]
        ]
      },
      "id": "way/1107167567"
    },
    {
      "type": "Feature",
      "properties": {
        "@id": "way/1112152330",
        "leisure": "park"
      },
      "geometry": {
        "type": "Polygon",
        "coordinates": [
          [
            [
              72.4631699,
              23.0049533
            ],
            [
              72.4632049,
              23.00361
            ],
            [
              72.4635178,
              23.0035993
            ],
            [
              72.4635131,
              23.0037218
            ],
            [
              72.4635411,
              23.0038336
            ],
            [
              72.4637162,
              23.0037863
            ],
            [
              72.4644027,
              23.0037153
            ],
            [
              72.4646572,
              23.0041646
            ],
            [
              72.4648207,
              23.0041323
            ],
            [
              72.4648157,
              23.0042916
            ],
            [
              72.4648062,
              23.0045956
            ],
            [
              72.464795,
              23.0049555
            ],
            [
              72.4646753,
              23.004958
            ],
            [
              72.4639077,
              23.004954
            ],
            [
              72.4636816,
              23.004954
            ],
            [
              72.4634493,
              23.0049537
            ],
            [
              72.4632403,
              23.0049534
            ],
            [
              72.4631699,
              23.0049533
            ]
          ]
        ]
      },
      "id": "way/1112152330"
    },
    {
      "type": "Feature",
      "properties": {
        "@id": "way/1122775652",
        "leisure": "park"
      },
      "geometry": {
        "type": "Polygon",
        "coordinates": [
          [
            [
              72.5432906,
              23.0556149
            ],
            [
              72.5433984,
              23.0555529
            ],
            [
              72.5436384,
              23.0554147
            ],
            [
              72.5439747,
              23.0559091
            ],
            [
              72.5436269,
              23.0561093
            ],
            [
              72.5432906,
              23.0556149
            ]
          ]
        ]
      },
      "id": "way/1122775652"
    },
    {
      "type": "Feature",
      "properties": {
        "@id": "way/1123468879",
        "leisure": "park"
      },
      "geometry": {
        "type": "Polygon",
        "coordinates": [
          [
            [
              72.5388528,
              23.0622951
            ],
            [
              72.5392343,
              23.0620854
            ],
            [
              72.5392994,
              23.0620495
            ],
            [
              72.539455,
              23.0623272
            ],
            [
              72.539459,
              23.0624493
            ],
            [
              72.5395046,
              23.0626566
            ],
            [
              72.5394993,
              23.0627319
            ],
            [
              72.5394832,
              23.0628121
            ],
            [
              72.5392216,
              23.0628898
            ],
            [
              72.5388528,
              23.0622951
            ]
          ]
        ]
      },
      "id": "way/1123468879"
    },
    {
      "type": "Feature",
      "properties": {
        "@id": "way/1180002877",
        "leisure": "park",
        "name": "Kali Cultural Garden"
      },
      "geometry": {
        "type": "Polygon",
        "coordinates": [
          [
            [
              72.5742679,
              23.10792
            ],
            [
              72.5742032,
              23.1070221
            ],
            [
              72.5741907,
              23.1068183
            ],
            [
              72.5746963,
              23.1067954
            ],
            [
              72.5746913,
              23.1079292
            ],
            [
              72.5742679,
              23.10792
            ]
          ]
        ]
      },
      "id": "way/1180002877"
    },
    {
      "type": "Feature",
      "properties": {
        "@id": "way/1180004257",
        "leisure": "park",
        "name": "Devi Public Park"
      },
      "geometry": {
        "type": "Polygon",
        "coordinates": [
          [
            [
              72.5846123,
              23.1086817
            ],
            [
              72.584412,
              23.1079984
            ],
            [
              72.5850042,
              23.1078716
            ],
            [
              72.5848821,
              23.1083335
            ],
            [
              72.5847967,
              23.1085789
            ],
            [
              72.5846123,
              23.1086817
            ]
          ]
        ]
      },
      "id": "way/1180004257"
    },
    {
      "type": "Feature",
      "properties": {
        "@id": "way/1180013601",
        "leisure": "park",
        "name": "Childrens Park"
      },
      "geometry": {
        "type": "Polygon",
        "coordinates": [
          [
            [
              72.5824483,
              23.1004018
            ],
            [
              72.5825743,
              23.1001513
            ],
            [
              72.5827598,
              23.1002311
            ],
            [
              72.5826304,
              23.1004879
            ],
            [
              72.5824483,
              23.1004018
            ]
          ]
        ]
      },
      "id": "way/1180013601"
    },
    {
      "type": "Feature",
      "properties": {
        "@id": "way/1191865459",
        "leisure": "park",
        "name": "Vivekanand Lake Park"
      },
      "geometry": {
        "type": "Polygon",
        "coordinates": [
          [
            [
              72.5366266,
              23.0519297
            ],
            [
              72.5365582,
              23.0514485
            ],
            [
              72.5368224,
              23.0513979
            ],
            [
              72.537277,
              23.0513041
            ],
            [
              72.5372972,
              23.0513831
            ],
            [
              72.5374326,
              23.0513535
            ],
            [
              72.5374353,
              23.0514189
            ],
            [
              72.5375493,
              23.051409
            ],
            [
              72.5375547,
              23.051794
            ],
            [
              72.5367318,
              23.0519144
            ],
            [
              72.5366266,
              23.0519297
            ]
          ]
        ]
      },
      "id": "way/1191865459"
    },
    {
      "type": "Feature",
      "properties": {
        "@id": "way/1192008348",
        "leisure": "park",
        "name": "Chharodi Park",
        "wikidata": "Q120970245",
        "wikimedia_commons": "Category:Chharodi Lake",
        "wikipedia": "en:Chharodi Lake"
      },
      "geometry": {
        "type": "Polygon",
        "coordinates": [
          [
            [
              72.53941,
              23.1235815
            ],
            [
              72.5393901,
              23.1235177
            ],
            [
              72.5393153,
              23.1232772
            ],
            [
              72.5392726,
              23.1231063
            ],
            [
              72.5394116,
              23.1230162
            ],
            [
              72.5393904,
              23.1229209
            ],
            [
              72.5393933,
              23.1227965
            ],
            [
              72.5394473,
              23.1226973
            ],
            [
              72.5395404,
              23.1226167
            ],
            [
              72.5396232,
              23.1225042
            ],
            [
              72.5396887,
              23.1223683
            ],
            [
              72.5397353,
              23.1221903
            ],
            [
              72.5398454,
              23.122169
            ],
            [
              72.5400469,
              23.122115
            ],
            [
              72.5401304,
              23.1220871
            ],
            [
              72.5403134,
              23.1220258
            ],
            [
              72.5405677,
              23.1219633
            ],
            [
              72.5406859,
              23.1219343
            ],
            [
              72.5409754,
              23.1218845
            ],
            [
              72.5411273,
              23.1218592
            ],
            [
              72.5411981,
              23.1218474
            ],
            [
              72.541356,
              23.1218355
            ],
            [
              72.541511,
              23.1218487
            ],
            [
              72.5416665,
              23.1218754
            ],
            [
              72.5418894,
              23.1219683
            ],
            [
              72.5419159,
              23.1220789
            ],
            [
              72.5419018,
              23.1221665
            ],
            [
              72.5418918,
              23.1221887
            ],
            [
              72.5418046,
              23.1223176
            ],
            [
              72.5417223,
              23.1224406
            ],
            [
              72.5416685,
              23.1225069
            ],
            [
              72.5416709,
              23.1225713
            ],
            [
              72.5417117,
              23.1229015
            ],
            [
              72.541939,
              23.1232009
            ],
            [
              72.5419254,
              23.1236506
            ],
            [
              72.5416397,
              23.1237144
            ],
            [
              72.5413583,
              23.123784
            ],
            [
              72.5409741,
              23.1238812
            ],
            [
              72.540765,
              23.1239196
            ],
            [
              72.5402009,
              23.1240661
            ],
            [
              72.5400506,
              23.1240825
            ],
            [
              72.539855,
              23.1240435
            ],
            [
              72.5397483,
              23.1239816
            ],
            [
              72.5397038,
              23.1238957
            ],
            [
              72.5395335,
              23.1239396
            ],
            [
              72.5394779,
              23.123803
            ],
            [
              72.5394305,
              23.1236483
            ],
            [
              72.53941,
              23.1235815
            ]
          ]
        ]
      },
      "id": "way/1192008348"
    },
    {
      "type": "Feature",
      "properties": {
        "@id": "way/1192008355",
        "leisure": "park"
      },
      "geometry": {
        "type": "Polygon",
        "coordinates": [
          [
            [
              72.5277002,
              23.029059
            ],
            [
              72.5278048,
              23.0289257
            ],
            [
              72.5278464,
              23.0289633
            ],
            [
              72.5278518,
              23.0291207
            ],
            [
              72.5278135,
              23.0291645
            ],
            [
              72.5277002,
              23.029059
            ]
          ]
        ]
      },
      "id": "way/1192008355"
    },
    {
      "type": "Feature",
      "properties": {
        "@id": "way/1196756504",
        "leisure": "park",
        "name": "Nature Park"
      },
      "geometry": {
        "type": "Polygon",
        "coordinates": [
          [
            [
              72.4935088,
              23.0757491
            ],
            [
              72.4972799,
              23.0767041
            ],
            [
              72.4972638,
              23.0767658
            ],
            [
              72.4952361,
              23.0790779
            ],
            [
              72.4946326,
              23.078952
            ],
            [
              72.4943992,
              23.0781723
            ],
            [
              72.494241,
              23.0777553
            ],
            [
              72.4938789,
              23.0767534
            ],
            [
              72.4934873,
              23.0758157
            ],
            [
              72.4935088,
              23.0757491
            ]
          ]
        ]
      },
      "id": "way/1196756504"
    },
    {
      "type": "Feature",
      "properties": {
        "@id": "way/1199739136",
        "leisure": "park",
        "name": "Senior Citizen Park"
      },
      "geometry": {
        "type": "Polygon",
        "coordinates": [
          [
            [
              72.5471611,
              23.0074534
            ],
            [
              72.5474316,
              23.0068808
            ],
            [
              72.5479059,
              23.0070707
            ],
            [
              72.5476354,
              23.0076432
            ],
            [
              72.5471611,
              23.0074534
            ]
          ]
        ]
      },
      "id": "way/1199739136"
    },
    {
      "type": "Feature",
      "properties": {
        "@id": "way/1211935680",
        "leisure": "park",
        "name": "Memnagar Park"
      },
      "geometry": {
        "type": "Polygon",
        "coordinates": [
          [
            [
              72.544177,
              23.0491454
            ],
            [
              72.5442146,
              23.0491919
            ],
            [
              72.544338,
              23.0494728
            ],
            [
              72.5441113,
              23.0497307
            ],
            [
              72.5440791,
              23.0496554
            ],
            [
              72.5436768,
              23.0496925
            ],
            [
              72.5434005,
              23.0496875
            ],
            [
              72.5432892,
              23.0496517
            ],
            [
              72.543253,
              23.0497838
            ],
            [
              72.5427313,
              23.0497184
            ],
            [
              72.5427314,
              23.0497367
            ],
            [
              72.5427018,
              23.0501404
            ],
            [
              72.5426549,
              23.050344
            ],
            [
              72.5426039,
              23.0503403
            ],
            [
              72.542046,
              23.0502638
            ],
            [
              72.5416732,
              23.0501873
            ],
            [
              72.5410804,
              23.0497579
            ],
            [
              72.5407907,
              23.0494296
            ],
            [
              72.5406513,
              23.0493062
            ],
            [
              72.5406539,
              23.0492272
            ],
            [
              72.5406271,
              23.0488817
            ],
            [
              72.5409892,
              23.0485781
            ],
            [
              72.5413728,
              23.0486855
            ],
            [
              72.5418314,
              23.0488829
            ],
            [
              72.5421104,
              23.0490076
            ],
            [
              72.5424819,
              23.0489804
            ],
            [
              72.5426146,
              23.0489816
            ],
            [
              72.5426998,
              23.0490094
            ],
            [
              72.5429774,
              23.0490668
            ],
            [
              72.5433147,
              23.0490656
            ],
            [
              72.5434086,
              23.0491384
            ],
            [
              72.544177,
              23.0491454
            ]
          ]
        ]
      },
      "id": "way/1211935680"
    },
    {
      "type": "Feature",
      "properties": {
        "@id": "way/1211935685",
        "leisure": "park",
        "name": "Sarathi Public Park"
      },
      "geometry": {
        "type": "Polygon",
        "coordinates": [
          [
            [
              72.5424926,
              23.0512375
            ],
            [
              72.5417617,
              23.0514991
            ],
            [
              72.5416236,
              23.0515818
            ],
            [
              72.5411957,
              23.0516459
            ],
            [
              72.5412266,
              23.0512695
            ],
            [
              72.5416759,
              23.0513164
            ],
            [
              72.5417295,
              23.0508956
            ],
            [
              72.5425275,
              23.0509647
            ],
            [
              72.5424995,
              23.0511837
            ],
            [
              72.5424926,
              23.0512375
            ]
          ]
        ]
      },
      "id": "way/1211935685"
    },
    {
      "type": "Feature",
      "properties": {
        "@id": "way/1239619358",
        "leisure": "park",
        "start_date": "2020-03-12"
      },
      "geometry": {
        "type": "Polygon",
        "coordinates": [
          [
            [
              72.522081,
              23.0230815
            ],
            [
              72.5222138,
              23.0230815
            ],
            [
              72.5223921,
              23.0230815
            ],
            [
              72.5223774,
              23.0236048
            ],
            [
              72.5220622,
              23.0235962
            ],
            [
              72.522081,
              23.0230815
            ]
          ]
        ]
      },
      "id": "way/1239619358"
    },
    {
      "type": "Feature",
      "properties": {
        "@id": "way/1272460980",
        "description": "Spreaded over 36,200+ sqm this park has 2.5 lac trees planted with the Miyawaki forestation method.",
        "leisure": "park",
        "name": "Greenmosphere Park",
        "opening_hours": "Mo-Su 06:00-10:00,16:00-19:00"
      },
      "geometry": {
        "type": "Polygon",
        "coordinates": [
          [
            [
              72.5255129,
              23.0994212
            ],
            [
              72.5260426,
              23.0990203
            ],
            [
              72.5256792,
              23.0985897
            ],
            [
              72.5261405,
              23.098438
            ],
            [
              72.5261298,
              23.0983295
            ],
            [
              72.5275782,
              23.0979606
            ],
            [
              72.5279242,
              23.0991078
            ],
            [
              72.5262599,
              23.1002945
            ],
            [
              72.5258857,
              23.0998616
            ],
            [
              72.5255129,
              23.0994212
            ]
          ]
        ]
      },
      "id": "way/1272460980"
    },
    {
      "type": "Feature",
      "properties": {
        "@id": "way/1273603789",
        "description": "Spanning over 28,000 sqm the park consists of 59,000 trees with 75 plant species, 400m running track passing through forest trails, playground, outdoor gym, dynamic pavillion, yoga space and vibrant bandstand",
        "leisure": "park",
        "name": "Oxygen Park, Sindhu Bhavan Road",
        "opening_hours": "Mo-Su 7:00-10:00, 16:00-18:00; Mar-Sep Mo-Su 6:30-9:30, 17:00-19:00",
        "operator": "Ahmedabad Municipal Corporation",
        "short_name": "Oxygen Park, SBR",
        "start_date": "2024-08-18",
        "wikidata": "Q125509480",
        "wikimedia_commons": "Category:Oxygen_Park,_Sindhu_Bhavan_Road"
      },
      "geometry": {
        "type": "Polygon",
        "coordinates": [
          [
            [
              72.4860549,
              23.0405035
            ],
            [
              72.4874188,
              23.0403591
            ],
            [
              72.4875792,
              23.0418094
            ],
            [
              72.4876374,
              23.0421128
            ],
            [
              72.4870205,
              23.0422356
            ],
            [
              72.486311,
              23.0423769
            ],
            [
              72.4860549,
              23.0405035
            ]
          ]
        ]
      },
      "id": "way/1273603789"
    },
    {
      "type": "Feature",
      "properties": {
        "@id": "way/1275046999",
        "leisure": "park",
        "name": "Khoraj Lake Garden"
      },
      "geometry": {
        "type": "Polygon",
        "coordinates": [
          [
            [
              72.5498083,
              23.1388875
            ],
            [
              72.54976,
              23.1388949
            ],
            [
              72.5496849,
              23.138155
            ],
            [
              72.5496152,
              23.1374373
            ],
            [
              72.5496072,
              23.1373879
            ],
            [
              72.5504976,
              23.1372794
            ],
            [
              72.55068,
              23.1370821
            ],
            [
              72.5506425,
              23.1367368
            ],
            [
              72.5505191,
              23.1355874
            ],
            [
              72.5513265,
              23.1354863
            ],
            [
              72.5514472,
              23.1365987
            ],
            [
              72.5525375,
              23.1364975
            ],
            [
              72.5526877,
              23.1379392
            ],
            [
              72.5516376,
              23.1380206
            ],
            [
              72.5517207,
              23.1386705
            ],
            [
              72.551693,
              23.1386736
            ],
            [
              72.5498083,
              23.1388875
            ]
          ]
        ]
      },
      "id": "way/1275046999"
    },
    {
      "type": "Feature",
      "properties": {
        "@id": "way/1289249651",
        "leisure": "park",
        "name": "Ahmedabad Municipal Udhyan",
        "start_date": "2022-03-26"
      },
      "geometry": {
        "type": "Polygon",
        "coordinates": [
          [
            [
              72.5023574,
              22.9982788
            ],
            [
              72.5023847,
              22.9982452
            ],
            [
              72.5024179,
              22.9982166
            ],
            [
              72.5024562,
              22.9981938
            ],
            [
              72.5024982,
              22.9981776
            ],
            [
              72.5025281,
              22.9981705
            ],
            [
              72.5025587,
              22.9981669
            ],
            [
              72.5026202,
              22.9981652
            ],
            [
              72.5026666,
              22.99817
            ],
            [
              72.5027119,
              22.9981799
            ],
            [
              72.5027557,
              22.9981948
            ],
            [
              72.502863,
              22.9982899
            ],
            [
              72.5028603,
              22.9983479
            ],
            [
              72.5028549,
              22.9983701
            ],
            [
              72.5030588,
              22.9985121
            ],
            [
              72.5031339,
              22.9985059
            ],
            [
              72.5033967,
              22.9987121
            ],
            [
              72.50339,
              22.9987738
            ],
            [
              72.5035456,
              22.9988997
            ],
            [
              72.5035751,
              22.9988849
            ],
            [
              72.5043838,
              22.9995404
            ],
            [
              72.5044378,
              22.9995818
            ],
            [
              72.5053239,
              23.0002608
            ],
            [
              72.5053246,
              23.000312
            ],
            [
              72.5055961,
              23.0005071
            ],
            [
              72.5056444,
              23.0004935
            ],
            [
              72.5057638,
              23.000591
            ],
            [
              72.5058939,
              23.0006972
            ],
            [
              72.5058778,
              23.0007527
            ],
            [
              72.5061621,
              23.0009712
            ],
            [
              72.5062452,
              23.0009737
            ],
            [
              72.5064585,
              23.0011379
            ],
            [
              72.5064477,
              23.0012008
            ],
            [
              72.506716,
              23.0013984
            ],
            [
              72.5067649,
              23.0013922
            ],
            [
              72.5070955,
              23.0016267
            ],
            [
              72.5071149,
              23.0016416
            ],
            [
              72.5071283,
              23.0016613
            ],
            [
              72.5071338,
              23.0016788
            ],
            [
              72.5071344,
              23.0016971
            ],
            [
              72.5069875,
              23.0018878
            ],
            [
              72.5068045,
              23.0017514
            ],
            [
              72.5060776,
              23.0012268
            ],
            [
              72.5046641,
              23.0001157
            ],
            [
              72.5038634,
              22.9994812
            ],
            [
              72.5032841,
              22.9990158
            ],
            [
              72.5023574,
              22.9982788
            ]
          ]
        ]
      },
      "id": "way/1289249651"
    },
    {
      "type": "Feature",
      "properties": {
        "@id": "way/1289249841",
        "leisure": "park",
        "name": "Usmanpura Gam Garden"
      },
      "geometry": {
        "type": "Polygon",
        "coordinates": [
          [
            [
              72.5723268,
              23.0470232
            ],
            [
              72.5723853,
              23.047332
            ],
            [
              72.5724046,
              23.0474341
            ],
            [
              72.5720707,
              23.0474601
            ],
            [
              72.5719781,
              23.0469689
            ],
            [
              72.5722611,
              23.0469529
            ],
            [
              72.5722926,
              23.0469615
            ],
            [
              72.5723268,
              23.0470232
            ]
          ]
        ]
      },
      "id": "way/1289249841"
    },
    {
      "type": "Feature",
      "properties": {
        "@id": "way/1290938439",
        "leisure": "park",
        "name": "Jadeshwar Van",
        "opening_hours": "Mo-Su 06:00-12:00,15:00-18:00; We off"
      },
      "geometry": {
        "type": "Polygon",
        "coordinates": [
          [
            [
              72.6610771,
              23.0108332
            ],
            [
              72.661289,
              23.0108109
            ],
            [
              72.6622868,
              23.0105023
            ],
            [
              72.662787,
              23.0104838
            ],
            [
              72.6631236,
              23.0104702
            ],
            [
              72.6636413,
              23.0103838
            ],
            [
              72.6635849,
              23.0116898
            ],
            [
              72.663483,
              23.012939
            ],
            [
              72.6633167,
              23.0141586
            ],
            [
              72.6621956,
              23.0139784
            ],
            [
              72.6618066,
              23.0139512
            ],
            [
              72.6614338,
              23.0124379
            ],
            [
              72.6613989,
              23.0123613
            ],
            [
              72.661171,
              23.0112208
            ],
            [
              72.6610771,
              23.0108332
            ]
          ]
        ]
      },
      "id": "way/1290938439"
    },
    {
      "type": "Feature",
      "properties": {
        "@id": "way/1290938442",
        "leisure": "park",
        "name": "Vastral Lake Park",
        "start_date": "2019-02-13"
      },
      "geometry": {
        "type": "Polygon",
        "coordinates": [
          [
            [
              72.6669645,
              22.9996478
            ],
            [
              72.6671442,
              22.9991331
            ],
            [
              72.6670611,
              22.9986541
            ],
            [
              72.6678684,
              22.9985109
            ],
            [
              72.6682278,
              22.9986565
            ],
            [
              72.6688609,
              22.9986368
            ],
            [
              72.6691237,
              22.9991861
            ],
            [
              72.6694188,
              22.9998478
            ],
            [
              72.6684116,
              23.0002157
            ],
            [
              72.6684572,
              23.0003219
            ],
            [
              72.6679838,
              23.0005268
            ],
            [
              72.6678497,
              23.0002453
            ],
            [
              72.6669283,
              23.0005898
            ],
            [
              72.6668036,
              23.0000812
            ],
            [
              72.666699,
              22.9996738
            ],
            [
              72.6669645,
              22.9996478
            ]
          ]
        ]
      },
      "id": "way/1290938442"
    },
    {
      "type": "Feature",
      "properties": {
        "@id": "way/1291987405",
        "leisure": "park",
        "name": "AMC Udhyan",
        "start_date": "2021-01-19"
      },
      "geometry": {
        "type": "Polygon",
        "coordinates": [
          [
            [
              72.501149,
              23.0244293
            ],
            [
              72.5011691,
              23.0235382
            ],
            [
              72.5020167,
              23.0234456
            ],
            [
              72.5020891,
              23.0243516
            ],
            [
              72.5015916,
              23.0243941
            ],
            [
              72.501186,
              23.0244264
            ],
            [
              72.501149,
              23.0244293
            ]
          ]
        ]
      },
      "id": "way/1291987405"
    },
    {
      "type": "Feature",
      "properties": {
        "@id": "way/1304800154",
        "leisure": "park",
        "name": "Madhav Smruti Municipal Park"
      },
      "geometry": {
        "type": "Polygon",
        "coordinates": [
          [
            [
              72.5566393,
              23.0497179
            ],
            [
              72.5579973,
              23.0498242
            ],
            [
              72.5579833,
              23.0507717
            ],
            [
              72.5576827,
              23.0507595
            ],
            [
              72.5573714,
              23.0507469
            ],
            [
              72.5574033,
              23.0501173
            ],
            [
              72.5565814,
              23.050111
            ],
            [
              72.5566161,
              23.0498754
            ],
            [
              72.5566393,
              23.0497179
            ]
          ]
        ]
      },
      "id": "way/1304800154"
    },
    {
      "type": "Feature",
      "properties": {
        "@id": "way/1314357199",
        "leisure": "park"
      },
      "geometry": {
        "type": "Polygon",
        "coordinates": [
          [
            [
              72.5061612,
              23.0291056
            ],
            [
              72.5060612,
              23.0284727
            ],
            [
              72.5064586,
              23.0284458
            ],
            [
              72.5065489,
              23.0290764
            ],
            [
              72.5061612,
              23.0291056
            ]
          ]
        ]
      },
      "id": "way/1314357199"
    },
    {
      "type": "Feature",
      "properties": {
        "@id": "way/1337080364",
        "leisure": "park"
      },
      "geometry": {
        "type": "Polygon",
        "coordinates": [
          [
            [
              72.6328941,
              23.1623301
            ],
            [
              72.6353041,
              23.1621475
            ],
            [
              72.6353952,
              23.1631657
            ],
            [
              72.6329852,
              23.1633479
            ],
            [
              72.6328941,
              23.1623301
            ]
          ]
        ]
      },
      "id": "way/1337080364"
    },
    {
      "type": "Feature",
      "properties": {
        "@id": "way/1349726067",
        "description": "Spreaded over 9 hectares this park has more than 5000 trees in wide variety making it easy to find peace along with scenic river views.",
        "leisure": "park",
        "name": "Riverfront Biodiversity Park",
        "opening_hours": "Mo-Su 07:00-17:00",
        "start_date": "2020-10-05",
        "website": "https://www.riverfrontparktickets.com/"
      },
      "geometry": {
        "type": "Polygon",
        "coordinates": [
          [
            [
              72.5623023,
              22.9973595
            ],
            [
              72.5621679,
              22.9972665
            ],
            [
              72.5616756,
              22.996953
            ],
            [
              72.5606209,
              22.9962417
            ],
            [
              72.5595656,
              22.9955131
            ],
            [
              72.5600692,
              22.994819
            ],
            [
              72.5610253,
              22.9954641
            ],
            [
              72.5619292,
              22.9962048
            ],
            [
              72.5624442,
              22.9966307
            ],
            [
              72.5627788,
              22.9969515
            ],
            [
              72.5623023,
              22.9973595
            ]
          ]
        ]
      },
      "id": "way/1349726067"
    },
    {
      "type": "Feature",
      "properties": {
        "@id": "way/1349775591",
        "leisure": "park",
        "name": "Ratanpura garden"
      },
      "geometry": {
        "type": "Polygon",
        "coordinates": [
          [
            [
              72.6568902,
              22.994395
            ],
            [
              72.6565871,
              22.9927629
            ],
            [
              72.6571561,
              22.992661
            ],
            [
              72.6578557,
              22.9925357
            ],
            [
              72.6579443,
              22.9931184
            ],
            [
              72.6580194,
              22.9934641
            ],
            [
              72.658191,
              22.9938765
            ],
            [
              72.6582661,
              22.9941308
            ],
            [
              72.6568902,
              22.994395
            ]
          ]
        ]
      },
      "id": "way/1349775591"
    },
    {
      "type": "Feature",
      "properties": {
        "@id": "way/1368330314",
        "description": "8 acre large park has 40k trees planted with Miyawaki method & 1.1km of track",
        "leisure": "park",
        "name": "લલિતા ગોવિંદ ઉદ્યાન",
        "name:en": "Lalita Govind Udyan",
        "opening_hours": "Mo-Su 06:00-23:00",
        "start_date": "2023-09-30"
      },
      "geometry": {
        "type": "Polygon",
        "coordinates": [
          [
            [
              72.5529143,
              23.1301339
            ],
            [
              72.5523725,
              23.1284344
            ],
            [
              72.5541615,
              23.1278991
            ],
            [
              72.5545907,
              23.1287057
            ],
            [
              72.5540516,
              23.1294999
            ],
            [
              72.5537968,
              23.129754
            ],
            [
              72.553212,
              23.1300377
            ],
            [
              72.5530976,
              23.1300746
            ],
            [
              72.5529546,
              23.1301265
            ],
            [
              72.5529143,
              23.1301339
            ]
          ]
        ]
      },
      "id": "way/1368330314"
    },
    {
      "type": "Feature",
      "properties": {
        "@id": "way/1373280803",
        "leisure": "park",
        "name": "AUDA park, Kathwada",
        "opening_hours": "Mo-Su 05:00-13:00,15:00-20:00"
      },
      "geometry": {
        "type": "Polygon",
        "coordinates": [
          [
            [
              72.6920915,
              23.06518
            ],
            [
              72.6920593,
              23.0650788
            ],
            [
              72.6920727,
              23.064146
            ],
            [
              72.6921666,
              23.0632822
            ],
            [
              72.6921076,
              23.0627739
            ],
            [
              72.6925635,
              23.0627245
            ],
            [
              72.6929659,
              23.0649159
            ],
            [
              72.6920915,
              23.06518
            ]
          ]
        ]
      },
      "id": "way/1373280803"
    },
    {
      "type": "Feature",
      "properties": {
        "@id": "way/1374643669",
        "leisure": "park"
      },
      "geometry": {
        "type": "Polygon",
        "coordinates": [
          [
            [
              72.6282998,
              23.1865368
            ],
            [
              72.6284259,
              23.1866176
            ],
            [
              72.6285554,
              23.1866286
            ],
            [
              72.6285989,
              23.1866885
            ],
            [
              72.6285997,
              23.1867788
            ],
            [
              72.6285204,
              23.1868389
            ],
            [
              72.628387,
              23.1868735
            ],
            [
              72.6282797,
              23.1868296
            ],
            [
              72.6281964,
              23.1867704
            ],
            [
              72.6281826,
              23.1867066
            ],
            [
              72.6280993,
              23.1866465
            ],
            [
              72.6281101,
              23.1866114
            ],
            [
              72.6282998,
              23.1865368
            ]
          ]
        ]
      },
      "id": "way/1374643669"
    },
    {
      "type": "Feature",
      "properties": {
        "@id": "way/1394992785",
        "leisure": "park"
      },
      "geometry": {
        "type": "Polygon",
        "coordinates": [
          [
            [
              72.6139472,
              23.0565924
            ],
            [
              72.6148747,
              23.0565923
            ],
            [
              72.6151021,
              23.0570436
            ],
            [
              72.6151082,
              23.0570586
            ],
            [
              72.6151041,
              23.0570717
            ],
            [
              72.6150899,
              23.0570829
            ],
            [
              72.6150736,
              23.0570867
            ],
            [
              72.6142666,
              23.057081
            ],
            [
              72.6142402,
              23.0570773
            ],
            [
              72.6142239,
              23.057068
            ],
            [
              72.6142133,
              23.0570546
            ],
            [
              72.6142016,
              23.0570362
            ],
            [
              72.6139472,
              23.0565924
            ]
          ]
        ]
      },
      "id": "way/1394992785"
    },
    {
      "type": "Feature",
      "properties": {
        "@id": "way/1395129396",
        "amenity": "fire_station",
        "building": "yes",
        "name": "Sardar Vallabhbhai Patel International Airport Fire Station",
        "operator": "Sardar Vallabhbhai Patel International Airport"
      },
      "geometry": {
        "type": "Polygon",
        "coordinates": [
          [
            [
              72.6302676,
              23.0776957
            ],
            [
              72.630397,
              23.0775759
            ],
            [
              72.6308267,
              23.0779684
            ],
            [
              72.6306974,
              23.0780883
            ],
            [
              72.6302676,
              23.0776957
            ]
          ]
        ]
      },
      "id": "way/1395129396"
    },
    {
      "type": "Feature",
      "properties": {
        "@id": "way/1442597404",
        "leisure": "park",
        "name": "Credai Garden",
        "start_date": "2023-06-20"
      },
      "geometry": {
        "type": "Polygon",
        "coordinates": [
          [
            [
              72.4844134,
              23.0496937
            ],
            [
              72.4829677,
              23.0491112
            ],
            [
              72.4837267,
              23.0490446
            ],
            [
              72.4836785,
              23.0486398
            ],
            [
              72.4839118,
              23.0486324
            ],
            [
              72.4838984,
              23.0485436
            ],
            [
              72.4840513,
              23.0485386
            ],
            [
              72.4840352,
              23.048319
            ],
            [
              72.4841784,
              23.0483062
            ],
            [
              72.4843115,
              23.0482943
            ],
            [
              72.4843423,
              23.0489101
            ],
            [
              72.4844134,
              23.0496937
            ]
          ]
        ]
      },
      "id": "way/1442597404"
    },
    {
      "type": "Feature",
      "properties": {
        "@id": "way/1450460294",
        "leisure": "park",
        "name": "ડૉ. વનીકર ઉદ્યાન",
        "name:en": "Dr. Vanikar Udhyan"
      },
      "geometry": {
        "type": "Polygon",
        "coordinates": [
          [
            [
              72.5668551,
              23.0306425
            ],
            [
              72.566784,
              23.029686
            ],
            [
              72.5669141,
              23.029681
            ],
            [
              72.5670817,
              23.0296897
            ],
            [
              72.5671542,
              23.030482
            ],
            [
              72.5671434,
              23.0306388
            ],
            [
              72.5669919,
              23.0306413
            ],
            [
              72.5668551,
              23.0306425
            ]
          ]
        ]
      },
      "id": "way/1450460294"
    },
    {
      "type": "Feature",
      "properties": {
        "@id": "way/1451639412",
        "leisure": "park",
        "name": "Shaligram Oxygen Park",
        "start_date": "2025-01-21"
      },
      "geometry": {
        "type": "Polygon",
        "coordinates": [
          [
            [
              72.4655239,
              23.0162928
            ],
            [
              72.4656647,
              23.016278
            ],
            [
              72.4658364,
              23.0162557
            ],
            [
              72.4659048,
              23.0167742
            ],
            [
              72.4655534,
              23.01671
            ],
            [
              72.4656111,
              23.0166248
            ],
            [
              72.4655239,
              23.0162928
            ]
          ]
        ]
      },
      "id": "way/1451639412"
    },
    {
      "type": "Feature",
      "properties": {
        "@id": "way/1462819404",
        "leisure": "park",
        "name": "AMC Electrotherm Park",
        "opening_hours": "Mo-Su 06:00-12:00,16:00-22:00"
      },
      "geometry": {
        "type": "Polygon",
        "coordinates": [
          [
            [
              72.4627118,
              23.0167071
            ],
            [
              72.4624783,
              23.0153909
            ],
            [
              72.4632854,
              23.0152696
            ],
            [
              72.463519,
              23.0165858
            ],
            [
              72.4634203,
              23.0166006
            ],
            [
              72.4630304,
              23.0166592
            ],
            [
              72.462754,
              23.0167008
            ],
            [
              72.4627118,
              23.0167071
            ]
          ]
        ]
      },
      "id": "way/1462819404"
    },
    {
      "type": "Feature",
      "properties": {
        "@id": "way/1539743013",
        "addr:street": "DPS-Bopal Road",
        "leisure": "park",
        "name": "A Shridhar park"
      },
      "geometry": {
        "type": "Polygon",
        "coordinates": [
          [
            [
              72.4624577,
              23.0437781
            ],
            [
              72.4618699,
              23.0436786
            ],
            [
              72.4620084,
              23.0433273
            ],
            [
              72.4625861,
              23.0434579
            ],
            [
              72.4629813,
              23.0439242
            ],
            [
              72.4624577,
              23.0437781
            ]
          ]
        ]
      },
      "id": "way/1539743013"
    },
    {
      "type": "Feature",
      "properties": {
        "@id": "way/1539775944",
        "leisure": "park",
        "name": "Jagatpur Oxygen Park"
      },
      "geometry": {
        "type": "Polygon",
        "coordinates": [
          [
            [
              72.5461069,
              23.114137
            ],
            [
              72.5468606,
              23.1140211
            ],
            [
              72.546764,
              23.1135326
            ],
            [
              72.5467823,
              23.1135029
            ],
            [
              72.5468311,
              23.1134241
            ],
            [
              72.546984,
              23.1133599
            ],
            [
              72.5470306,
              23.1132741
            ],
            [
              72.5470591,
              23.1132218
            ],
            [
              72.5475123,
              23.1131478
            ],
            [
              72.5478771,
              23.1131354
            ],
            [
              72.5490546,
              23.1137275
            ],
            [
              72.5493202,
              23.1138163
            ],
            [
              72.5490573,
              23.1147907
            ],
            [
              72.5489205,
              23.1153482
            ],
            [
              72.5488615,
              23.1155777
            ],
            [
              72.5469974,
              23.1151706
            ],
            [
              72.5462759,
              23.1150053
            ],
            [
              72.5462222,
              23.1147217
            ],
            [
              72.5461069,
              23.114137
            ]
          ]
        ]
      },
      "id": "way/1539775944"
    },
    {
      "type": "Feature",
      "properties": {
        "@id": "way/1539784276",
        "leisure": "park",
        "name": "AMC Garden Gota"
      },
      "geometry": {
        "type": "Polygon",
        "coordinates": [
          [
            [
              72.5465763,
              23.0958262
            ],
            [
              72.5466294,
              23.095971
            ],
            [
              72.5467652,
              23.0963408
            ],
            [
              72.5458895,
              23.0966129
            ],
            [
              72.5457006,
              23.0960982
            ],
            [
              72.5457846,
              23.0960721
            ],
            [
              72.5465763,
              23.0958262
            ]
          ]
        ]
      },
      "id": "way/1539784276"
    },
    {
      "type": "Feature",
      "properties": {
        "@id": "way/1539970804",
        "leisure": "park",
        "name": "Jambavan Udhyan"
      },
      "geometry": {
        "type": "Polygon",
        "coordinates": [
          [
            [
              72.539923,
              23.0101345
            ],
            [
              72.5400547,
              23.0097847
            ],
            [
              72.5406839,
              23.0099854
            ],
            [
              72.5405522,
              23.0103352
            ],
            [
              72.5402685,
              23.0102447
            ],
            [
              72.539923,
              23.0101345
            ]
          ]
        ]
      },
      "id": "way/1539970804"
    },
    {
      "type": "Feature",
      "properties": {
        "@id": "way/1539971633",
        "leisure": "park"
      },
      "geometry": {
        "type": "Polygon",
        "coordinates": [
          [
            [
              72.5064537,
              23.0180419
            ],
            [
              72.5064556,
              23.0180122
            ],
            [
              72.5064696,
              23.0178003
            ],
            [
              72.5071197,
              23.0177826
            ],
            [
              72.5071266,
              23.0179884
            ],
            [
              72.5068407,
              23.017985
            ],
            [
              72.5064537,
              23.0180419
            ]
          ]
        ]
      },
      "id": "way/1539971633"
    },
    {
      "type": "Feature",
      "properties": {
        "@id": "way/1546586595",
        "leisure": "park",
        "name": "Heritage Park"
      },
      "geometry": {
        "type": "Polygon",
        "coordinates": [
          [
            [
              72.5770368,
              23.0269578
            ],
            [
              72.5764181,
              23.0269348
            ],
            [
              72.576525,
              23.0262686
            ],
            [
              72.5766491,
              23.0255359
            ],
            [
              72.5770462,
              23.0226614
            ],
            [
              72.5773992,
              23.022467
            ],
            [
              72.5772176,
              23.0248736
            ],
            [
              72.5770368,
              23.0269578
            ]
          ]
        ]
      },
      "id": "way/1546586595"
    },
    {
      "type": "Feature",
      "properties": {
        "@id": "node/429410556",
        "amenity": "fire_station",
        "name": "Bodakdev Fire Station"
      },
      "geometry": {
        "type": "Point",
        "coordinates": [
          72.5163171,
          23.0398116
        ]
      },
      "id": "node/429410556"
    },
    {
      "type": "Feature",
      "properties": {
        "@id": "node/436106992",
        "amenity": "fire_station",
        "name": "Memnagar Fire Station"
      },
      "geometry": {
        "type": "Point",
        "coordinates": [
          72.5510013,
          23.0455062
        ]
      },
      "id": "node/436106992"
    },
    {
      "type": "Feature",
      "properties": {
        "@id": "node/627510872",
        "amenity": "toilets"
      },
      "geometry": {
        "type": "Point",
        "coordinates": [
          72.5694693,
          23.0112987
        ]
      },
      "id": "node/627510872"
    },
    {
      "type": "Feature",
      "properties": {
        "@id": "node/948092275",
        "amenity": "toilets"
      },
      "geometry": {
        "type": "Point",
        "coordinates": [
          72.5709613,
          23.0112778
        ]
      },
      "id": "node/948092275"
    },
    {
      "type": "Feature",
      "properties": {
        "@id": "node/3236022280",
        "addr:city": "Ahmedabad",
        "addr:postcode": "380006",
        "addr:street": "Ashram Road",
        "amenity": "police",
        "name": "Ellisbridge Police Station",
        "operator": "Ahmedabad City Police"
      },
      "geometry": {
        "type": "Point",
        "coordinates": [
          72.5716416,
          23.022886
        ]
      },
      "id": "node/3236022280"
    },
    {
      "type": "Feature",
      "properties": {
        "@id": "node/3247356200",
        "addr:city": "ahmedabad",
        "amenity": "police",
        "building": "yes",
        "name": "Sardarnagar Police Station",
        "phone": "+917922864345",
        "postal_code": "382475"
      },
      "geometry": {
        "type": "Point",
        "coordinates": [
          72.620522,
          23.0804289
        ]
      },
      "id": "node/3247356200"
    },
    {
      "type": "Feature",
      "properties": {
        "@id": "node/3247518115",
        "addr:city": "Ahmedabad",
        "addr:postcode": "380021",
        "addr:state": "Gujarat",
        "amenity": "police",
        "name": "kalupur Police Station",
        "phone": "+917922167530"
      },
      "geometry": {
        "type": "Point",
        "coordinates": [
          72.5938493,
          23.0280667
        ]
      },
      "id": "node/3247518115"
    },
    {
      "type": "Feature",
      "properties": {
        "@id": "node/3306683250",
        "amenity": "police",
        "name": "Karanj Police Station"
      },
      "geometry": {
        "type": "Point",
        "coordinates": [
          72.5820394,
          23.0245097
        ]
      },
      "id": "node/3306683250"
    },
    {
      "type": "Feature",
      "properties": {
        "@id": "node/3775189520",
        "amenity": "police",
        "name": "SOLA POLICE STATION"
      },
      "geometry": {
        "type": "Point",
        "coordinates": [
          72.5290719,
          23.0869563
        ]
      },
      "id": "node/3775189520"
    },
    {
      "type": "Feature",
      "properties": {
        "@id": "node/3808256133",
        "leisure": "park",
        "name": "manegbaug"
      },
      "geometry": {
        "type": "Point",
        "coordinates": [
          72.550513,
          23.0114634
        ]
      },
      "id": "node/3808256133"
    },
    {
      "type": "Feature",
      "properties": {
        "@id": "node/4209128145",
        "amenity": "toilets",
        "fee": "yes",
        "name": "Pay-and-Use Toilet"
      },
      "geometry": {
        "type": "Point",
        "coordinates": [
          72.6308258,
          23.1966648
        ]
      },
      "id": "node/4209128145"
    },
    {
      "type": "Feature",
      "properties": {
        "@id": "node/4326493998",
        "amenity": "toilets",
        "operator": "Ranip bus station GSRTC"
      },
      "geometry": {
        "type": "Point",
        "coordinates": [
          72.576047,
          23.0682694
        ]
      },
      "id": "node/4326493998"
    },
    {
      "type": "Feature",
      "properties": {
        "@id": "node/4358515491",
        "amenity": "police",
        "name": "Vatva police"
      },
      "geometry": {
        "type": "Point",
        "coordinates": [
          72.6275,
          22.9718545
        ]
      },
      "id": "node/4358515491"
    },
    {
      "type": "Feature",
      "properties": {
        "@id": "node/4435502189",
        "addr:city": "ahmedabad",
        "addr:street": "Sardar Patel Ring Road",
        "amenity": "police",
        "description": "new building",
        "name": "Odhav police station (new building)"
      },
      "geometry": {
        "type": "Point",
        "coordinates": [
          72.6724978,
          23.0259396
        ]
      },
      "id": "node/4435502189"
    },
    {
      "type": "Feature",
      "properties": {
        "@id": "node/4481510493",
        "amenity": "toilets",
        "operator": "Toilet nr.thaltej"
      },
      "geometry": {
        "type": "Point",
        "coordinates": [
          72.5162482,
          23.046489
        ]
      },
      "id": "node/4481510493"
    },
    {
      "type": "Feature",
      "properties": {
        "@id": "node/4481510796",
        "amenity": "police",
        "name": "Hanspura/Dehgam naka police station",
        "name:en": "Hanspura/Dehgam naka police station",
        "name:hi": "हंसपुरा पुलिस स्टेशन"
      },
      "geometry": {
        "type": "Point",
        "coordinates": [
          72.686768,
          23.08872
        ]
      },
      "id": "node/4481510796"
    },
    {
      "type": "Feature",
      "properties": {
        "@id": "node/4482322590",
        "amenity": "toilets",
        "operator": "Gurudwara"
      },
      "geometry": {
        "type": "Point",
        "coordinates": [
          72.51561,
          23.0469788
        ]
      },
      "id": "node/4482322590"
    },
    {
      "type": "Feature",
      "properties": {
        "@id": "node/4486254293",
        "leisure": "park",
        "name": "Samarpan Paltry Plots",
        "name:en": "Samarpan Paltry Plots",
        "name:hi": "Samarpan Paltry Plots"
      },
      "geometry": {
        "type": "Point",
        "coordinates": [
          72.5138775,
          23.0279896
        ]
      },
      "id": "node/4486254293"
    },
    {
      "type": "Feature",
      "properties": {
        "@id": "node/4488026579",
        "amenity": "toilets"
      },
      "geometry": {
        "type": "Point",
        "coordinates": [
          72.6619111,
          22.9700995
        ]
      },
      "id": "node/4488026579"
    },
    {
      "type": "Feature",
      "properties": {
        "@id": "node/4488099093",
        "addr:city": "Ahmedabad",
        "leisure": "park",
        "name": "Picnic Party Plot"
      },
      "geometry": {
        "type": "Point",
        "coordinates": [
          72.6489696,
          23.0855359
        ]
      },
      "id": "node/4488099093"
    },
    {
      "type": "Feature",
      "properties": {
        "@id": "node/4636987361",
        "leisure": "park"
      },
      "geometry": {
        "type": "Point",
        "coordinates": [
          72.6280301,
          22.9831433
        ]
      },
      "id": "node/4636987361"
    },
    {
      "type": "Feature",
      "properties": {
        "@id": "node/4646885289",
        "addr:postcode": "380009",
        "addr:street": "Dr. Vikram Sarabhai Road",
        "amenity": "police",
        "name": "Gujarat university police station",
        "name:en": "Gujarat university police station",
        "opening_hours": "24/7"
      },
      "geometry": {
        "type": "Point",
        "coordinates": [
          72.5405988,
          23.0347446
        ]
      },
      "id": "node/4646885289"
    },
    {
      "type": "Feature",
      "properties": {
        "@id": "node/4794246530",
        "amenity": "police",
        "name": "Maganpura Police Chowki",
        "name:en": "Maganpura Police Chowki"
      },
      "geometry": {
        "type": "Point",
        "coordinates": [
          72.5785719,
          23.0805194
        ]
      },
      "id": "node/4794246530"
    },
    {
      "type": "Feature",
      "properties": {
        "@id": "node/5287487830",
        "amenity": "toilets"
      },
      "geometry": {
        "type": "Point",
        "coordinates": [
          72.6008606,
          23.002931
        ]
      },
      "id": "node/5287487830"
    },
    {
      "type": "Feature",
      "properties": {
        "@id": "node/5661768121",
        "amenity": "police",
        "name": "Ranip Police Station"
      },
      "geometry": {
        "type": "Point",
        "coordinates": [
          72.5779962,
          23.0806075
        ]
      },
      "id": "node/5661768121"
    },
    {
      "type": "Feature",
      "properties": {
        "@id": "node/7088275199",
        "leisure": "park",
        "name": "Akha Bhagat Chowk"
      },
      "geometry": {
        "type": "Point",
        "coordinates": [
          72.5937037,
          23.0224593
        ]
      },
      "id": "node/7088275199"
    },
    {
      "type": "Feature",
      "properties": {
        "@id": "node/7246829022",
        "amenity": "toilets"
      },
      "geometry": {
        "type": "Point",
        "coordinates": [
          72.5801102,
          23.0599826
        ]
      },
      "id": "node/7246829022"
    },
    {
      "type": "Feature",
      "properties": {
        "@id": "node/7311053166",
        "addr:city": "Ahmedabad",
        "addr:street": "bhadra square",
        "leisure": "park",
        "name": "karanj bhag",
        "opening_hours": "24/7"
      },
      "geometry": {
        "type": "Point",
        "coordinates": [
          72.5822747,
          23.0242357
        ]
      },
      "id": "node/7311053166"
    },
    {
      "type": "Feature",
      "properties": {
        "@id": "node/8815172866",
        "amenity": "police",
        "name": "Police Station, Hatkesh"
      },
      "geometry": {
        "type": "Point",
        "coordinates": [
          72.5530175,
          23.0467062
        ]
      },
      "id": "node/8815172866"
    },
    {
      "type": "Feature",
      "properties": {
        "@id": "node/10310283832",
        "addr:city": "Ahmedabad",
        "addr:postcode": "380050",
        "addr:street": "Canal Road, Ghodasar",
        "description": "Mox+MoXie Playhouse",
        "leisure": "park",
        "name": "Suresh Rathod House",
        "operator": "moXie"
      },
      "geometry": {
        "type": "Point",
        "coordinates": [
          72.6123046,
          22.9818173
        ]
      },
      "id": "node/10310283832"
    },
    {
      "type": "Feature",
      "properties": {
        "@id": "node/10750415884",
        "leisure": "park",
        "name": "park"
      },
      "geometry": {
        "type": "Point",
        "coordinates": [
          72.528048,
          23.040704
        ]
      },
      "id": "node/10750415884"
    },
    {
      "type": "Feature",
      "properties": {
        "@id": "node/10959588191",
        "leisure": "park",
        "name": "Devi Public park"
      },
      "geometry": {
        "type": "Point",
        "coordinates": [
          72.5846963,
          23.1082123
        ]
      },
      "id": "node/10959588191"
    },
    {
      "type": "Feature",
      "properties": {
        "@id": "node/11011114254",
        "amenity": "fire_station",
        "name": "Bopal Fire Station",
        "opening_hours": "24/7",
        "website": "https://ahmedabadcity.gov.in/portal/jsp/Static_pages/fire_dept.jsp"
      },
      "geometry": {
        "type": "Point",
        "coordinates": [
          72.4711874,
          23.0126733
        ]
      },
      "id": "node/11011114254"
    },
    {
      "type": "Feature",
      "properties": {
        "@id": "node/11631472492",
        "description": "kalrav villa",
        "leisure": "park",
        "name": "kalrav villa"
      },
      "geometry": {
        "type": "Point",
        "coordinates": [
          72.4449298,
          23.0837381
        ]
      },
      "id": "node/11631472492"
    },
    {
      "type": "Feature",
      "properties": {
        "@id": "node/12072205472",
        "leisure": "park",
        "name": "Olivewoods Club House"
      },
      "geometry": {
        "type": "Point",
        "coordinates": [
          72.4461408,
          23.0609759
        ]
      },
      "id": "node/12072205472"
    },
    {
      "type": "Feature",
      "properties": {
        "@id": "node/12092227908",
        "amenity": "toilets"
      },
      "geometry": {
        "type": "Point",
        "coordinates": [
          72.5788756,
          23.0205502
        ]
      },
      "id": "node/12092227908"
    },
    {
      "type": "Feature",
      "properties": {
        "@id": "node/12165401782",
        "leisure": "park",
        "name": "Iskcon Garden"
      },
      "geometry": {
        "type": "Point",
        "coordinates": [
          72.5062996,
          23.0287739
        ]
      },
      "id": "node/12165401782"
    },
    {
      "type": "Feature",
      "properties": {
        "@id": "node/12253947237",
        "addr:city": "Ahmedabad",
        "addr:district": "ahmedabad",
        "addr:housenumber": "Mediheal Hospital, 205 - 207 Accolade-2",
        "addr:postcode": "380060",
        "addr:street": "science city road",
        "email": "aminparth@gmail.com",
        "emergency": "yes",
        "healthcare:speciality": "otolaryngology;orthopaedics;allergology",
        "internet_access": "wlan",
        "internet_access:ssid": "Mediheal OT",
        "leisure": "park",
        "mobile": "+917567361000",
        "name": "Dr. Parth Amin (ENT Specialist) Mediheal Hospital",
        "opening_hours": "24/7",
        "operator": "Dr. Parth Amin",
        "operator:type": "private",
        "website": "https://drparthaminent.com/",
        "wheelchair": "yes"
      },
      "geometry": {
        "type": "Point",
        "coordinates": [
          72.5017605,
          23.0797582
        ]
      },
      "id": "node/12253947237"
    },
    {
      "type": "Feature",
      "properties": {
        "@id": "node/12468625486",
        "access": "yes",
        "amenity": "toilets",
        "female": "yes",
        "male": "yes",
        "toilets:disposal": "flush"
      },
      "geometry": {
        "type": "Point",
        "coordinates": [
          72.5878043,
          23.0605224
        ]
      },
      "id": "node/12468625486"
    },
    {
      "type": "Feature",
      "properties": {
        "@id": "node/12728279827",
        "access": "customers",
        "amenity": "toilets",
        "male": "yes"
      },
      "geometry": {
        "type": "Point",
        "coordinates": [
          72.6288278,
          23.1866967
        ]
      },
      "id": "node/12728279827"
    },
    {
      "type": "Feature",
      "properties": {
        "@id": "node/12728279828",
        "access": "customers",
        "amenity": "toilets",
        "female": "yes"
      },
      "geometry": {
        "type": "Point",
        "coordinates": [
          72.6288061,
          23.1866577
        ]
      },
      "id": "node/12728279828"
    },
    {
      "type": "Feature",
      "properties": {
        "@id": "node/12728279831",
        "access": "customers",
        "amenity": "toilets",
        "male": "yes"
      },
      "geometry": {
        "type": "Point",
        "coordinates": [
          72.6284931,
          23.1864785
        ]
      },
      "id": "node/12728279831"
    },
    {
      "type": "Feature",
      "properties": {
        "@id": "node/12728279848",
        "access": "customers",
        "amenity": "toilets",
        "female": "yes"
      },
      "geometry": {
        "type": "Point",
        "coordinates": [
          72.6284303,
          23.1864779
        ]
      },
      "id": "node/12728279848"
    },
    {
      "type": "Feature",
      "properties": {
        "@id": "node/12827716388",
        "access": "customers",
        "amenity": "toilets",
        "fee": "no",
        "female": "yes"
      },
      "geometry": {
        "type": "Point",
        "coordinates": [
          72.5812297,
          23.0607035
        ]
      },
      "id": "node/12827716388"
    },
    {
      "type": "Feature",
      "properties": {
        "@id": "node/12827716390",
        "access": "customers",
        "amenity": "toilets",
        "fee": "no",
        "male": "yes"
      },
      "geometry": {
        "type": "Point",
        "coordinates": [
          72.580244,
          23.0602174
        ]
      },
      "id": "node/12827716390"
    },
    {
      "type": "Feature",
      "properties": {
        "@id": "node/12827716391",
        "access": "customers",
        "amenity": "toilets",
        "female": "yes"
      },
      "geometry": {
        "type": "Point",
        "coordinates": [
          72.5802525,
          23.0602262
        ]
      },
      "id": "node/12827716391"
    },
    {
      "type": "Feature",
      "properties": {
        "@id": "node/12827716392",
        "access": "customers",
        "amenity": "toilets",
        "fee": "no",
        "male": "yes"
      },
      "geometry": {
        "type": "Point",
        "coordinates": [
          72.5812606,
          23.0606706
        ]
      },
      "id": "node/12827716392"
    },
    {
      "type": "Feature",
      "properties": {
        "@id": "node/14051465273",
        "amenity": "police",
        "name": "Paldi Police Station"
      },
      "geometry": {
        "type": "Point",
        "coordinates": [
          72.5563695,
          23.0065133
        ]
      },
      "id": "node/14051465273"
    },
    {
      "type": "Feature",
      "properties": {
        "@id": "node/14051564170",
        "access": "yes",
        "amenity": "toilets",
        "female": "yes",
        "male": "yes"
      },
      "geometry": {
        "type": "Point",
        "coordinates": [
          72.5430576,
          23.0228344
        ]
      },
      "id": "node/14051564170"
    },
    {
      "type": "Feature",
      "properties": {
        "@id": "node/14067660517",
        "amenity": "toilets"
      },
      "geometry": {
        "type": "Point",
        "coordinates": [
          72.5624253,
          23.0185053
        ]
      },
      "id": "node/14067660517"
    },
    {
      "type": "Feature",
      "properties": {
        "@id": "node/14067660534",
        "amenity": "toilets"
      },
      "geometry": {
        "type": "Point",
        "coordinates": [
          72.5629167,
          23.0186853
        ]
      },
      "id": "node/14067660534"
    },
    {
      "type": "Feature",
      "properties": {
        "@id": "node/14067693723",
        "amenity": "toilets"
      },
      "geometry": {
        "type": "Point",
        "coordinates": [
          72.5875161,
          23.0240179
        ]
      },
      "id": "node/14067693723"
    },
    {
      "type": "Feature",
      "properties": {
        "@id": "node/14067711791",
        "amenity": "toilets"
      },
      "geometry": {
        "type": "Point",
        "coordinates": [
          72.5891137,
          23.0232081
        ]
      },
      "id": "node/14067711791"
    },
    {
      "type": "Feature",
      "properties": {
        "@id": "node/14067832704",
        "amenity": "police",
        "name": "Manek Chowk Police Post",
        "name:en": "Manek Chowk Police Post",
        "name:gu": "માણેક ચોક પોલીસ ચોકી",
        "operator": "Gujarat Police"
      },
      "geometry": {
        "type": "Point",
        "coordinates": [
          72.5889135,
          23.0232072
        ]
      },
      "id": "node/14067832704"
    },
    {
      "type": "Feature",
      "properties": {
        "@id": "node/14067832712",
        "amenity": "toilets",
        "check_date": "2026-08-02",
        "name": "Smart Public Toilet"
      },
      "geometry": {
        "type": "Point",
        "coordinates": [
          72.5883637,
          23.0242738
        ]
      },
      "id": "node/14067832712"
    }
  ]
}