{
"type": "FeatureCollection",
"name": "small_roads_data",
"crs": { "type": "name", "properties": { "name": "urn:ogc:def:crs:OGC::CRS84" } },
"features": [
{ "type": "Feature", "properties": { "osm_id": "16173235", "code": 1001, "fclass": "city", "population": 12442373, "name": "Mumbai" }, "geometry": { "type": "Point", "coordinates": [ 72.8692035, 19.054999 ] } },
{ "type": "Feature", "properties": { "osm_id": "16174445", "code": 1001, "fclass": "city", "population": 3115431, "name": "Pune" }, "geometry": { "type": "Point", "coordinates": [ 73.8545071, 18.5213738 ] } },
{ "type": "Feature", "properties": { "osm_id": "30609910", "code": 1002, "fclass": "town", "population": 89300, "name": "Shrirampur" }, "geometry": { "type": "Point", "coordinates": [ 74.6546944, 19.6199708 ] } },
{ "type": "Feature", "properties": { "osm_id": "30612110", "code": 1002, "fclass": "town", "population": 0, "name": "Vaduj" }, "geometry": { "type": "Point", "coordinates": [ 74.4504661, 17.5950822 ] } },
{ "type": "Feature", "properties": { "osm_id": "245630114", "code": 1004, "fclass": "hamlet", "population": 0, "name": "Cabo de Rama" }, "geometry": { "type": "Point", "coordinates": [ 73.9231501, 15.0900765 ] } },
{ "type": "Feature", "properties": { "osm_id": "245631159", "code": 1010, "fclass": "suburb", "population": 0, "name": "Nuvem" }, "geometry": { "type": "Point", "coordinates": [ 73.9480748, 15.308184 ] } },
{ "type": "Feature", "properties": { "osm_id": "245631482", "code": 1010, "fclass": "suburb", "population": 0, "name": "Verna" }, "geometry": { "type": "Point", "coordinates": [ 73.9303722, 15.3510255 ] } },
{ "type": "Feature", "properties": { "osm_id": "245631957", "code": 1010, "fclass": "suburb", "population": 0, "name": "Mardol" }, "geometry": { "type": "Point", "coordinates": [ 73.9735674, 15.4414884 ] } },
{ "type": "Feature", "properties": { "osm_id": "245632080", "code": 1003, "fclass": "village", "population": 0, "name": "Pilar" }, "geometry": { "type": "Point", "coordinates": [ 73.8950534, 15.4425614 ] } },
{ "type": "Feature", "properties": { "osm_id": "245632163", "code": 1010, "fclass": "suburb", "population": 0, "name": "Old Goa" }, "geometry": { "type": "Point", "coordinates": [ 73.9117432, 15.5023329 ] } },
{ "type": "Feature", "properties": { "osm_id": "245632174", "code": 1010, "fclass": "suburb", "population": 0, "name": "Ribandar" }, "geometry": { "type": "Point", "coordinates": [ 73.866032, 15.502891 ] } },
{ "type": "Feature", "properties": { "osm_id": "245632201", "code": 1010, "fclass": "suburb", "population": 0, "name": "Betim" }, "geometry": { "type": "Point", "coordinates": [ 73.8283433, 15.5062971 ] } },
{ "type": "Feature", "properties": { "osm_id": "245632245", "code": 1002, "fclass": "town", "population": 5000, "name": "Valpoi" }, "geometry": { "type": "Point", "coordinates": [ 74.1372751, 15.531466 ] } },
{ "type": "Feature", "properties": { "osm_id": "245632297", "code": 1010, "fclass": "suburb", "population": 0, "name": "Alto Porvorim" }, "geometry": { "type": "Point", "coordinates": [ 73.828272, 15.5251356 ] } },
{ "type": "Feature", "properties": { "osm_id": "245632434", "code": 1002, "fclass": "town", "population": 15000, "name": "Sankhali" }, "geometry": { "type": "Point", "coordinates": [ 74.0114543, 15.5626483 ] } },
{ "type": "Feature", "properties": { "osm_id": "245632739", "code": 1002, "fclass": "town", "population": 0, "name": "Pernem" }, "geometry": { "type": "Point", "coordinates": [ 73.7972383, 15.7166084 ] } },
{ "type": "Feature", "properties": { "osm_id": "245632788", "code": 1003, "fclass": "village", "population": 0, "name": "Tiracol" }, "geometry": { "type": "Point", "coordinates": [ 73.6887317, 15.7241008 ] } },
{ "type": "Feature", "properties": { "osm_id": "245632930", "code": 1003, "fclass": "village", "population": 0, "name": "Ajgaon" }, "geometry": { "type": "Point", "coordinates": [ 73.7050376, 15.7740829 ] } },
{ "type": "Feature", "properties": { "osm_id": "245632985", "code": 1003, "fclass": "village", "population": 0, "name": "Aros" }, "geometry": { "type": "Point", "coordinates": [ 73.7844058, 15.7860986 ] } },
{ "type": "Feature", "properties": { "osm_id": "245633085", "code": 1003, "fclass": "village", "population": 0, "name": "Kalna" }, "geometry": { "type": "Point", "coordinates": [ 73.9251443, 15.7607733 ] } },
{ "type": "Feature", "properties": { "osm_id": "245633107", "code": 1002, "fclass": "town", "population": 0, "name": "Banda" }, "geometry": { "type": "Point", "coordinates": [ 73.8634219, 15.8136549 ] } },
{ "type": "Feature", "properties": { "osm_id": "245633232", "code": 1004, "fclass": "hamlet", "population": 0, "name": "Ramghat" }, "geometry": { "type": "Point", "coordinates": [ 74.0972008, 15.8362192 ] } },
{ "type": "Feature", "properties": { "osm_id": "245633361", "code": 1002, "fclass": "town", "population": 10000, "name": "Vengurla" }, "geometry": { "type": "Point", "coordinates": [ 73.6321565, 15.8619866 ] } },
{ "type": "Feature", "properties": { "osm_id": "245633444", "code": 1003, "fclass": "village", "population": 0, "name": "Talavda" }, "geometry": { "type": "Point", "coordinates": [ 73.7366, 15.8673 ] } },
{ "type": "Feature", "properties": { "osm_id": "245633662", "code": 1002, "fclass": "town", "population": 48000, "name": "Sawantwadi" }, "geometry": { "type": "Point", "coordinates": [ 73.8205306, 15.9079601 ] } },
{ "type": "Feature", "properties": { "osm_id": "245633887", "code": 1003, "fclass": "village", "population": 0, "name": "Amboli" }, "geometry": { "type": "Point", "coordinates": [ 74.0105281, 15.9667211 ] } },
{ "type": "Feature", "properties": { "osm_id": "245634071", "code": 1002, "fclass": "town", "population": 10000, "name": "Kudal" }, "geometry": { "type": "Point", "coordinates": [ 73.6871941, 16.0087654 ] } },
{ "type": "Feature", "properties": { "osm_id": "245634649", "code": 1003, "fclass": "village", "population": 0, "name": "Ajara" }, "geometry": { "type": "Point", "coordinates": [ 74.2100716, 16.1160798 ] } },
{ "type": "Feature", "properties": { "osm_id": "245634746", "code": 1003, "fclass": "village", "population": 0, "name": "Kasal" }, "geometry": { "type": "Point", "coordinates": [ 73.6815284, 16.1549137 ] } },
{ "type": "Feature", "properties": { "osm_id": "245634826", "code": 1003, "fclass": "village", "population": 0, "name": "Bhadwan" }, "geometry": { "type": "Point", "coordinates": [ 74.2606421, 16.1625004 ] } },
{ "type": "Feature", "properties": { "osm_id": "245634985", "code": 1003, "fclass": "village", "population": 0, "name": "Kadgaon" }, "geometry": { "type": "Point", "coordinates": [ 74.071783, 16.2165083 ] } },
{ "type": "Feature", "properties": { "osm_id": "245635096", "code": 1002, "fclass": "town", "population": 27100, "name": "Gadahinglaj" }, "geometry": { "type": "Point", "coordinates": [ 74.3515888, 16.2236857 ] } },
{ "type": "Feature", "properties": { "osm_id": "245635276", "code": 1002, "fclass": "town", "population": 5000, "name": "Kankavali" }, "geometry": { "type": "Point", "coordinates": [ 73.7100588, 16.2659486 ] } },
{ "type": "Feature", "properties": { "osm_id": "245635445", "code": 1002, "fclass": "town", "population": 0, "name": "Gargoti" }, "geometry": { "type": "Point", "coordinates": [ 74.1442177, 16.3159183 ] } },
{ "type": "Feature", "properties": { "osm_id": "245635529", "code": 1003, "fclass": "village", "population": 0, "name": "Kapsi" }, "geometry": { "type": "Point", "coordinates": [ 74.2824235, 16.3354817 ] } },
{ "type": "Feature", "properties": { "osm_id": "245635747", "code": 1003, "fclass": "village", "population": 0, "name": "Phondaghat" }, "geometry": { "type": "Point", "coordinates": [ 73.7924545, 16.3740177 ] } },
{ "type": "Feature", "properties": { "osm_id": "245635963", "code": 1003, "fclass": "village", "population": 0, "name": "Radhanagri" }, "geometry": { "type": "Point", "coordinates": [ 73.996061, 16.4109985 ] } },
{ "type": "Feature", "properties": { "osm_id": "245636082", "code": 1003, "fclass": "village", "population": 5000, "name": "Murgud" }, "geometry": { "type": "Point", "coordinates": [ 74.1907099, 16.3940635 ] } },
{ "type": "Feature", "properties": { "osm_id": "245636616", "code": 1003, "fclass": "village", "population": 0, "name": "Kharepatan" }, "geometry": { "type": "Point", "coordinates": [ 73.6188009, 16.5584336 ] } },
{ "type": "Feature", "properties": { "osm_id": "245636946", "code": 1002, "fclass": "town", "population": 34100, "name": "Kagal" }, "geometry": { "type": "Point", "coordinates": [ 74.3152571, 16.5750891 ] } },
{ "type": "Feature", "properties": { "osm_id": "245637716", "code": 1002, "fclass": "town", "population": 22300, "name": "Kurundwad" }, "geometry": { "type": "Point", "coordinates": [ 74.5915436, 16.6810968 ] } },
{ "type": "Feature", "properties": { "osm_id": "245638068", "code": 1003, "fclass": "village", "population": 0, "name": "Narsoba Vadi" }, "geometry": { "type": "Point", "coordinates": [ 74.6003892, 16.6947926 ] } },
{ "type": "Feature", "properties": { "osm_id": "245638078", "code": 1003, "fclass": "village", "population": 0, "name": "Wadapeth" }, "geometry": { "type": "Point", "coordinates": [ 73.3491633, 16.7177627 ] } },
{ "type": "Feature", "properties": { "osm_id": "245638264", "code": 1003, "fclass": "village", "population": 1000, "name": "Shirol" }, "geometry": { "type": "Point", "coordinates": [ 74.6023832, 16.7336685 ] } },
{ "type": "Feature", "properties": { "osm_id": "245638386", "code": 1002, "fclass": "town", "population": 48500, "name": "Jaysingpur" }, "geometry": { "type": "Point", "coordinates": [ 74.5564244, 16.7789886 ] } },
{ "type": "Feature", "properties": { "osm_id": "245638543", "code": 1003, "fclass": "village", "population": 0, "name": "Purnagad" }, "geometry": { "type": "Point", "coordinates": [ 73.3224005, 16.8140722 ] } },
{ "type": "Feature", "properties": { "osm_id": "245638614", "code": 1002, "fclass": "town", "population": 50000, "name": "Miraj" }, "geometry": { "type": "Point", "coordinates": [ 74.6432382, 16.8190307 ] } },
{ "type": "Feature", "properties": { "osm_id": "245638710", "code": 1002, "fclass": "town", "population": 0, "name": "Lanja" }, "geometry": { "type": "Point", "coordinates": [ 73.5486886, 16.8589596 ] } },
{ "type": "Feature", "properties": { "osm_id": "245638721", "code": 1003, "fclass": "village", "population": 0, "name": "Wadgaon Kasba" }, "geometry": { "type": "Point", "coordinates": [ 74.3152367, 16.834967 ] } },
{ "type": "Feature", "properties": { "osm_id": "245638734", "code": 1001, "fclass": "city", "population": 502800, "name": "Sangli" }, "geometry": { "type": "Point", "coordinates": [ 74.5948885, 16.8502534 ] } },
{ "type": "Feature", "properties": { "osm_id": "245638748", "code": 1003, "fclass": "village", "population": 0, "name": "Malgaon" }, "geometry": { "type": "Point", "coordinates": [ 74.7163333, 16.8670689 ] } },
{ "type": "Feature", "properties": { "osm_id": "245638951", "code": 1003, "fclass": "village", "population": 0, "name": "Malkapur" }, "geometry": { "type": "Point", "coordinates": [ 73.9331923, 16.9181006 ] } },
{ "type": "Feature", "properties": { "osm_id": "245638991", "code": 1003, "fclass": "village", "population": 0, "name": "Bhose" }, "geometry": { "type": "Point", "coordinates": [ 74.7193358, 16.9519021 ] } },
{ "type": "Feature", "properties": { "osm_id": "245639066", "code": 1003, "fclass": "village", "population": 0, "name": "Bilur" }, "geometry": { "type": "Point", "coordinates": [ 75.1826123, 16.9465542 ] } },
{ "type": "Feature", "properties": { "osm_id": "245639074", "code": 1002, "fclass": "town", "population": 37100, "name": "Ashta" }, "geometry": { "type": "Point", "coordinates": [ 74.4071, 16.9452 ] } },
{ "type": "Feature", "properties": { "osm_id": "245639254", "code": 1002, "fclass": "town", "population": 76200, "name": "Ratnagiri" }, "geometry": { "type": "Point", "coordinates": [ 73.2954371, 16.9933521 ] } },
{ "type": "Feature", "properties": { "osm_id": "245639282", "code": 1003, "fclass": "village", "population": 0, "name": "Kameri" }, "geometry": { "type": "Point", "coordinates": [ 74.2611433, 17.0076392 ] } },
{ "type": "Feature", "properties": { "osm_id": "245639312", "code": 1003, "fclass": "village", "population": 1000, "name": "Kavathe Mahankal" }, "geometry": { "type": "Point", "coordinates": [ 74.8651451, 17.0067674 ] } },
{ "type": "Feature", "properties": { "osm_id": "245639458", "code": 1002, "fclass": "town", "population": 15000, "name": "Jath" }, "geometry": { "type": "Point", "coordinates": [ 75.21771, 17.0489913 ] } },
{ "type": "Feature", "properties": { "osm_id": "245639503", "code": 1003, "fclass": "village", "population": 0, "name": "Kuchi" }, "geometry": { "type": "Point", "coordinates": [ 74.8640478, 17.0603027 ] } },
{ "type": "Feature", "properties": { "osm_id": "245639507", "code": 1003, "fclass": "village", "population": 0, "name": "Devrukh" }, "geometry": { "type": "Point", "coordinates": [ 73.6208971, 17.0638489 ] } },
{ "type": "Feature", "properties": { "osm_id": "245639610", "code": 1003, "fclass": "village", "population": 0, "name": "Nevare" }, "geometry": { "type": "Point", "coordinates": [ 73.3009088, 17.0823184 ] } },
{ "type": "Feature", "properties": { "osm_id": "245639611", "code": 1003, "fclass": "village", "population": 0, "name": "Karajagi" }, "geometry": { "type": "Point", "coordinates": [ 75.5749868, 17.1250143 ] } },
{ "type": "Feature", "properties": { "osm_id": "245639670", "code": 1003, "fclass": "village", "population": 0, "name": "Nerle" }, "geometry": { "type": "Point", "coordinates": [ 74.22458, 17.0917209 ] } },
{ "type": "Feature", "properties": { "osm_id": "245639713", "code": 1003, "fclass": "village", "population": 0, "name": "Kasegaon" }, "geometry": { "type": "Point", "coordinates": [ 74.1866897, 17.1260345 ] } },
{ "type": "Feature", "properties": { "osm_id": "245639766", "code": 1003, "fclass": "village", "population": 0, "name": "Nagaj" }, "geometry": { "type": "Point", "coordinates": [ 74.936543, 17.1450865 ] } },
{ "type": "Feature", "properties": { "osm_id": "245640072", "code": 1003, "fclass": "village", "population": 0, "name": "Khanapur" }, "geometry": { "type": "Point", "coordinates": [ 74.7150349, 17.2615641 ] } },
{ "type": "Feature", "properties": { "osm_id": "245640110", "code": 1003, "fclass": "village", "population": 0, "name": "Umadi" }, "geometry": { "type": "Point", "coordinates": [ 75.5970009, 17.2556008 ] } },
{ "type": "Feature", "properties": { "osm_id": "245640111", "code": 1003, "fclass": "village", "population": 0, "name": "Makhjan" }, "geometry": { "type": "Point", "coordinates": [ 73.5064118, 17.2727073 ] } },
{ "type": "Feature", "properties": { "osm_id": "245640163", "code": 1003, "fclass": "village", "population": 0, "name": "Gherdi" }, "geometry": { "type": "Point", "coordinates": [ 75.2805273, 17.2798631 ] } },
{ "type": "Feature", "properties": { "osm_id": "245640340", "code": 1003, "fclass": "village", "population": 0, "name": "Javale" }, "geometry": { "type": "Point", "coordinates": [ 75.2179445, 17.3187641 ] } },
{ "type": "Feature", "properties": { "osm_id": "245640386", "code": 1003, "fclass": "village", "population": 5000, "name": "Dudhani" }, "geometry": { "type": "Point", "coordinates": [ 76.3692208, 17.3596886 ] } },
{ "type": "Feature", "properties": { "osm_id": "245640441", "code": 1003, "fclass": "village", "population": 0, "name": "Koynanagar" }, "geometry": { "type": "Point", "coordinates": [ 73.7422332, 17.3919834 ] } },
{ "type": "Feature", "properties": { "osm_id": "245640477", "code": 1003, "fclass": "village", "population": 0, "name": "Hedavi" }, "geometry": { "type": "Point", "coordinates": [ 73.2295325, 17.3600672 ] } },
{ "type": "Feature", "properties": { "osm_id": "245640581", "code": 1003, "fclass": "village", "population": 0, "name": "Helwak" }, "geometry": { "type": "Point", "coordinates": [ 73.728168, 17.3770638 ] } },
{ "type": "Feature", "properties": { "osm_id": "245640600", "code": 1003, "fclass": "village", "population": 0, "name": "Umbraj" }, "geometry": { "type": "Point", "coordinates": [ 74.1006345, 17.4009578 ] } },
{ "type": "Feature", "properties": { "osm_id": "245640651", "code": 1003, "fclass": "village", "population": 0, "name": "Sanvarda" }, "geometry": { "type": "Point", "coordinates": [ 73.5382381, 17.4142017 ] } },
{ "type": "Feature", "properties": { "osm_id": "245640661", "code": 1002, "fclass": "town", "population": 11000, "name": "Maindargi" }, "geometry": { "type": "Point", "coordinates": [ 76.2944772, 17.4566199 ] } },
{ "type": "Feature", "properties": { "osm_id": "245640665", "code": 1003, "fclass": "village", "population": 0, "name": "Atpadi" }, "geometry": { "type": "Point", "coordinates": [ 74.9391219, 17.4226767 ] } },
{ "type": "Feature", "properties": { "osm_id": "245640666", "code": 1003, "fclass": "village", "population": 0, "name": "Nagansur" }, "geometry": { "type": "Point", "coordinates": [ 76.1663796, 17.3925135 ] } },
{ "type": "Feature", "properties": { "osm_id": "245640688", "code": 1003, "fclass": "village", "population": 0, "name": "Palshet" }, "geometry": { "type": "Point", "coordinates": [ 73.2068178, 17.4388814 ] } },
{ "type": "Feature", "properties": { "osm_id": "245640693", "code": 1003, "fclass": "village", "population": 0, "name": "Maravade" }, "geometry": { "type": "Point", "coordinates": [ 75.5155791, 17.4334885 ] } },
{ "type": "Feature", "properties": { "osm_id": "245640705", "code": 1002, "fclass": "town", "population": 34300, "name": "Sangole" }, "geometry": { "type": "Point", "coordinates": [ 75.1932291, 17.4362688 ] } },
{ "type": "Feature", "properties": { "osm_id": "245640825", "code": 1003, "fclass": "village", "population": 0, "name": "Nagave" }, "geometry": { "type": "Point", "coordinates": [ 73.6183655, 17.472234 ] } },
{ "type": "Feature", "properties": { "osm_id": "245640860", "code": 1003, "fclass": "village", "population": 0, "name": "Marg Tambhane" }, "geometry": { "type": "Point", "coordinates": [ 73.3699709, 17.4782697 ] } },
{ "type": "Feature", "properties": { "osm_id": "245640871", "code": 1002, "fclass": "town", "population": 0, "name": "Guhagar" }, "geometry": { "type": "Point", "coordinates": [ 73.191061, 17.4838362 ] } },
{ "type": "Feature", "properties": { "osm_id": "245640917", "code": 1003, "fclass": "village", "population": 0, "name": "Mandrup" }, "geometry": { "type": "Point", "coordinates": [ 75.8277359, 17.4926339 ] } },
{ "type": "Feature", "properties": { "osm_id": "245640950", "code": 1002, "fclass": "town", "population": 21800, "name": "Mangalwedha" }, "geometry": { "type": "Point", "coordinates": [ 75.4486224, 17.5128795 ] } },
{ "type": "Feature", "properties": { "osm_id": "245640988", "code": 1002, "fclass": "town", "population": 40100, "name": "Akkalkot" }, "geometry": { "type": "Point", "coordinates": [ 76.2059338, 17.5261113 ] } },
{ "type": "Feature", "properties": { "osm_id": "245641001", "code": 1003, "fclass": "village", "population": 0, "name": "Dighanchi" }, "geometry": { "type": "Point", "coordinates": [ 74.9247305, 17.5279932 ] } },
{ "type": "Feature", "properties": { "osm_id": "245641002", "code": 1002, "fclass": "town", "population": 159000, "name": "Chiplun" }, "geometry": { "type": "Point", "coordinates": [ 73.5123013, 17.5330311 ] } },
{ "type": "Feature", "properties": { "osm_id": "245641031", "code": 1003, "fclass": "village", "population": 0, "name": "Aundh" }, "geometry": { "type": "Point", "coordinates": [ 74.3344082, 17.5400537 ] } },
{ "type": "Feature", "properties": { "osm_id": "245641047", "code": 1003, "fclass": "village", "population": 0, "name": "Kandalgaon" }, "geometry": { "type": "Point", "coordinates": [ 75.7571614, 17.5468154 ] } },
{ "type": "Feature", "properties": { "osm_id": "245641265", "code": 1003, "fclass": "village", "population": 0, "name": "Mahud Budrukh" }, "geometry": { "type": "Point", "coordinates": [ 75.0963774, 17.6078103 ] } },
{ "type": "Feature", "properties": { "osm_id": "245641316", "code": 1002, "fclass": "town", "population": 0, "name": "Rahimatpur" }, "geometry": { "type": "Point", "coordinates": [ 74.1990559, 17.5909766 ] } },
{ "type": "Feature", "properties": { "osm_id": "245641380", "code": 1003, "fclass": "village", "population": 0, "name": "Wagdari" }, "geometry": { "type": "Point", "coordinates": [ 76.3562495, 17.6149452 ] } },
{ "type": "Feature", "properties": { "osm_id": "245641469", "code": 1003, "fclass": "village", "population": 0, "name": "Shingoli" }, "geometry": { "type": "Point", "coordinates": [ 75.7706891, 17.6597398 ] } },
{ "type": "Feature", "properties": { "osm_id": "245641484", "code": 1003, "fclass": "village", "population": 0, "name": "Khatav" }, "geometry": { "type": "Point", "coordinates": [ 74.3663602, 17.6610193 ] } },
{ "type": "Feature", "properties": { "osm_id": "245641542", "code": 1001, "fclass": "city", "population": 951600, "name": "Solapur" }, "geometry": { "type": "Point", "coordinates": [ 75.9008118, 17.6699734 ] } },
{ "type": "Feature", "properties": { "osm_id": "245641554", "code": 1002, "fclass": "town", "population": 99000, "name": "Pandharpur" }, "geometry": { "type": "Point", "coordinates": [ 75.3340992, 17.677817 ] } },
{ "type": "Feature", "properties": { "osm_id": "245641592", "code": 1003, "fclass": "village", "population": 0, "name": "Piliv" }, "geometry": { "type": "Point", "coordinates": [ 74.9668544, 17.6798714 ] } },
{ "type": "Feature", "properties": { "osm_id": "245641602", "code": 1003, "fclass": "village", "population": 0, "name": "Kurul" }, "geometry": { "type": "Point", "coordinates": [ 75.6564673, 17.6733303 ] } },
{ "type": "Feature", "properties": { "osm_id": "245641611", "code": 1003, "fclass": "village", "population": 0, "name": "Alur" }, "geometry": { "type": "Point", "coordinates": [ 76.4252463, 17.6971696 ] } },
{ "type": "Feature", "properties": { "osm_id": "245641635", "code": 1001, "fclass": "city", "population": 120200, "name": "Satara" }, "geometry": { "type": "Point", "coordinates": [ 74.0041726, 17.688321 ] } },
{ "type": "Feature", "properties": { "osm_id": "245641713", "code": 1002, "fclass": "town", "population": 24700, "name": "Koregaon" }, "geometry": { "type": "Point", "coordinates": [ 74.1580401, 17.7004918 ] } },
{ "type": "Feature", "properties": { "osm_id": "245641804", "code": 1003, "fclass": "village", "population": 0, "name": "Dahiwadi" }, "geometry": { "type": "Point", "coordinates": [ 74.5418917, 17.7023723 ] } },
{ "type": "Feature", "properties": { "osm_id": "245641827", "code": 1003, "fclass": "village", "population": 0, "name": "Pusegaon" }, "geometry": { "type": "Point", "coordinates": [ 74.3183898, 17.7076458 ] } },
{ "type": "Feature", "properties": { "osm_id": "245641832", "code": 1002, "fclass": "town", "population": 5000, "name": "Khed" }, "geometry": { "type": "Point", "coordinates": [ 73.3960196, 17.718434 ] } },
{ "type": "Feature", "properties": { "osm_id": "245641982", "code": 1002, "fclass": "town", "population": 10000, "name": "Dapoli" }, "geometry": { "type": "Point", "coordinates": [ 73.1887078, 17.7580463 ] } },
{ "type": "Feature", "properties": { "osm_id": "245642011", "code": 1003, "fclass": "village", "population": 5000, "name": "Musti" }, "geometry": { "type": "Point", "coordinates": [ 76.1201854, 17.7265222 ] } },
{ "type": "Feature", "properties": { "osm_id": "245642116", "code": 1003, "fclass": "village", "population": 0, "name": "Muram" }, "geometry": { "type": "Point", "coordinates": [ 76.4730981, 17.7871821 ] } },
{ "type": "Feature", "properties": { "osm_id": "245642122", "code": 1002, "fclass": "town", "population": 0, "name": "Mohol" }, "geometry": { "type": "Point", "coordinates": [ 75.6443849, 17.8091566 ] } },
{ "type": "Feature", "properties": { "osm_id": "245642153", "code": 1002, "fclass": "town", "population": 0, "name": "Naldurg" }, "geometry": { "type": "Point", "coordinates": [ 76.278965, 17.8149863 ] } },
{ "type": "Feature", "properties": { "osm_id": "245642176", "code": 1003, "fclass": "village", "population": 0, "name": "Harnai" }, "geometry": { "type": "Point", "coordinates": [ 73.0912997, 17.8365241 ] } },
{ "type": "Feature", "properties": { "osm_id": "245642218", "code": 1003, "fclass": "village", "population": 0, "name": "Ganjoti" }, "geometry": { "type": "Point", "coordinates": [ 76.5964745, 17.8102937 ] } },
{ "type": "Feature", "properties": { "osm_id": "245642222", "code": 1003, "fclass": "village", "population": 0, "name": "Vadala" }, "geometry": { "type": "Point", "coordinates": [ 75.8336702, 17.8743445 ] } },
{ "type": "Feature", "properties": { "osm_id": "245642243", "code": 1003, "fclass": "village", "population": 0, "name": "Mol" }, "geometry": { "type": "Point", "coordinates": [ 74.2827057, 17.8420973 ] } },
{ "type": "Feature", "properties": { "osm_id": "245642264", "code": 1002, "fclass": "town", "population": 35500, "name": "Umarga" }, "geometry": { "type": "Point", "coordinates": [ 76.6250052, 17.8365426 ] } },
{ "type": "Feature", "properties": { "osm_id": "245642297", "code": 1003, "fclass": "village", "population": 0, "name": "Dalimb" }, "geometry": { "type": "Point", "coordinates": [ 76.477993, 17.8643202 ] } },
{ "type": "Feature", "properties": { "osm_id": "245642408", "code": 1003, "fclass": "village", "population": 0, "name": "Horti" }, "geometry": { "type": "Point", "coordinates": [ 76.2649581, 17.9150184 ] } },
{ "type": "Feature", "properties": { "osm_id": "245642411", "code": 1003, "fclass": "village", "population": 0, "name": "Angar" }, "geometry": { "type": "Point", "coordinates": [ 75.5753063, 17.8979576 ] } },
{ "type": "Feature", "properties": { "osm_id": "245642412", "code": 1003, "fclass": "village", "population": 0, "name": "Sangvi Kati" }, "geometry": { "type": "Point", "coordinates": [ 75.9822174, 17.9042649 ] } },
{ "type": "Feature", "properties": { "osm_id": "245642427", "code": 1003, "fclass": "village", "population": 0, "name": "Jambul Nagar" }, "geometry": { "type": "Point", "coordinates": [ 73.2382794, 17.9001985 ] } },
{ "type": "Feature", "properties": { "osm_id": "245642504", "code": 1002, "fclass": "town", "population": 5000, "name": "Panchgani" }, "geometry": { "type": "Point", "coordinates": [ 73.7992681, 17.9239543 ] } },
{ "type": "Feature", "properties": { "osm_id": "245642506", "code": 1003, "fclass": "village", "population": 0, "name": "Kelshi" }, "geometry": { "type": "Point", "coordinates": [ 73.0632459, 17.921115 ] } },
{ "type": "Feature", "properties": { "osm_id": "245642652", "code": 1003, "fclass": "village", "population": 0, "name": "Surul" }, "geometry": { "type": "Point", "coordinates": [ 73.9835486, 17.9606136 ] } },
{ "type": "Feature", "properties": { "osm_id": "245642704", "code": 1003, "fclass": "village", "population": 0, "name": "Poladpur" }, "geometry": { "type": "Point", "coordinates": [ 73.4671543, 17.9850019 ] } },
{ "type": "Feature", "properties": { "osm_id": "245642744", "code": 1002, "fclass": "town", "population": 52100, "name": "Phaltan" }, "geometry": { "type": "Point", "coordinates": [ 74.4298834, 17.9907746 ] } },
{ "type": "Feature", "properties": { "osm_id": "245642809", "code": 1002, "fclass": "town", "population": 34000, "name": "Tuljapur" }, "geometry": { "type": "Point", "coordinates": [ 76.0707924, 18.0086617 ] } },
{ "type": "Feature", "properties": { "osm_id": "245642877", "code": 1003, "fclass": "village", "population": 0, "name": "Khandala" }, "geometry": { "type": "Point", "coordinates": [ 74.0148194, 18.0583963 ] } },
{ "type": "Feature", "properties": { "osm_id": "245642891", "code": 1003, "fclass": "village", "population": 5000, "name": "Tembhurni" }, "geometry": { "type": "Point", "coordinates": [ 75.1948716, 18.0277111 ] } },
{ "type": "Feature", "properties": { "osm_id": "245643021", "code": 1002, "fclass": "town", "population": 0, "name": "Shrivardhan" }, "geometry": { "type": "Point", "coordinates": [ 73.033543, 18.055747 ] } },
{ "type": "Feature", "properties": { "osm_id": "245643047", "code": 1003, "fclass": "village", "population": 0, "name": "Bhatagli" }, "geometry": { "type": "Point", "coordinates": [ 76.3526121, 18.0674968 ] } },
{ "type": "Feature", "properties": { "osm_id": "245643061", "code": 1003, "fclass": "village", "population": 0, "name": "Nimbgaon Ketki" }, "geometry": { "type": "Point", "coordinates": [ 74.914877, 18.0861624 ] } },
{ "type": "Feature", "properties": { "osm_id": "245643121", "code": 1002, "fclass": "town", "population": 5000, "name": "Lasurne" }, "geometry": { "type": "Point", "coordinates": [ 74.7656871, 18.0876323 ] } },
{ "type": "Feature", "properties": { "osm_id": "245643248", "code": 1002, "fclass": "town", "population": 25500, "name": "Indapur" }, "geometry": { "type": "Point", "coordinates": [ 75.0262819, 18.1171342 ] } },
{ "type": "Feature", "properties": { "osm_id": "245643267", "code": 1003, "fclass": "village", "population": 0, "name": "Mhaisgaon" }, "geometry": { "type": "Point", "coordinates": [ 75.4988199, 18.1272864 ] } },
{ "type": "Feature", "properties": { "osm_id": "245643363", "code": 1003, "fclass": "village", "population": 0, "name": "Varandh" }, "geometry": { "type": "Point", "coordinates": [ 73.5718564, 18.1322 ] } },
{ "type": "Feature", "properties": { "osm_id": "245643383", "code": 1003, "fclass": "village", "population": 0, "name": "Bembli" }, "geometry": { "type": "Point", "coordinates": [ 76.1959886, 18.1410148 ] } },
{ "type": "Feature", "properties": { "osm_id": "245643425", "code": 1003, "fclass": "village", "population": 5000, "name": "Pangaon" }, "geometry": { "type": "Point", "coordinates": [ 75.7367363, 18.1415742 ] } },
{ "type": "Feature", "properties": { "osm_id": "245643509", "code": 1002, "fclass": "town", "population": 36100, "name": "Nilanga" }, "geometry": { "type": "Point", "coordinates": [ 76.7494127, 18.1291893 ] } },
{ "type": "Feature", "properties": { "osm_id": "245643899", "code": 1002, "fclass": "town", "population": 36100, "name": "Ausa" }, "geometry": { "type": "Point", "coordinates": [ 76.500958, 18.2510243 ] } },
{ "type": "Feature", "properties": { "osm_id": "245643987", "code": 1003, "fclass": "village", "population": 0, "name": "Morgaon" }, "geometry": { "type": "Point", "coordinates": [ 74.3167469, 18.2771355 ] } },
{ "type": "Feature", "properties": { "osm_id": "245644102", "code": 1003, "fclass": "village", "population": 0, "name": "Kond" }, "geometry": { "type": "Point", "coordinates": [ 76.2875244, 18.3064817 ] } },
{ "type": "Feature", "properties": { "osm_id": "245644175", "code": 1003, "fclass": "village", "population": 0, "name": "Yedshi" }, "geometry": { "type": "Point", "coordinates": [ 75.9614883, 18.3155566 ] } },
{ "type": "Feature", "properties": { "osm_id": "245644195", "code": 1002, "fclass": "town", "population": 1000, "name": "Murud" }, "geometry": { "type": "Point", "coordinates": [ 72.9604835, 18.3220393 ] } },
{ "type": "Feature", "properties": { "osm_id": "245644299", "code": 1003, "fclass": "village", "population": 0, "name": "Hanegaon" }, "geometry": { "type": "Point", "coordinates": [ 77.4433812, 18.3422488 ] } },
{ "type": "Feature", "properties": { "osm_id": "245644494", "code": 1003, "fclass": "village", "population": 0, "name": "Kurkumb" }, "geometry": { "type": "Point", "coordinates": [ 74.5408635, 18.3953529 ] } },
{ "type": "Feature", "properties": { "osm_id": "245644553", "code": 1001, "fclass": "city", "population": 103500, "name": "Udgir" }, "geometry": { "type": "Point", "coordinates": [ 77.1196118, 18.3921349 ] } },
{ "type": "Feature", "properties": { "osm_id": "245644578", "code": 1003, "fclass": "village", "population": 0, "name": "Yermala" }, "geometry": { "type": "Point", "coordinates": [ 75.8698576, 18.39091 ] } },
{ "type": "Feature", "properties": { "osm_id": "245644629", "code": 1001, "fclass": "city", "population": 382900, "name": "Latur" }, "geometry": { "type": "Point", "coordinates": [ 76.5625913, 18.3982273 ] } },
{ "type": "Feature", "properties": { "osm_id": "245644875", "code": 1003, "fclass": "village", "population": 0, "name": "Rashin" }, "geometry": { "type": "Point", "coordinates": [ 74.925583, 18.4372682 ] } },
{ "type": "Feature", "properties": { "osm_id": "245645020", "code": 1003, "fclass": "village", "population": 0, "name": "Terkheda" }, "geometry": { "type": "Point", "coordinates": [ 75.8350969, 18.444817 ] } },
{ "type": "Feature", "properties": { "osm_id": "245645249", "code": 1010, "fclass": "suburb", "population": 0, "name": "Katraj" }, "geometry": { "type": "Point", "coordinates": [ 73.8563196, 18.4536792 ] } },
{ "type": "Feature", "properties": { "osm_id": "245645681", "code": 1003, "fclass": "village", "population": 5000, "name": "Yavat" }, "geometry": { "type": "Point", "coordinates": [ 74.2731496, 18.4767162 ] } },
{ "type": "Feature", "properties": { "osm_id": "245645689", "code": 1003, "fclass": "village", "population": 0, "name": "Mulshi" }, "geometry": { "type": "Point", "coordinates": [ 73.513737, 18.5000153 ] } },
{ "type": "Feature", "properties": { "osm_id": "245645723", "code": 1003, "fclass": "village", "population": 0, "name": "Karadkhel" }, "geometry": { "type": "Point", "coordinates": [ 77.4947278, 18.4770002 ] } },
{ "type": "Feature", "properties": { "osm_id": "245645880", "code": 1010, "fclass": "suburb", "population": 0, "name": "Sahakar Nagar" }, "geometry": { "type": "Point", "coordinates": [ 73.8475301, 18.4900796 ] } },
{ "type": "Feature", "properties": { "osm_id": "245646276", "code": 1003, "fclass": "village", "population": 0, "name": "Nandgaon" }, "geometry": { "type": "Point", "coordinates": [ 73.2971141, 18.4817154 ] } },
{ "type": "Feature", "properties": { "osm_id": "245646314", "code": 1050, "fclass": "locality", "population": 0, "name": "Ganeshnagar" }, "geometry": { "type": "Point", "coordinates": [ 73.8355304, 18.5046443 ] } },
{ "type": "Feature", "properties": { "osm_id": "245646391", "code": 1010, "fclass": "suburb", "population": 0, "name": "Dattawadi" }, "geometry": { "type": "Point", "coordinates": [ 73.8430106, 18.5006978 ] } },
{ "type": "Feature", "properties": { "osm_id": "245646513", "code": 1050, "fclass": "locality", "population": 0, "name": "Municipal Colony" }, "geometry": { "type": "Point", "coordinates": [ 73.8548699, 18.508672 ] } },
{ "type": "Feature", "properties": { "osm_id": "245646553", "code": 1010, "fclass": "suburb", "population": 0, "name": "Swargate" }, "geometry": { "type": "Point", "coordinates": [ 73.8586255, 18.5006768 ] } },
{ "type": "Feature", "properties": { "osm_id": "245646606", "code": 1050, "fclass": "locality", "population": 0, "name": "Lokmanya Nagar" }, "geometry": { "type": "Point", "coordinates": [ 73.8461938, 18.5052305 ] } },
{ "type": "Feature", "properties": { "osm_id": "245646635", "code": 1010, "fclass": "suburb", "population": 0, "name": "Navi Peth" }, "geometry": { "type": "Point", "coordinates": [ 73.84415, 18.50927 ] } },
{ "type": "Feature", "properties": { "osm_id": "245646887", "code": 1010, "fclass": "suburb", "population": 0, "name": "Ganesh Peth" }, "geometry": { "type": "Point", "coordinates": [ 73.8647366, 18.5154218 ] } },
{ "type": "Feature", "properties": { "osm_id": "245646980", "code": 1003, "fclass": "village", "population": 0, "name": "Latur Road" }, "geometry": { "type": "Point", "coordinates": [ 76.8439443, 18.5094065 ] } },
{ "type": "Feature", "properties": { "osm_id": "245647083", "code": 1010, "fclass": "suburb", "population": 0, "name": "Kasba Peth" }, "geometry": { "type": "Point", "coordinates": [ 73.8582677, 18.5219113 ] } },
{ "type": "Feature", "properties": { "osm_id": "245647690", "code": 1050, "fclass": "locality", "population": 0, "name": "Ashoknagar" }, "geometry": { "type": "Point", "coordinates": [ 73.8427674, 18.5329934 ] } },
{ "type": "Feature", "properties": { "osm_id": "245647977", "code": 1010, "fclass": "suburb", "population": 0, "name": "Mandalay Lines" }, "geometry": { "type": "Point", "coordinates": [ 73.8424051, 18.5494884 ] } },
{ "type": "Feature", "properties": { "osm_id": "245648364", "code": 1010, "fclass": "suburb", "population": 0, "name": "Aundh" }, "geometry": { "type": "Point", "coordinates": [ 73.8101957, 18.5618834 ] } },
{ "type": "Feature", "properties": { "osm_id": "245648398", "code": 1002, "fclass": "town", "population": 54500, "name": "Degloor" }, "geometry": { "type": "Point", "coordinates": [ 77.5790877, 18.5496593 ] } },
{ "type": "Feature", "properties": { "osm_id": "245648467", "code": 1003, "fclass": "village", "population": 0, "name": "Wadhawana" }, "geometry": { "type": "Point", "coordinates": [ 77.0829894, 18.5211724 ] } },
{ "type": "Feature", "properties": { "osm_id": "245648499", "code": 1003, "fclass": "village", "population": 0, "name": "Kashti" }, "geometry": { "type": "Point", "coordinates": [ 74.5823681, 18.5501022 ] } },
{ "type": "Feature", "properties": { "osm_id": "245648621", "code": 1050, "fclass": "locality", "population": 0, "name": "Khadki" }, "geometry": { "type": "Point", "coordinates": [ 73.8391507, 18.5629737 ] } },
{ "type": "Feature", "properties": { "osm_id": "245648933", "code": 1003, "fclass": "village", "population": 0, "name": "Revadanda" }, "geometry": { "type": "Point", "coordinates": [ 72.9261338, 18.5542897 ] } },
{ "type": "Feature", "properties": { "osm_id": "245649100", "code": 1003, "fclass": "village", "population": 0, "name": "Chaul" }, "geometry": { "type": "Point", "coordinates": [ 72.9331, 18.5676 ] } },
{ "type": "Feature", "properties": { "osm_id": "245649576", "code": 1003, "fclass": "village", "population": 0, "name": "Nagaon" }, "geometry": { "type": "Point", "coordinates": [ 72.9026666, 18.609658 ] } },
{ "type": "Feature", "properties": { "osm_id": "245649892", "code": 1003, "fclass": "village", "population": 0, "name": "Bardapur" }, "geometry": { "type": "Point", "coordinates": [ 76.494174, 18.638616 ] } },
{ "type": "Feature", "properties": { "osm_id": "245649909", "code": 1003, "fclass": "village", "population": 0, "name": "Jalkot" }, "geometry": { "type": "Point", "coordinates": [ 77.1783024, 18.6290607 ] } },
{ "type": "Feature", "properties": { "osm_id": "245649933", "code": 1003, "fclass": "village", "population": 0, "name": "Kharda" }, "geometry": { "type": "Point", "coordinates": [ 75.4752016, 18.6373253 ] } },
{ "type": "Feature", "properties": { "osm_id": "245649939", "code": 1003, "fclass": "village", "population": 0, "name": "Yusuf Wadgaon" }, "geometry": { "type": "Point", "coordinates": [ 76.1119908, 18.6322563 ] } },
{ "type": "Feature", "properties": { "osm_id": "245649963", "code": 1003, "fclass": "village", "population": 0, "name": "Jalgaon" }, "geometry": { "type": "Point", "coordinates": [ 75.0922483, 18.6473134 ] } },
{ "type": "Feature", "properties": { "osm_id": "245650182", "code": 1002, "fclass": "town", "population": 27600, "name": "Mukhed" }, "geometry": { "type": "Point", "coordinates": [ 77.3686564, 18.7057087 ] } },
{ "type": "Feature", "properties": { "osm_id": "245650417", "code": 1003, "fclass": "village", "population": 0, "name": "Pargaon Sudrik" }, "geometry": { "type": "Point", "coordinates": [ 74.629916, 18.703736 ] } },
{ "type": "Feature", "properties": { "osm_id": "245650506", "code": 1003, "fclass": "village", "population": 0, "name": "Chausala" }, "geometry": { "type": "Point", "coordinates": [ 75.690421, 18.7090735 ] } },
{ "type": "Feature", "properties": { "osm_id": "245650564", "code": 1002, "fclass": "town", "population": 30700, "name": "Kaij" }, "geometry": { "type": "Point", "coordinates": [ 76.0651612, 18.7141179 ] } },
{ "type": "Feature", "properties": { "osm_id": "245650706", "code": 1003, "fclass": "village", "population": 0, "name": "Ghat Nandura" }, "geometry": { "type": "Point", "coordinates": [ 76.5553518, 18.733595 ] } },
{ "type": "Feature", "properties": { "osm_id": "245650742", "code": 1002, "fclass": "town", "population": 74000, "name": "Ambajogai" }, "geometry": { "type": "Point", "coordinates": [ 76.3854836, 18.7318232 ] } },
{ "type": "Feature", "properties": { "osm_id": "245650826", "code": 1002, "fclass": "town", "population": 0, "name": "Talegaon Dabhade" }, "geometry": { "type": "Point", "coordinates": [ 73.6728593, 18.7337107 ] } },
{ "type": "Feature", "properties": { "osm_id": "245650833", "code": 1003, "fclass": "village", "population": 0, "name": "Mirajgaon" }, "geometry": { "type": "Point", "coordinates": [ 75.026163, 18.7311633 ] } },
{ "type": "Feature", "properties": { "osm_id": "245651159", "code": 1003, "fclass": "village", "population": 0, "name": "Andhori" }, "geometry": { "type": "Point", "coordinates": [ 76.8248352, 18.7683951 ] } },
{ "type": "Feature", "properties": { "osm_id": "245651172", "code": 1002, "fclass": "town", "population": 0, "name": "Patoda" }, "geometry": { "type": "Point", "coordinates": [ 75.4830621, 18.805051 ] } },
{ "type": "Feature", "properties": { "osm_id": "245651346", "code": 1003, "fclass": "village", "population": 0, "name": "Biloli" }, "geometry": { "type": "Point", "coordinates": [ 77.7215925, 18.7746673 ] } },
{ "type": "Feature", "properties": { "osm_id": "245651919", "code": 1002, "fclass": "town", "population": 0, "name": "Ashti" }, "geometry": { "type": "Point", "coordinates": [ 75.1716133, 18.8036586 ] } },
{ "type": "Feature", "properties": { "osm_id": "245652013", "code": 1002, "fclass": "town", "population": 20400, "name": "Dharur" }, "geometry": { "type": "Point", "coordinates": [ 76.1137332, 18.8204315 ] } },
{ "type": "Feature", "properties": { "osm_id": "245652025", "code": 1003, "fclass": "village", "population": 0, "name": "Kautha" }, "geometry": { "type": "Point", "coordinates": [ 77.3729585, 18.811738 ] } },
{ "type": "Feature", "properties": { "osm_id": "245652077", "code": 1003, "fclass": "village", "population": 0, "name": "Supa" }, "geometry": { "type": "Point", "coordinates": [ 76.7637088, 18.8479642 ] } },
{ "type": "Feature", "properties": { "osm_id": "245652084", "code": 1003, "fclass": "village", "population": 0, "name": "Pabal" }, "geometry": { "type": "Point", "coordinates": [ 74.0536443, 18.8315338 ] } },
{ "type": "Feature", "properties": { "osm_id": "245652090", "code": 1002, "fclass": "town", "population": 37100, "name": "Shirur" }, "geometry": { "type": "Point", "coordinates": [ 74.3725252, 18.8265886 ] } },
{ "type": "Feature", "properties": { "osm_id": "245652108", "code": 1003, "fclass": "village", "population": 0, "name": "Malthan" }, "geometry": { "type": "Point", "coordinates": [ 74.2272835, 18.8380914 ] } },
{ "type": "Feature", "properties": { "osm_id": "245652255", "code": 1002, "fclass": "town", "population": 91000, "name": "Parli" }, "geometry": { "type": "Point", "coordinates": [ 76.5297124, 18.8485632 ] } },
{ "type": "Feature", "properties": { "osm_id": "245652295", "code": 1003, "fclass": "village", "population": 0, "name": "Khalapur" }, "geometry": { "type": "Point", "coordinates": [ 73.2852464, 18.8321669 ] } },
{ "type": "Feature", "properties": { "osm_id": "245652319", "code": 1002, "fclass": "town", "population": 5000, "name": "Khed" }, "geometry": { "type": "Point", "coordinates": [ 73.8846758, 18.8528676 ] } },
{ "type": "Feature", "properties": { "osm_id": "245652405", "code": 1002, "fclass": "town", "population": 24800, "name": "Kandhar" }, "geometry": { "type": "Point", "coordinates": [ 77.1924092, 18.8718185 ] } },
{ "type": "Feature", "properties": { "osm_id": "245652482", "code": 1002, "fclass": "town", "population": 30400, "name": "Uran" }, "geometry": { "type": "Point", "coordinates": [ 72.9386, 18.8808 ] } },
{ "type": "Feature", "properties": { "osm_id": "245652535", "code": 1002, "fclass": "town", "population": 33700, "name": "Dharmabad" }, "geometry": { "type": "Point", "coordinates": [ 77.8438253, 18.8915074 ] } },
{ "type": "Feature", "properties": { "osm_id": "245654427", "code": 1003, "fclass": "village", "population": 0, "name": "Pali" }, "geometry": { "type": "Point", "coordinates": [ 75.7457518, 18.9200483 ] } },
{ "type": "Feature", "properties": { "osm_id": "245655322", "code": 1050, "fclass": "locality", "population": 0, "name": "Gaiwadi" }, "geometry": { "type": "Point", "coordinates": [ 72.8196424, 18.9531878 ] } },
{ "type": "Feature", "properties": { "osm_id": "245655570", "code": 1003, "fclass": "village", "population": 0, "name": "Supa" }, "geometry": { "type": "Point", "coordinates": [ 74.5341896, 18.9597444 ] } },
{ "type": "Feature", "properties": { "osm_id": "245655646", "code": 1050, "fclass": "locality", "population": 0, "name": "Khetwadi" }, "geometry": { "type": "Point", "coordinates": [ 72.8219451, 18.9606077 ] } },
{ "type": "Feature", "properties": { "osm_id": "245655665", "code": 1050, "fclass": "locality", "population": 0, "name": "Ambe Wadi" }, "geometry": { "type": "Point", "coordinates": [ 72.8207693, 18.9558433 ] } },
{ "type": "Feature", "properties": { "osm_id": "245657052", "code": 1050, "fclass": "locality", "population": 0, "name": "Tadwadi" }, "geometry": { "type": "Point", "coordinates": [ 72.8379, 18.9667 ] } },
{ "type": "Feature", "properties": { "osm_id": "245657607", "code": 1002, "fclass": "town", "population": 49800, "name": "Gangakhed" }, "geometry": { "type": "Point", "coordinates": [ 76.7504256, 18.9692648 ] } },
{ "type": "Feature", "properties": { "osm_id": "245658159", "code": 1050, "fclass": "locality", "population": 0, "name": "Haji Bandar" }, "geometry": { "type": "Point", "coordinates": [ 72.8572706, 18.9795541 ] } },
{ "type": "Feature", "properties": { "osm_id": "245658175", "code": 1050, "fclass": "locality", "population": 0, "name": "Kusal Nagar" }, "geometry": { "type": "Point", "coordinates": [ 72.8539232, 18.9799194 ] } },
{ "type": "Feature", "properties": { "osm_id": "245658228", "code": 1050, "fclass": "locality", "population": 0, "name": "Pathik MPT Colony" }, "geometry": { "type": "Point", "coordinates": [ 72.8533825, 18.9812829 ] } },
{ "type": "Feature", "properties": { "osm_id": "245658745", "code": 1010, "fclass": "suburb", "population": 0, "name": "Lalbaug" }, "geometry": { "type": "Point", "coordinates": [ 72.8364587, 18.9914237 ] } },
{ "type": "Feature", "properties": { "osm_id": "245658856", "code": 1001, "fclass": "city", "population": 146700, "name": "Beed" }, "geometry": { "type": "Point", "coordinates": [ 75.7542291, 18.9904059 ] } },
{ "type": "Feature", "properties": { "osm_id": "245658883", "code": 1050, "fclass": "locality", "population": 0, "name": "Narayan Pujari Nagar" }, "geometry": { "type": "Point", "coordinates": [ 72.8137296, 18.9937549 ] } },
{ "type": "Feature", "properties": { "osm_id": "245658970", "code": 1003, "fclass": "village", "population": 0, "name": "Hundanwadi" }, "geometry": { "type": "Point", "coordinates": [ 73.7473487, 19.0043286 ] } },
{ "type": "Feature", "properties": { "osm_id": "245659452", "code": 1003, "fclass": "village", "population": 0, "name": "Khokarmoha" }, "geometry": { "type": "Point", "coordinates": [ 75.5572497, 18.9982513 ] } },
{ "type": "Feature", "properties": { "osm_id": "245659875", "code": 1050, "fclass": "locality", "population": 0, "name": "New Police Lines" }, "geometry": { "type": "Point", "coordinates": [ 72.8473718, 19.0064724 ] } },
{ "type": "Feature", "properties": { "osm_id": "245659921", "code": 1050, "fclass": "locality", "population": 0, "name": "Police Camp" }, "geometry": { "type": "Point", "coordinates": [ 72.8152, 19.0069 ] } },
{ "type": "Feature", "properties": { "osm_id": "245659987", "code": 1002, "fclass": "town", "population": 25900, "name": "Manchar" }, "geometry": { "type": "Point", "coordinates": [ 73.942711, 19.0033298 ] } },
{ "type": "Feature", "properties": { "osm_id": "245660095", "code": 1050, "fclass": "locality", "population": 0, "name": "Kidwai Nagar" }, "geometry": { "type": "Point", "coordinates": [ 72.8529813, 19.0084356 ] } },
{ "type": "Feature", "properties": { "osm_id": "245660150", "code": 1002, "fclass": "town", "population": 0, "name": "Wadwani" }, "geometry": { "type": "Point", "coordinates": [ 76.0410132, 18.9906344 ] } },
{ "type": "Feature", "properties": { "osm_id": "245660281", "code": 1003, "fclass": "village", "population": 1000, "name": "Parner" }, "geometry": { "type": "Point", "coordinates": [ 74.4335632, 19.0106744 ] } },
{ "type": "Feature", "properties": { "osm_id": "245660954", "code": 1003, "fclass": "village", "population": 0, "name": "Sonkhed" }, "geometry": { "type": "Point", "coordinates": [ 77.2160038, 19.0304554 ] } },
{ "type": "Feature", "properties": { "osm_id": "245661387", "code": 1050, "fclass": "locality", "population": 0, "name": "Walchand Bungalows" }, "geometry": { "type": "Point", "coordinates": [ 72.8629782, 19.0208999 ] } },
{ "type": "Feature", "properties": { "osm_id": "245661423", "code": 1050, "fclass": "locality", "population": 0, "name": "Deen Bandhu Nagar" }, "geometry": { "type": "Point", "coordinates": [ 72.8678, 19.023 ] } },
{ "type": "Feature", "properties": { "osm_id": "245661443", "code": 1050, "fclass": "locality", "population": 0, "name": "Acharya Atre Nagar" }, "geometry": { "type": "Point", "coordinates": [ 72.8630153, 19.0224394 ] } },
{ "type": "Feature", "properties": { "osm_id": "245661995", "code": 1050, "fclass": "locality", "population": 0, "name": "Kalpak Estate" }, "geometry": { "type": "Point", "coordinates": [ 72.867375, 19.0302573 ] } },
{ "type": "Feature", "properties": { "osm_id": "245662048", "code": 1050, "fclass": "locality", "population": 0, "name": "Kane Nagar" }, "geometry": { "type": "Point", "coordinates": [ 72.8611222, 19.0295677 ] } },
{ "type": "Feature", "properties": { "osm_id": "245662419", "code": 1050, "fclass": "locality", "population": 0, "name": "Sindh Seva Samiti Nagar" }, "geometry": { "type": "Point", "coordinates": [ 72.8618191, 19.0309099 ] } },
{ "type": "Feature", "properties": { "osm_id": "245662433", "code": 1050, "fclass": "locality", "population": 0, "name": "HP Nagar East" }, "geometry": { "type": "Point", "coordinates": [ 72.9057154, 19.0326726 ] } },
{ "type": "Feature", "properties": { "osm_id": "245662481", "code": 1050, "fclass": "locality", "population": 0, "name": "Punjabi Camp Colony" }, "geometry": { "type": "Point", "coordinates": [ 72.8615144, 19.0326016 ] } },
{ "type": "Feature", "properties": { "osm_id": "245662539", "code": 1050, "fclass": "locality", "population": 0, "name": "Kamal Nagar" }, "geometry": { "type": "Point", "coordinates": [ 72.8560069, 19.0334177 ] } },
{ "type": "Feature", "properties": { "osm_id": "245662569", "code": 1002, "fclass": "town", "population": 15765, "name": "Sonpeth" }, "geometry": { "type": "Point", "coordinates": [ 76.4746527, 19.0258671 ] } },
{ "type": "Feature", "properties": { "osm_id": "245662698", "code": 1050, "fclass": "locality", "population": 0, "name": "Sardar Nagar No 4" }, "geometry": { "type": "Point", "coordinates": [ 72.8670529, 19.0357437 ] } },
{ "type": "Feature", "properties": { "osm_id": "245662803", "code": 1010, "fclass": "suburb", "population": 0, "name": "Guru Tegh Bahadur Nagar" }, "geometry": { "type": "Point", "coordinates": [ 72.8621647, 19.0369905 ] } },
{ "type": "Feature", "properties": { "osm_id": "245662846", "code": 1050, "fclass": "locality", "population": 0, "name": "Dutta Nagar" }, "geometry": { "type": "Point", "coordinates": [ 72.9483537, 19.0364471 ] } },
{ "type": "Feature", "properties": { "osm_id": "245662868", "code": 1050, "fclass": "locality", "population": 0, "name": "Matunga Labour Camp" }, "geometry": { "type": "Point", "coordinates": [ 72.8513183, 19.0346756 ] } },
{ "type": "Feature", "properties": { "osm_id": "245662904", "code": 1050, "fclass": "locality", "population": 0, "name": "Shahaji Nagar" }, "geometry": { "type": "Point", "coordinates": [ 72.9506745, 19.0371753 ] } },
{ "type": "Feature", "properties": { "osm_id": "245662921", "code": 1050, "fclass": "locality", "population": 0, "name": "Kumbhar Wada" }, "geometry": { "type": "Point", "coordinates": [ 72.8547673, 19.0383008 ] } },
{ "type": "Feature", "properties": { "osm_id": "245662939", "code": 1050, "fclass": "locality", "population": 0, "name": "Sahyadri Nagar" }, "geometry": { "type": "Point", "coordinates": [ 72.906763, 19.037232 ] } },
{ "type": "Feature", "properties": { "osm_id": "245662963", "code": 1050, "fclass": "locality", "population": 0, "name": "Sector I" }, "geometry": { "type": "Point", "coordinates": [ 72.9474769, 19.0372992 ] } },
{ "type": "Feature", "properties": { "osm_id": "245663022", "code": 1050, "fclass": "locality", "population": 0, "name": "Wadavali" }, "geometry": { "type": "Point", "coordinates": [ 72.9026, 19.0386 ] } },
{ "type": "Feature", "properties": { "osm_id": "245663033", "code": 1050, "fclass": "locality", "population": 0, "name": "Shahu Nagar" }, "geometry": { "type": "Point", "coordinates": [ 72.8484858, 19.0388162 ] } },
{ "type": "Feature", "properties": { "osm_id": "245663053", "code": 1050, "fclass": "locality", "population": 0, "name": "Sector H" }, "geometry": { "type": "Point", "coordinates": [ 72.9484769, 19.0381992 ] } },
{ "type": "Feature", "properties": { "osm_id": "245663078", "code": 1050, "fclass": "locality", "population": 0, "name": "Prabuddha Nagar" }, "geometry": { "type": "Point", "coordinates": [ 72.9001, 19.0392 ] } },
{ "type": "Feature", "properties": { "osm_id": "245663093", "code": 1050, "fclass": "locality", "population": 0, "name": "Sector J" }, "geometry": { "type": "Point", "coordinates": [ 72.9490769, 19.0385992 ] } },
{ "type": "Feature", "properties": { "osm_id": "245663094", "code": 1050, "fclass": "locality", "population": 0, "name": "Sector K" }, "geometry": { "type": "Point", "coordinates": [ 72.950226, 19.0382916 ] } },
{ "type": "Feature", "properties": { "osm_id": "245663116", "code": 1050, "fclass": "locality", "population": 0, "name": "Sector G" }, "geometry": { "type": "Point", "coordinates": [ 72.9462074, 19.0392693 ] } },
{ "type": "Feature", "properties": { "osm_id": "245663124", "code": 1050, "fclass": "locality", "population": 0, "name": "Pratiksha Nagar" }, "geometry": { "type": "Point", "coordinates": [ 72.8693, 19.0396 ] } },
{ "type": "Feature", "properties": { "osm_id": "245663221", "code": 1050, "fclass": "locality", "population": 0, "name": "Sector F" }, "geometry": { "type": "Point", "coordinates": [ 72.9469583, 19.0410469 ] } },
{ "type": "Feature", "properties": { "osm_id": "245663360", "code": 1050, "fclass": "locality", "population": 0, "name": "Sector A" }, "geometry": { "type": "Point", "coordinates": [ 72.9468583, 19.0418469 ] } },
{ "type": "Feature", "properties": { "osm_id": "245663413", "code": 1050, "fclass": "locality", "population": 0, "name": "Sindhi Colony" }, "geometry": { "type": "Point", "coordinates": [ 72.8608321, 19.041982 ] } },
{ "type": "Feature", "properties": { "osm_id": "245663676", "code": 1002, "fclass": "town", "population": 0, "name": "Neral" }, "geometry": { "type": "Point", "coordinates": [ 73.3181185, 19.0266373 ] } },
{ "type": "Feature", "properties": { "osm_id": "245663754", "code": 1050, "fclass": "locality", "population": 0, "name": "Vasant Vihar Complex" }, "geometry": { "type": "Point", "coordinates": [ 72.9027, 19.0441 ] } },
{ "type": "Feature", "properties": { "osm_id": "245663815", "code": 1050, "fclass": "locality", "population": 0, "name": "Sanman" }, "geometry": { "type": "Point", "coordinates": [ 72.8952, 19.0446 ] } },
{ "type": "Feature", "properties": { "osm_id": "245663973", "code": 1050, "fclass": "locality", "population": 0, "name": "Union Park" }, "geometry": { "type": "Point", "coordinates": [ 72.9050998, 19.0455428 ] } },
{ "type": "Feature", "properties": { "osm_id": "245663990", "code": 1050, "fclass": "locality", "population": 0, "name": "Indira Nagar" }, "geometry": { "type": "Point", "coordinates": [ 72.8960437, 19.0468127 ] } },
{ "type": "Feature", "properties": { "osm_id": "245664023", "code": 1050, "fclass": "locality", "population": 0, "name": "Telecom Factory Colony" }, "geometry": { "type": "Point", "coordinates": [ 72.9220721, 19.0476125 ] } },
{ "type": "Feature", "properties": { "osm_id": "245664117", "code": 1050, "fclass": "locality", "population": 0, "name": "Lalwadi Shindewadi" }, "geometry": { "type": "Point", "coordinates": [ 72.9045, 19.0473 ] } },
{ "type": "Feature", "properties": { "osm_id": "245664155", "code": 1050, "fclass": "locality", "population": 0, "name": "Ramdeo Nagar" }, "geometry": { "type": "Point", "coordinates": [ 72.8942, 19.0477 ] } },
{ "type": "Feature", "properties": { "osm_id": "245664179", "code": 1050, "fclass": "locality", "population": 0, "name": "Dock Labour Board Colony" }, "geometry": { "type": "Point", "coordinates": [ 72.913739, 19.0483952 ] } },
{ "type": "Feature", "properties": { "osm_id": "245664230", "code": 1050, "fclass": "locality", "population": 0, "name": "Bharat Tirtha" }, "geometry": { "type": "Point", "coordinates": [ 72.904229, 19.0492637 ] } },
{ "type": "Feature", "properties": { "osm_id": "245664553", "code": 1050, "fclass": "locality", "population": 0, "name": "Atur Park" }, "geometry": { "type": "Point", "coordinates": [ 72.9046974, 19.0504871 ] } },
{ "type": "Feature", "properties": { "osm_id": "245664565", "code": 1050, "fclass": "locality", "population": 0, "name": "Basant Garden" }, "geometry": { "type": "Point", "coordinates": [ 72.9058598, 19.051141 ] } },
{ "type": "Feature", "properties": { "osm_id": "245664601", "code": 1050, "fclass": "locality", "population": 0, "name": "Basant Park Co-op Housing Society" }, "geometry": { "type": "Point", "coordinates": [ 72.8942141, 19.0510496 ] } },
{ "type": "Feature", "properties": { "osm_id": "245664766", "code": 1050, "fclass": "locality", "population": 0, "name": "Patwardhan Colony" }, "geometry": { "type": "Point", "coordinates": [ 72.9145, 19.0518 ] } },
{ "type": "Feature", "properties": { "osm_id": "245664774", "code": 1050, "fclass": "locality", "population": 0, "name": "Haji Malang Nagar" }, "geometry": { "type": "Point", "coordinates": [ 72.8955, 19.0519 ] } },
{ "type": "Feature", "properties": { "osm_id": "245664822", "code": 1050, "fclass": "locality", "population": 0, "name": "Santosh Nagar" }, "geometry": { "type": "Point", "coordinates": [ 72.9094457, 19.0526081 ] } },
{ "type": "Feature", "properties": { "osm_id": "245664824", "code": 1003, "fclass": "village", "population": 0, "name": "Nimbodi" }, "geometry": { "type": "Point", "coordinates": [ 74.7974941, 19.0653612 ] } },
{ "type": "Feature", "properties": { "osm_id": "245665135", "code": 1050, "fclass": "locality", "population": 0, "name": "Jai Ambe Nagar" }, "geometry": { "type": "Point", "coordinates": [ 72.8960721, 19.0543525 ] } },
{ "type": "Feature", "properties": { "osm_id": "245665137", "code": 1050, "fclass": "locality", "population": 0, "name": "Mukti Nagar" }, "geometry": { "type": "Point", "coordinates": [ 72.9105, 19.0543 ] } },
{ "type": "Feature", "properties": { "osm_id": "245665185", "code": 1050, "fclass": "locality", "population": 0, "name": "Shivpuri Complex" }, "geometry": { "type": "Point", "coordinates": [ 72.8901414, 19.0554828 ] } },
{ "type": "Feature", "properties": { "osm_id": "245665585", "code": 1050, "fclass": "locality", "population": 0, "name": "Shahane Trust Colony" }, "geometry": { "type": "Point", "coordinates": [ 72.8960766, 19.0567982 ] } },
{ "type": "Feature", "properties": { "osm_id": "245665841", "code": 1050, "fclass": "locality", "population": 0, "name": "Kasai Wada" }, "geometry": { "type": "Point", "coordinates": [ 72.8764202, 19.058503 ] } },
{ "type": "Feature", "properties": { "osm_id": "245665968", "code": 1050, "fclass": "locality", "population": 0, "name": "Qureshi Nagar" }, "geometry": { "type": "Point", "coordinates": [ 72.8766145, 19.0605563 ] } },
{ "type": "Feature", "properties": { "osm_id": "245666394", "code": 1050, "fclass": "locality", "population": 0, "name": "Lotus Colony" }, "geometry": { "type": "Point", "coordinates": [ 72.9123883, 19.0679052 ] } },
{ "type": "Feature", "properties": { "osm_id": "245666457", "code": 1010, "fclass": "suburb", "population": 0, "name": "Shivaji Nagar" }, "geometry": { "type": "Point", "coordinates": [ 72.9249, 19.0637885 ] } },
{ "type": "Feature", "properties": { "osm_id": "245667102", "code": 1050, "fclass": "locality", "population": 0, "name": "Ahimsa Nagar" }, "geometry": { "type": "Point", "coordinates": [ 72.8490971, 19.0676346 ] } },
{ "type": "Feature", "properties": { "osm_id": "245667141", "code": 1050, "fclass": "locality", "population": 0, "name": "Brahmanwadi" }, "geometry": { "type": "Point", "coordinates": [ 72.8802, 19.0673 ] } },
{ "type": "Feature", "properties": { "osm_id": "245667280", "code": 1050, "fclass": "locality", "population": 0, "name": "Siddharth Nagar" }, "geometry": { "type": "Point", "coordinates": [ 72.8472782, 19.0679724 ] } },
{ "type": "Feature", "properties": { "osm_id": "245667720", "code": 1050, "fclass": "locality", "population": 0, "name": "Korve Nagar" }, "geometry": { "type": "Point", "coordinates": [ 72.8662216, 19.0762168 ] } },
{ "type": "Feature", "properties": { "osm_id": "245667795", "code": 1050, "fclass": "locality", "population": 0, "name": "Ramabai Ambedkar Nagar" }, "geometry": { "type": "Point", "coordinates": [ 72.9177733, 19.0762815 ] } },
{ "type": "Feature", "properties": { "osm_id": "245667865", "code": 1050, "fclass": "locality", "population": 0, "name": "ONGC Colony" }, "geometry": { "type": "Point", "coordinates": [ 72.8977015, 19.0763435 ] } },
{ "type": "Feature", "properties": { "osm_id": "245668006", "code": 1050, "fclass": "locality", "population": 0, "name": "Sansar" }, "geometry": { "type": "Point", "coordinates": [ 72.8852776, 19.0772931 ] } },
{ "type": "Feature", "properties": { "osm_id": "245668201", "code": 1050, "fclass": "locality", "population": 0, "name": "Friends Colony" }, "geometry": { "type": "Point", "coordinates": [ 72.882388, 19.0772176 ] } },
{ "type": "Feature", "properties": { "osm_id": "245668338", "code": 1050, "fclass": "locality", "population": 0, "name": "Railway Police Colony" }, "geometry": { "type": "Point", "coordinates": [ 72.9144, 19.0779 ] } },
{ "type": "Feature", "properties": { "osm_id": "245668358", "code": 1050, "fclass": "locality", "population": 0, "name": "Chittaranjan Nagar" }, "geometry": { "type": "Point", "coordinates": [ 72.8995998, 19.0787644 ] } },
{ "type": "Feature", "properties": { "osm_id": "245668588", "code": 1050, "fclass": "locality", "population": 0, "name": "GOI Staff Colony" }, "geometry": { "type": "Point", "coordinates": [ 72.8335627, 19.0824569 ] } },
{ "type": "Feature", "properties": { "osm_id": "245668685", "code": 1050, "fclass": "locality", "population": 0, "name": "Wadia Colony" }, "geometry": { "type": "Point", "coordinates": [ 72.8796, 19.0816 ] } },
{ "type": "Feature", "properties": { "osm_id": "245668718", "code": 1010, "fclass": "suburb", "population": 0, "name": "Vidya Vihar East" }, "geometry": { "type": "Point", "coordinates": [ 72.9003536, 19.0777344 ] } },
{ "type": "Feature", "properties": { "osm_id": "245668888", "code": 1050, "fclass": "locality", "population": 0, "name": "Sahayog Nagar" }, "geometry": { "type": "Point", "coordinates": [ 72.8788, 19.0837 ] } },
{ "type": "Feature", "properties": { "osm_id": "245668988", "code": 1010, "fclass": "suburb", "population": 0, "name": "Ghatkopar" }, "geometry": { "type": "Point", "coordinates": [ 72.918635, 19.0842323 ] } },
{ "type": "Feature", "properties": { "osm_id": "245669083", "code": 1050, "fclass": "locality", "population": 0, "name": "Gauri Shankar Wadi" }, "geometry": { "type": "Point", "coordinates": [ 72.9122535, 19.0861621 ] } },
{ "type": "Feature", "properties": { "osm_id": "245669170", "code": 1050, "fclass": "locality", "population": 0, "name": "Savitribai Phule Nagar" }, "geometry": { "type": "Point", "coordinates": [ 72.916, 19.0871 ] } },
{ "type": "Feature", "properties": { "osm_id": "245669171", "code": 1050, "fclass": "locality", "population": 0, "name": "Janata Society" }, "geometry": { "type": "Point", "coordinates": [ 72.9189873, 19.0848719 ] } },
{ "type": "Feature", "properties": { "osm_id": "245669255", "code": 1050, "fclass": "locality", "population": 0, "name": "LIC Colony" }, "geometry": { "type": "Point", "coordinates": [ 72.8402634, 19.0897194 ] } },
{ "type": "Feature", "properties": { "osm_id": "245669314", "code": 1050, "fclass": "locality", "population": 0, "name": "TPS II Colony" }, "geometry": { "type": "Point", "coordinates": [ 72.9128536, 19.0880241 ] } },
{ "type": "Feature", "properties": { "osm_id": "245669322", "code": 1050, "fclass": "locality", "population": 0, "name": "Pereira Wadi" }, "geometry": { "type": "Point", "coordinates": [ 72.8833921, 19.0894168 ] } },
{ "type": "Feature", "properties": { "osm_id": "245669397", "code": 1050, "fclass": "locality", "population": 0, "name": "Sandesh Nagar" }, "geometry": { "type": "Point", "coordinates": [ 72.8818602, 19.091219 ] } },
{ "type": "Feature", "properties": { "osm_id": "245669664", "code": 1001, "fclass": "city", "population": 350859, "name": "Ahilyanagar" }, "geometry": { "type": "Point", "coordinates": [ 74.7493451, 19.092952 ] } },
{ "type": "Feature", "properties": { "osm_id": "245669835", "code": 1050, "fclass": "locality", "population": 0, "name": "Bhatwadi" }, "geometry": { "type": "Point", "coordinates": [ 72.9033786, 19.0946344 ] } },
{ "type": "Feature", "properties": { "osm_id": "245669888", "code": 1050, "fclass": "locality", "population": 0, "name": "Barve Nagar" }, "geometry": { "type": "Point", "coordinates": [ 72.9001776, 19.0952831 ] } },
{ "type": "Feature", "properties": { "osm_id": "245670134", "code": 1010, "fclass": "suburb", "population": 0, "name": "Asalpha" }, "geometry": { "type": "Point", "coordinates": [ 72.8945, 19.097 ] } },
{ "type": "Feature", "properties": { "osm_id": "245670509", "code": 1050, "fclass": "locality", "population": 0, "name": "Ramji Nagar" }, "geometry": { "type": "Point", "coordinates": [ 72.9032776, 19.100483 ] } },
{ "type": "Feature", "properties": { "osm_id": "245670999", "code": 1003, "fclass": "village", "population": 0, "name": "Bori Budruk" }, "geometry": { "type": "Point", "coordinates": [ 74.0999078, 19.1187329 ] } },
{ "type": "Feature", "properties": { "osm_id": "245671112", "code": 1010, "fclass": "suburb", "population": 0, "name": "Pirojsha Godrej Nagar" }, "geometry": { "type": "Point", "coordinates": [ 72.9236504, 19.1016734 ] } },
{ "type": "Feature", "properties": { "osm_id": "245671224", "code": 1050, "fclass": "locality", "population": 0, "name": "Greater Indra Nagar" }, "geometry": { "type": "Point", "coordinates": [ 72.8718705, 19.1074889 ] } },
{ "type": "Feature", "properties": { "osm_id": "245671595", "code": 1050, "fclass": "locality", "population": 0, "name": "Yadav Nagar" }, "geometry": { "type": "Point", "coordinates": [ 72.8938793, 19.1082482 ] } },
{ "type": "Feature", "properties": { "osm_id": "245671696", "code": 1010, "fclass": "suburb", "population": 0, "name": "Chandivali" }, "geometry": { "type": "Point", "coordinates": [ 72.8945793, 19.1091482 ] } },
{ "type": "Feature", "properties": { "osm_id": "245672697", "code": 1050, "fclass": "locality", "population": 0, "name": "Bhavani Nagar" }, "geometry": { "type": "Point", "coordinates": [ 72.8828, 19.1167 ] } },
{ "type": "Feature", "properties": { "osm_id": "245672763", "code": 1050, "fclass": "locality", "population": 0, "name": "Karuna Nagar" }, "geometry": { "type": "Point", "coordinates": [ 72.8903, 19.1172 ] } },
{ "type": "Feature", "properties": { "osm_id": "245673762", "code": 1050, "fclass": "locality", "population": 0, "name": "Hind Nagar" }, "geometry": { "type": "Point", "coordinates": [ 72.8539, 19.123 ] } },
{ "type": "Feature", "properties": { "osm_id": "245673919", "code": 1050, "fclass": "locality", "population": 0, "name": "Hari Nagar" }, "geometry": { "type": "Point", "coordinates": [ 72.8578, 19.1242 ] } },
{ "type": "Feature", "properties": { "osm_id": "245675023", "code": 1004, "fclass": "hamlet", "population": 0, "name": "Sunder Wadi" }, "geometry": { "type": "Point", "coordinates": [ 72.8164999, 19.1348001 ] } },
{ "type": "Feature", "properties": { "osm_id": "245675509", "code": 1050, "fclass": "locality", "population": 0, "name": "Dina Bama Estate" }, "geometry": { "type": "Point", "coordinates": [ 72.9370703, 19.1401586 ] } },
{ "type": "Feature", "properties": { "osm_id": "245675961", "code": 1003, "fclass": "village", "population": 0, "name": "Ambegaon" }, "geometry": { "type": "Point", "coordinates": [ 73.638586, 19.1430582 ] } },
{ "type": "Feature", "properties": { "osm_id": "245676375", "code": 1050, "fclass": "locality", "population": 0, "name": "" }, "geometry": { "type": "Point", "coordinates": [ 72.7890556, 19.1495362 ] } },
{ "type": "Feature", "properties": { "osm_id": "245676859", "code": 1050, "fclass": "locality", "population": 0, "name": "Bhati Koliwada" }, "geometry": { "type": "Point", "coordinates": [ 72.7832904, 19.1587186 ] } },
{ "type": "Feature", "properties": { "osm_id": "245677671", "code": 1050, "fclass": "locality", "population": 0, "name": "Dongarpada" }, "geometry": { "type": "Point", "coordinates": [ 72.7978985, 19.1665728 ] } },
{ "type": "Feature", "properties": { "osm_id": "245678508", "code": 1050, "fclass": "locality", "population": 0, "name": "Sunder Nagar" }, "geometry": { "type": "Point", "coordinates": [ 72.8407686, 19.1732766 ] } },
{ "type": "Feature", "properties": { "osm_id": "245678648", "code": 1050, "fclass": "locality", "population": 0, "name": "Kanyapada" }, "geometry": { "type": "Point", "coordinates": [ 72.871179, 19.1771213 ] } },
{ "type": "Feature", "properties": { "osm_id": "245678939", "code": 1050, "fclass": "locality", "population": 0, "name": "Pathanwadi" }, "geometry": { "type": "Point", "coordinates": [ 72.8623967, 19.1795154 ] } },
{ "type": "Feature", "properties": { "osm_id": "245679895", "code": 1050, "fclass": "locality", "population": 0, "name": "Rathodi" }, "geometry": { "type": "Point", "coordinates": [ 72.8145214, 19.1958968 ] } },
{ "type": "Feature", "properties": { "osm_id": "245680052", "code": 1003, "fclass": "village", "population": 0, "name": "Repanpalli" }, "geometry": { "type": "Point", "coordinates": [ 80.1664169, 19.1887099 ] } },
{ "type": "Feature", "properties": { "osm_id": "245680117", "code": 1050, "fclass": "locality", "population": 0, "name": "Bhayandar Wada" }, "geometry": { "type": "Point", "coordinates": [ 72.8113662, 19.1971521 ] } },
{ "type": "Feature", "properties": { "osm_id": "245680470", "code": 1050, "fclass": "locality", "population": 0, "name": "Damu Nagar" }, "geometry": { "type": "Point", "coordinates": [ 72.8807684, 19.1980883 ] } },
{ "type": "Feature", "properties": { "osm_id": "245680544", "code": 1050, "fclass": "locality", "population": 0, "name": "Singh Agri Estate" }, "geometry": { "type": "Point", "coordinates": [ 72.8787962, 19.2037164 ] } },
{ "type": "Feature", "properties": { "osm_id": "245680769", "code": 1050, "fclass": "locality", "population": 0, "name": "Samata Nagar" }, "geometry": { "type": "Point", "coordinates": [ 72.8705139, 19.2072164 ] } },
{ "type": "Feature", "properties": { "osm_id": "245680938", "code": 1010, "fclass": "suburb", "population": 0, "name": "Thakur Village" }, "geometry": { "type": "Point", "coordinates": [ 72.8759248, 19.2097189 ] } },
{ "type": "Feature", "properties": { "osm_id": "245680983", "code": 1010, "fclass": "suburb", "population": 0, "name": "Kandivali East" }, "geometry": { "type": "Point", "coordinates": [ 72.8626165, 19.2051958 ] } },
{ "type": "Feature", "properties": { "osm_id": "245681326", "code": 1050, "fclass": "locality", "population": 0, "name": "Devalapada" }, "geometry": { "type": "Point", "coordinates": [ 72.8682281, 19.2183747 ] } },
{ "type": "Feature", "properties": { "osm_id": "245681896", "code": 1050, "fclass": "locality", "population": 0, "name": "Kulup Wadi" }, "geometry": { "type": "Point", "coordinates": [ 72.8688335, 19.2309955 ] } },
{ "type": "Feature", "properties": { "osm_id": "245682004", "code": 1003, "fclass": "village", "population": 0, "name": "Barad" }, "geometry": { "type": "Point", "coordinates": [ 77.4631822, 19.2258807 ] } },
{ "type": "Feature", "properties": { "osm_id": "245682086", "code": 1050, "fclass": "locality", "population": 0, "name": "Sukar Wadi" }, "geometry": { "type": "Point", "coordinates": [ 72.8583462, 19.2327489 ] } },
{ "type": "Feature", "properties": { "osm_id": "245682102", "code": 1050, "fclass": "locality", "population": 0, "name": "Abhinav Nagar" }, "geometry": { "type": "Point", "coordinates": [ 72.8693028, 19.232377 ] } },
{ "type": "Feature", "properties": { "osm_id": "245682196", "code": 1050, "fclass": "locality", "population": 0, "name": "Krishna Nagar" }, "geometry": { "type": "Point", "coordinates": [ 72.8659243, 19.2356414 ] } },
{ "type": "Feature", "properties": { "osm_id": "245682276", "code": 1050, "fclass": "locality", "population": 0, "name": "Ravanpada" }, "geometry": { "type": "Point", "coordinates": [ 72.8705357, 19.2383271 ] } },
{ "type": "Feature", "properties": { "osm_id": "245682505", "code": 1050, "fclass": "locality", "population": 0, "name": "Maruti Nagar" }, "geometry": { "type": "Point", "coordinates": [ 72.8724, 19.2441 ] } },
{ "type": "Feature", "properties": { "osm_id": "245683258", "code": 1003, "fclass": "village", "population": 0, "name": "Pasewada" }, "geometry": { "type": "Point", "coordinates": [ 80.4586972, 19.2703536 ] } },
{ "type": "Feature", "properties": { "osm_id": "245683388", "code": 1003, "fclass": "village", "population": 0, "name": "Balam Takli" }, "geometry": { "type": "Point", "coordinates": [ 75.4727559, 19.3003161 ] } },
{ "type": "Feature", "properties": { "osm_id": "245683441", "code": 1001, "fclass": "city", "population": 100000, "name": "Bhiwandi" }, "geometry": { "type": "Point", "coordinates": [ 73.0588072, 19.3025562 ] } },
{ "type": "Feature", "properties": { "osm_id": "245683693", "code": 1003, "fclass": "village", "population": 0, "name": "Shivani" }, "geometry": { "type": "Point", "coordinates": [ 78.1081277, 19.3258753 ] } },
{ "type": "Feature", "properties": { "osm_id": "245683750", "code": 1003, "fclass": "village", "population": 0, "name": "Padagha" }, "geometry": { "type": "Point", "coordinates": [ 73.1759578, 19.3668447 ] } },
{ "type": "Feature", "properties": { "osm_id": "245683751", "code": 1003, "fclass": "village", "population": 5000, "name": "Shevgaon" }, "geometry": { "type": "Point", "coordinates": [ 75.2222307, 19.3543392 ] } },
{ "type": "Feature", "properties": { "osm_id": "245683847", "code": 1003, "fclass": "village", "population": 0, "name": "Ashti" }, "geometry": { "type": "Point", "coordinates": [ 76.2232575, 19.37657 ] } },
{ "type": "Feature", "properties": { "osm_id": "245683882", "code": 1002, "fclass": "town", "population": 0, "name": "Ghodegaon" }, "geometry": { "type": "Point", "coordinates": [ 74.8811801, 19.3496722 ] } },
{ "type": "Feature", "properties": { "osm_id": "245683897", "code": 1002, "fclass": "town", "population": 38800, "name": "Rahuri" }, "geometry": { "type": "Point", "coordinates": [ 74.6499061, 19.3891776 ] } },
{ "type": "Feature", "properties": { "osm_id": "245683981", "code": 1003, "fclass": "village", "population": 0, "name": "Kangar Bk" }, "geometry": { "type": "Point", "coordinates": [ 74.5491544, 19.4243313 ] } },
{ "type": "Feature", "properties": { "osm_id": "245683986", "code": 1002, "fclass": "town", "population": 0, "name": "Himayatnagar" }, "geometry": { "type": "Point", "coordinates": [ 77.8768022, 19.4259433 ] } },
{ "type": "Feature", "properties": { "osm_id": "245684009", "code": 1003, "fclass": "village", "population": 0, "name": "Shenwa" }, "geometry": { "type": "Point", "coordinates": [ 73.4585059, 19.442905 ] } },
{ "type": "Feature", "properties": { "osm_id": "245684028", "code": 1002, "fclass": "town", "population": 46900, "name": "Selu" }, "geometry": { "type": "Point", "coordinates": [ 76.4388052, 19.4548608 ] } },
{ "type": "Feature", "properties": { "osm_id": "245684035", "code": 1003, "fclass": "village", "population": 4819, "name": "Wadala Bahiroba" }, "geometry": { "type": "Point", "coordinates": [ 74.9070425, 19.4325419 ] } },
{ "type": "Feature", "properties": { "osm_id": "245684066", "code": 1003, "fclass": "village", "population": 5000, "name": "Mandavagan" }, "geometry": { "type": "Point", "coordinates": [ 74.6004443, 19.4498924 ] } },
{ "type": "Feature", "properties": { "osm_id": "245684225", "code": 1003, "fclass": "village", "population": 0, "name": "Vajreshwari" }, "geometry": { "type": "Point", "coordinates": [ 73.0277754, 19.4869787 ] } },
{ "type": "Feature", "properties": { "osm_id": "245684289", "code": 1003, "fclass": "village", "population": 0, "name": "Satona" }, "geometry": { "type": "Point", "coordinates": [ 76.3483389, 19.4964895 ] } },
{ "type": "Feature", "properties": { "osm_id": "245684479", "code": 1003, "fclass": "village", "population": 0, "name": "Ashwi" }, "geometry": { "type": "Point", "coordinates": [ 74.3670418, 19.51777 ] } },
{ "type": "Feature", "properties": { "osm_id": "245684544", "code": 1002, "fclass": "town", "population": 0, "name": "Aundah" }, "geometry": { "type": "Point", "coordinates": [ 77.0408752, 19.5408846 ] } },
{ "type": "Feature", "properties": { "osm_id": "245684569", "code": 1001, "fclass": "city", "population": 18000, "name": "Akole" }, "geometry": { "type": "Point", "coordinates": [ 74.0092582, 19.5419344 ] } },
{ "type": "Feature", "properties": { "osm_id": "245684590", "code": 1003, "fclass": "village", "population": 0, "name": "Dhandharphal" }, "geometry": { "type": "Point", "coordinates": [ 74.1194987, 19.532067 ] } },
{ "type": "Feature", "properties": { "osm_id": "245684700", "code": 1003, "fclass": "village", "population": 0, "name": "Dhanki" }, "geometry": { "type": "Point", "coordinates": [ 77.8423365, 19.566954 ] } },
{ "type": "Feature", "properties": { "osm_id": "245684766", "code": 1002, "fclass": "town", "population": 35900, "name": "Partur" }, "geometry": { "type": "Point", "coordinates": [ 76.2139769, 19.5856691 ] } },
{ "type": "Feature", "properties": { "osm_id": "245685095", "code": 1002, "fclass": "town", "population": 28500, "name": "Kinwat" }, "geometry": { "type": "Point", "coordinates": [ 78.2003138, 19.6211721 ] } },
{ "type": "Feature", "properties": { "osm_id": "245685121", "code": 1003, "fclass": "village", "population": 0, "name": "Samsherpur" }, "geometry": { "type": "Point", "coordinates": [ 73.9680003, 19.6377874 ] } },
{ "type": "Feature", "properties": { "osm_id": "245685191", "code": 1002, "fclass": "town", "population": 5000, "name": "Mantha" }, "geometry": { "type": "Point", "coordinates": [ 76.3869764, 19.6443869 ] } },
{ "type": "Feature", "properties": { "osm_id": "245685200", "code": 1003, "fclass": "village", "population": 5000, "name": "Pravara Sangam" }, "geometry": { "type": "Point", "coordinates": [ 75.0124759, 19.6048622 ] } },
{ "type": "Feature", "properties": { "osm_id": "245685257", "code": 1003, "fclass": "village", "population": 0, "name": "Mahim" }, "geometry": { "type": "Point", "coordinates": [ 72.7196769, 19.6464428 ] } },
{ "type": "Feature", "properties": { "osm_id": "245685340", "code": 1003, "fclass": "village", "population": 0, "name": "Mulawa" }, "geometry": { "type": "Point", "coordinates": [ 77.5622601, 19.6838885 ] } },
{ "type": "Feature", "properties": { "osm_id": "245685440", "code": 1002, "fclass": "town", "population": 68900, "name": "Palghar" }, "geometry": { "type": "Point", "coordinates": [ 72.7695104, 19.6967169 ] } },
{ "type": "Feature", "properties": { "osm_id": "245685476", "code": 1003, "fclass": "village", "population": 0, "name": "Shirgaon" }, "geometry": { "type": "Point", "coordinates": [ 72.7127647, 19.6993333 ] } },
{ "type": "Feature", "properties": { "osm_id": "245685572", "code": 1002, "fclass": "town", "population": 85100, "name": "Hingoli" }, "geometry": { "type": "Point", "coordinates": [ 77.1388362, 19.7158472 ] } },
{ "type": "Feature", "properties": { "osm_id": "245685652", "code": 1002, "fclass": "town", "population": 27700, "name": "Gangapur" }, "geometry": { "type": "Point", "coordinates": [ 75.0124415, 19.6977616 ] } },
{ "type": "Feature", "properties": { "osm_id": "245685734", "code": 1003, "fclass": "village", "population": 0, "name": "Dubere" }, "geometry": { "type": "Point", "coordinates": [ 73.9747436, 19.7813253 ] } },
{ "type": "Feature", "properties": { "osm_id": "245685804", "code": 1002, "fclass": "town", "population": 29700, "name": "Rajura" }, "geometry": { "type": "Point", "coordinates": [ 79.3657272, 19.7792814 ] } },
{ "type": "Feature", "properties": { "osm_id": "245685853", "code": 1003, "fclass": "village", "population": 0, "name": "Mukutban" }, "geometry": { "type": "Point", "coordinates": [ 78.8536126, 19.8085935 ] } },
{ "type": "Feature", "properties": { "osm_id": "245685884", "code": 1003, "fclass": "village", "population": 0, "name": "Waluj Buzurg" }, "geometry": { "type": "Point", "coordinates": [ 75.2248403, 19.7980071 ] } },
{ "type": "Feature", "properties": { "osm_id": "245686035", "code": 1003, "fclass": "village", "population": 0, "name": "Wavi" }, "geometry": { "type": "Point", "coordinates": [ 74.2489716, 19.8039153 ] } },
{ "type": "Feature", "properties": { "osm_id": "245686073", "code": 1001, "fclass": "city", "population": 285000, "name": "Jalna" }, "geometry": { "type": "Point", "coordinates": [ 75.8818806, 19.8393394 ] } },
{ "type": "Feature", "properties": { "osm_id": "245686107", "code": 1003, "fclass": "village", "population": 0, "name": "Mahagaon" }, "geometry": { "type": "Point", "coordinates": [ 77.7689466, 19.7912521 ] } },
{ "type": "Feature", "properties": { "osm_id": "245686164", "code": 1003, "fclass": "village", "population": 0, "name": "Badnapur" }, "geometry": { "type": "Point", "coordinates": [ 75.7262292, 19.8674434 ] } },
{ "type": "Feature", "properties": { "osm_id": "245686172", "code": 1003, "fclass": "village", "population": 0, "name": "Haladwahi" }, "geometry": { "type": "Point", "coordinates": [ 80.0248726, 19.8637249 ] } },
{ "type": "Feature", "properties": { "osm_id": "245686202", "code": 1003, "fclass": "village", "population": 0, "name": "Shindkhed" }, "geometry": { "type": "Point", "coordinates": [ 78.1233202, 19.872335 ] } },
{ "type": "Feature", "properties": { "osm_id": "245686223", "code": 1003, "fclass": "village", "population": 0, "name": "Tarapur" }, "geometry": { "type": "Point", "coordinates": [ 72.6854957, 19.8757445 ] } },
{ "type": "Feature", "properties": { "osm_id": "245686245", "code": 1001, "fclass": "city", "population": 1175116, "name": "Chhatrapati Sambhajinagar" }, "geometry": { "type": "Point", "coordinates": [ 75.3390241, 19.877263 ] } },
{ "type": "Feature", "properties": { "osm_id": "245686256", "code": 1003, "fclass": "village", "population": 0, "name": "Dengachimet" }, "geometry": { "type": "Point", "coordinates": [ 73.1483765, 19.8916662 ] } },
{ "type": "Feature", "properties": { "osm_id": "245686261", "code": 1002, "fclass": "town", "population": 65300, "name": "Kopargaon" }, "geometry": { "type": "Point", "coordinates": [ 74.4762, 19.885 ] } },
{ "type": "Feature", "properties": { "osm_id": "245686342", "code": 1003, "fclass": "village", "population": 0, "name": "Khandala" }, "geometry": { "type": "Point", "coordinates": [ 77.4450312, 19.8919924 ] } },
{ "type": "Feature", "properties": { "osm_id": "245686384", "code": 1003, "fclass": "village", "population": 0, "name": "Kayar" }, "geometry": { "type": "Point", "coordinates": [ 78.9038, 19.9082 ] } },
{ "type": "Feature", "properties": { "osm_id": "245686392", "code": 1003, "fclass": "village", "population": 0, "name": "Kasa Khurd" }, "geometry": { "type": "Point", "coordinates": [ 72.9541755, 19.9111112 ] } },
{ "type": "Feature", "properties": { "osm_id": "245686395", "code": 1002, "fclass": "town", "population": 73050, "name": "Pusad" }, "geometry": { "type": "Point", "coordinates": [ 77.5706555, 19.9080759 ] } },
{ "type": "Feature", "properties": { "osm_id": "245686418", "code": 1003, "fclass": "village", "population": 0, "name": "Mokhada" }, "geometry": { "type": "Point", "coordinates": [ 73.3408052, 19.9353722 ] } },
{ "type": "Feature", "properties": { "osm_id": "245686420", "code": 1003, "fclass": "village", "population": 5000, "name": "Daulatabad" }, "geometry": { "type": "Point", "coordinates": [ 75.2195952, 19.939157 ] } },
{ "type": "Feature", "properties": { "osm_id": "245686439", "code": 1003, "fclass": "village", "population": 0, "name": "Kasa Bk" }, "geometry": { "type": "Point", "coordinates": [ 73.0480377, 19.9246627 ] } },
{ "type": "Feature", "properties": { "osm_id": "245686460", "code": 1002, "fclass": "town", "population": 0, "name": "Vaijapur" }, "geometry": { "type": "Point", "coordinates": [ 74.7286135, 19.9266272 ] } },
{ "type": "Feature", "properties": { "osm_id": "245686499", "code": 1010, "fclass": "suburb", "population": 10000, "name": "Deolali" }, "geometry": { "type": "Point", "coordinates": [ 73.8319469, 19.9183943 ] } },
{ "type": "Feature", "properties": { "osm_id": "245686536", "code": 1001, "fclass": "city", "population": 320000, "name": "Chandrapur" }, "geometry": { "type": "Point", "coordinates": [ 79.2986673, 19.9508161 ] } },
{ "type": "Feature", "properties": { "osm_id": "245686563", "code": 1002, "fclass": "town", "population": 13940, "name": "Sindkhed Raja" }, "geometry": { "type": "Point", "coordinates": [ 76.1257663, 19.9540802 ] } },
{ "type": "Feature", "properties": { "osm_id": "245686635", "code": 1002, "fclass": "town", "population": 34100, "name": "Risod" }, "geometry": { "type": "Point", "coordinates": [ 76.7897566, 19.9778005 ] } },
{ "type": "Feature", "properties": { "osm_id": "245686667", "code": 1002, "fclass": "town", "population": 23400, "name": "Lonar" }, "geometry": { "type": "Point", "coordinates": [ 76.5226964, 19.9850956 ] } },
{ "type": "Feature", "properties": { "osm_id": "245686722", "code": 1002, "fclass": "town", "population": 50280, "name": "Dahanu" }, "geometry": { "type": "Point", "coordinates": [ 72.733848, 19.9887244 ] } },
{ "type": "Feature", "properties": { "osm_id": "245686763", "code": 1001, "fclass": "city", "population": 1486000, "name": "Nashik" }, "geometry": { "type": "Point", "coordinates": [ 73.7902364, 20.0112475 ] } },
{ "type": "Feature", "properties": { "osm_id": "245686771", "code": 1003, "fclass": "village", "population": 0, "name": "Andarsul" }, "geometry": { "type": "Point", "coordinates": [ 74.5731488, 20.012265 ] } },
{ "type": "Feature", "properties": { "osm_id": "245686808", "code": 1002, "fclass": "town", "population": 30800, "name": "Deulgaon Raja" }, "geometry": { "type": "Point", "coordinates": [ 76.0353471, 20.0151691 ] } },
{ "type": "Feature", "properties": { "osm_id": "245686820", "code": 1003, "fclass": "village", "population": 4986, "name": "Bibi" }, "geometry": { "type": "Point", "coordinates": [ 76.3754848, 20.0208237 ] } },
{ "type": "Feature", "properties": { "osm_id": "245686900", "code": 1002, "fclass": "town", "population": 49800, "name": "Yeola" }, "geometry": { "type": "Point", "coordinates": [ 74.4880389, 20.0429079 ] } },
{ "type": "Feature", "properties": { "osm_id": "245686902", "code": 1003, "fclass": "village", "population": 0, "name": "Rithad" }, "geometry": { "type": "Point", "coordinates": [ 76.9794307, 20.0535024 ] } },
{ "type": "Feature", "properties": { "osm_id": "245686924", "code": 1002, "fclass": "town", "population": 0, "name": "Arni" }, "geometry": { "type": "Point", "coordinates": [ 77.9519923, 20.0653876 ] } },
{ "type": "Feature", "properties": { "osm_id": "245686972", "code": 1002, "fclass": "town", "population": 10000, "name": "Wani" }, "geometry": { "type": "Point", "coordinates": [ 78.9565, 20.0574 ] } },
{ "type": "Feature", "properties": { "osm_id": "245687015", "code": 1002, "fclass": "town", "population": 25500, "name": "Mul" }, "geometry": { "type": "Point", "coordinates": [ 79.6767277, 20.0651224 ] } },
{ "type": "Feature", "properties": { "osm_id": "245687086", "code": 1003, "fclass": "village", "population": 8688, "name": "Sultanpur" }, "geometry": { "type": "Point", "coordinates": [ 76.5187, 20.0869532 ] } },
{ "type": "Feature", "properties": { "osm_id": "245687137", "code": 1003, "fclass": "village", "population": 0, "name": "Umari Road" }, "geometry": { "type": "Point", "coordinates": [ 78.5317609, 20.0999206 ] } },
{ "type": "Feature", "properties": { "osm_id": "245687178", "code": 1003, "fclass": "village", "population": 0, "name": "Tembhurni" }, "geometry": { "type": "Point", "coordinates": [ 75.9928167, 20.1260844 ] } },
{ "type": "Feature", "properties": { "osm_id": "245687193", "code": 1002, "fclass": "town", "population": 44700, "name": "Digras" }, "geometry": { "type": "Point", "coordinates": [ 77.7167937, 20.1041813 ] } },
{ "type": "Feature", "properties": { "osm_id": "245687196", "code": 1002, "fclass": "town", "population": 78400, "name": "Washim" }, "geometry": { "type": "Point", "coordinates": [ 77.1353872, 20.1029211 ] } },
{ "type": "Feature", "properties": { "osm_id": "245687213", "code": 1003, "fclass": "village", "population": 0, "name": "Harsul" }, "geometry": { "type": "Point", "coordinates": [ 73.4533399, 20.1154419 ] } },
{ "type": "Feature", "properties": { "osm_id": "245687316", "code": 1003, "fclass": "village", "population": 5000, "name": "Lasalgaon" }, "geometry": { "type": "Point", "coordinates": [ 74.2377507, 20.1426837 ] } },
{ "type": "Feature", "properties": { "osm_id": "245687324", "code": 1002, "fclass": "town", "population": 21500, "name": "Ghatanji" }, "geometry": { "type": "Point", "coordinates": [ 78.3140429, 20.1427699 ] } },
{ "type": "Feature", "properties": { "osm_id": "245687348", "code": 1003, "fclass": "village", "population": 0, "name": "Jawala" }, "geometry": { "type": "Point", "coordinates": [ 77.9561519, 20.1470926 ] } },
{ "type": "Feature", "properties": { "osm_id": "245687416", "code": 1003, "fclass": "village", "population": 0, "name": "Talwada" }, "geometry": { "type": "Point", "coordinates": [ 74.78216, 20.1809114 ] } },
{ "type": "Feature", "properties": { "osm_id": "245687430", "code": 1003, "fclass": "village", "population": 0, "name": "Hatnoor" }, "geometry": { "type": "Point", "coordinates": [ 75.1380484, 20.1630878 ] } },
{ "type": "Feature", "properties": { "osm_id": "245687440", "code": 1003, "fclass": "village", "population": 0, "name": "Rui" }, "geometry": { "type": "Point", "coordinates": [ 78.0585507, 20.1674401 ] } },
{ "type": "Feature", "properties": { "osm_id": "245687480", "code": 1003, "fclass": "village", "population": 18012, "name": "Dongaon" }, "geometry": { "type": "Point", "coordinates": [ 76.7206581, 20.1838425 ] } },
{ "type": "Feature", "properties": { "osm_id": "245687606", "code": 1003, "fclass": "village", "population": 0, "name": "Mohada" }, "geometry": { "type": "Point", "coordinates": [ 78.4655927, 20.22447 ] } },
{ "type": "Feature", "properties": { "osm_id": "245687619", "code": 1002, "fclass": "town", "population": 1000, "name": "Jafarabad" }, "geometry": { "type": "Point", "coordinates": [ 76.0105856, 20.1957484 ] } },
{ "type": "Feature", "properties": { "osm_id": "245687662", "code": 1003, "fclass": "village", "population": 0, "name": "Nargol" }, "geometry": { "type": "Point", "coordinates": [ 72.7511725, 20.2278636 ] } },
{ "type": "Feature", "properties": { "osm_id": "245687695", "code": 1002, "fclass": "town", "population": 21290, "name": "Malegaon" }, "geometry": { "type": "Point", "coordinates": [ 76.9998051, 20.2367604 ] } },
{ "type": "Feature", "properties": { "osm_id": "245687733", "code": 1002, "fclass": "town", "population": 46500, "name": "Warora" }, "geometry": { "type": "Point", "coordinates": [ 79.0027504, 20.2342965 ] } },
{ "type": "Feature", "properties": { "osm_id": "245687757", "code": 1003, "fclass": "village", "population": 0, "name": "Khadkipada" }, "geometry": { "type": "Point", "coordinates": [ 73.5296917, 20.2595702 ] } },
{ "type": "Feature", "properties": { "osm_id": "245687789", "code": 1003, "fclass": "village", "population": 0, "name": "Dhanora" }, "geometry": { "type": "Point", "coordinates": [ 80.3095434, 20.2710221 ] } },
{ "type": "Feature", "properties": { "osm_id": "245687808", "code": 1002, "fclass": "town", "population": 40800, "name": "Kannad" }, "geometry": { "type": "Point", "coordinates": [ 75.1322409, 20.2654298 ] } },
{ "type": "Feature", "properties": { "osm_id": "245687871", "code": 1001, "fclass": "city", "population": 98266, "name": "Silvassa" }, "geometry": { "type": "Point", "coordinates": [ 73.0045787, 20.2736768 ] } },
{ "type": "Feature", "properties": { "osm_id": "245687916", "code": 1003, "fclass": "village", "population": 0, "name": "Pishor" }, "geometry": { "type": "Point", "coordinates": [ 75.3394405, 20.2951851 ] } },
{ "type": "Feature", "properties": { "osm_id": "245687937", "code": 1003, "fclass": "village", "population": 5000, "name": "Sindewahi" }, "geometry": { "type": "Point", "coordinates": [ 79.6566541, 20.2922302 ] } },
{ "type": "Feature", "properties": { "osm_id": "245688029", "code": 1003, "fclass": "village", "population": 0, "name": "Jodmoha" }, "geometry": { "type": "Point", "coordinates": [ 78.2963941, 20.3168697 ] } },
{ "type": "Feature", "properties": { "osm_id": "245688068", "code": 1003, "fclass": "village", "population": 5000, "name": "Vani" }, "geometry": { "type": "Point", "coordinates": [ 73.8894554, 20.3306136 ] } },
{ "type": "Feature", "properties": { "osm_id": "245688076", "code": 1003, "fclass": "village", "population": 0, "name": "Muramgaon" }, "geometry": { "type": "Point", "coordinates": [ 80.4719412, 20.3278566 ] } },
{ "type": "Feature", "properties": { "osm_id": "245688086", "code": 1002, "fclass": "town", "population": 25300, "name": "Chandvad" }, "geometry": { "type": "Point", "coordinates": [ 74.2387228, 20.3278147 ] } },
{ "type": "Feature", "properties": { "osm_id": "245688138", "code": 1002, "fclass": "town", "population": 57900, "name": "Chikhli" }, "geometry": { "type": "Point", "coordinates": [ 76.2524987, 20.349113 ] } },
{ "type": "Feature", "properties": { "osm_id": "245688171", "code": 1003, "fclass": "village", "population": 0, "name": "Ladkhed" }, "geometry": { "type": "Point", "coordinates": [ 77.9162543, 20.3465243 ] } },
{ "type": "Feature", "properties": { "osm_id": "245688189", "code": 1003, "fclass": "village", "population": 0, "name": "Pardi" }, "geometry": { "type": "Point", "coordinates": [ 78.7125921, 20.348705 ] } },
{ "type": "Feature", "properties": { "osm_id": "245688261", "code": 1003, "fclass": "village", "population": 0, "name": "Shelu Bazar" }, "geometry": { "type": "Point", "coordinates": [ 77.2508481, 20.3709912 ] } },
{ "type": "Feature", "properties": { "osm_id": "245688264", "code": 1001, "fclass": "city", "population": 163600, "name": "Vapi" }, "geometry": { "type": "Point", "coordinates": [ 72.9166501, 20.371603 ] } },
{ "type": "Feature", "properties": { "osm_id": "245688424", "code": 1001, "fclass": "city", "population": 320000, "name": "Yavatmal" }, "geometry": { "type": "Point", "coordinates": [ 78.1328518, 20.390344 ] } },
{ "type": "Feature", "properties": { "osm_id": "245688486", "code": 1003, "fclass": "village", "population": 0, "name": "Amdapur" }, "geometry": { "type": "Point", "coordinates": [ 76.4445233, 20.4086729 ] } },
{ "type": "Feature", "properties": { "osm_id": "245688629", "code": 1003, "fclass": "village", "population": 0, "name": "Ralegaon" }, "geometry": { "type": "Point", "coordinates": [ 78.5218429, 20.4227234 ] } },
{ "type": "Feature", "properties": { "osm_id": "245688767", "code": 1003, "fclass": "village", "population": 0, "name": "Wadner" }, "geometry": { "type": "Point", "coordinates": [ 78.743906, 20.4386953 ] } },
{ "type": "Feature", "properties": { "osm_id": "245688820", "code": 1002, "fclass": "town", "population": 21100, "name": "Patur" }, "geometry": { "type": "Point", "coordinates": [ 76.9380493, 20.4602277 ] } },
{ "type": "Feature", "properties": { "osm_id": "245688877", "code": 1002, "fclass": "town", "population": 97550, "name": "Chalisgaon" }, "geometry": { "type": "Point", "coordinates": [ 75.0069134, 20.4626213 ] } },
{ "type": "Feature", "properties": { "osm_id": "245688885", "code": 1003, "fclass": "village", "population": 0, "name": "Nagad" }, "geometry": { "type": "Point", "coordinates": [ 75.1738233, 20.4610702 ] } },
{ "type": "Feature", "properties": { "osm_id": "245688892", "code": 1003, "fclass": "village", "population": 0, "name": "Saudane" }, "geometry": { "type": "Point", "coordinates": [ 74.3977057, 20.4540804 ] } },
{ "type": "Feature", "properties": { "osm_id": "245689100", "code": 1003, "fclass": "village", "population": 1000, "name": "Kalwan" }, "geometry": { "type": "Point", "coordinates": [ 74.0240765, 20.490904 ] } },
{ "type": "Feature", "properties": { "osm_id": "245689102", "code": 1003, "fclass": "village", "population": 0, "name": "Malewada" }, "geometry": { "type": "Point", "coordinates": [ 80.3737745, 20.4895261 ] } },
{ "type": "Feature", "properties": { "osm_id": "245689146", "code": 1002, "fclass": "town", "population": 29300, "name": "Ner" }, "geometry": { "type": "Point", "coordinates": [ 77.8678515, 20.4919069 ] } },
{ "type": "Feature", "properties": { "osm_id": "245689464", "code": 1003, "fclass": "village", "population": 0, "name": "Dharampur" }, "geometry": { "type": "Point", "coordinates": [ 73.1740929, 20.5360672 ] } },
{ "type": "Feature", "properties": { "osm_id": "245689522", "code": 1003, "fclass": "village", "population": 1000, "name": "Surgana" }, "geometry": { "type": "Point", "coordinates": [ 73.6375614, 20.5592432 ] } },
{ "type": "Feature", "properties": { "osm_id": "245689525", "code": 1001, "fclass": "city", "population": 471300, "name": "Malegaon" }, "geometry": { "type": "Point", "coordinates": [ 74.5246514, 20.5576062 ] } },
{ "type": "Feature", "properties": { "osm_id": "245689561", "code": 1001, "fclass": "city", "population": 101800, "name": "Hinganghat" }, "geometry": { "type": "Point", "coordinates": [ 78.8411206, 20.5484132 ] } },
{ "type": "Feature", "properties": { "osm_id": "245689567", "code": 1003, "fclass": "village", "population": 0, "name": "Bramhangaon" }, "geometry": { "type": "Point", "coordinates": [ 74.2950493, 20.5549542 ] } },
{ "type": "Feature", "properties": { "osm_id": "245689632", "code": 1003, "fclass": "village", "population": 0, "name": "Mehunbare" }, "geometry": { "type": "Point", "coordinates": [ 74.9470285, 20.5711899 ] } },
{ "type": "Feature", "properties": { "osm_id": "245689635", "code": 1003, "fclass": "village", "population": 0, "name": "Kherda Bk" }, "geometry": { "type": "Point", "coordinates": [ 77.4376716, 20.5902418 ] } },
{ "type": "Feature", "properties": { "osm_id": "245689692", "code": 1003, "fclass": "village", "population": 0, "name": "Phardapur" }, "geometry": { "type": "Point", "coordinates": [ 75.7233954, 20.5842349 ] } },
{ "type": "Feature", "properties": { "osm_id": "245689999", "code": 1003, "fclass": "village", "population": 0, "name": "Babhulgaon" }, "geometry": { "type": "Point", "coordinates": [ 78.165693, 20.55657 ] } },
{ "type": "Feature", "properties": { "osm_id": "245690027", "code": 1003, "fclass": "village", "population": 0, "name": "Jamb" }, "geometry": { "type": "Point", "coordinates": [ 78.929103, 20.6132385 ] } },
{ "type": "Feature", "properties": { "osm_id": "245690125", "code": 1003, "fclass": "village", "population": 5000, "name": "Deoli" }, "geometry": { "type": "Point", "coordinates": [ 78.4773427, 20.6530047 ] } },
{ "type": "Feature", "properties": { "osm_id": "245690171", "code": 1002, "fclass": "town", "population": 44500, "name": "Balapur" }, "geometry": { "type": "Point", "coordinates": [ 76.773777, 20.6683381 ] } },
{ "type": "Feature", "properties": { "osm_id": "245690244", "code": 1002, "fclass": "town", "population": 0, "name": "Nandgaon Khandeshwar" }, "geometry": { "type": "Point", "coordinates": [ 77.8324046, 20.6798162 ] } },
{ "type": "Feature", "properties": { "osm_id": "245690517", "code": 1001, "fclass": "city", "population": 425800, "name": "Akola" }, "geometry": { "type": "Point", "coordinates": [ 77.002632, 20.7116604 ] } },
{ "type": "Feature", "properties": { "osm_id": "245690520", "code": 1003, "fclass": "village", "population": 0, "name": "Pahur" }, "geometry": { "type": "Point", "coordinates": [ 75.6813626, 20.7082161 ] } },
{ "type": "Feature", "properties": { "osm_id": "245690647", "code": 1002, "fclass": "town", "population": 40300, "name": "Murtijapur" }, "geometry": { "type": "Point", "coordinates": [ 77.3699281, 20.7346452 ] } },
{ "type": "Feature", "properties": { "osm_id": "245690660", "code": 1003, "fclass": "village", "population": 0, "name": "Chinchli" }, "geometry": { "type": "Point", "coordinates": [ 73.9183986, 20.7436781 ] } },
{ "type": "Feature", "properties": { "osm_id": "245690727", "code": 1001, "fclass": "city", "population": 106400, "name": "Wardha" }, "geometry": { "type": "Point", "coordinates": [ 78.5997922, 20.7464941 ] } },
{ "type": "Feature", "properties": { "osm_id": "245690789", "code": 1002, "fclass": "town", "population": 5000, "name": "Chikhli" }, "geometry": { "type": "Point", "coordinates": [ 73.0598983, 20.7581399 ] } },
{ "type": "Feature", "properties": { "osm_id": "245690815", "code": 1003, "fclass": "village", "population": 0, "name": "Mana" }, "geometry": { "type": "Point", "coordinates": [ 77.4798953, 20.7679433 ] } },
{ "type": "Feature", "properties": { "osm_id": "245690850", "code": 1003, "fclass": "village", "population": 0, "name": "Markekasa" }, "geometry": { "type": "Point", "coordinates": [ 80.5173453, 20.7729426 ] } },
{ "type": "Feature", "properties": { "osm_id": "245690884", "code": 1003, "fclass": "village", "population": 0, "name": "Arvi" }, "geometry": { "type": "Point", "coordinates": [ 74.7140907, 20.7468462 ] } },
{ "type": "Feature", "properties": { "osm_id": "245690941", "code": 1002, "fclass": "town", "population": 10000, "name": "Kodinar" }, "geometry": { "type": "Point", "coordinates": [ 70.7045453, 20.795759 ] } },
{ "type": "Feature", "properties": { "osm_id": "245691003", "code": 1003, "fclass": "village", "population": 0, "name": "Jamathi" }, "geometry": { "type": "Point", "coordinates": [ 75.9710079, 20.8082152 ] } },
{ "type": "Feature", "properties": { "osm_id": "245691052", "code": 1002, "fclass": "town", "population": 46700, "name": "Jamner" }, "geometry": { "type": "Point", "coordinates": [ 75.7801609, 20.8084074 ] } },
{ "type": "Feature", "properties": { "osm_id": "245691069", "code": 1002, "fclass": "town", "population": 22821, "name": "Pauni" }, "geometry": { "type": "Point", "coordinates": [ 79.6359627, 20.7926372 ] } },
{ "type": "Feature", "properties": { "osm_id": "245691085", "code": 1002, "fclass": "town", "population": 21000, "name": "Dhamangaon" }, "geometry": { "type": "Point", "coordinates": [ 78.1400186, 20.7857563 ] } },
{ "type": "Feature", "properties": { "osm_id": "245691124", "code": 1002, "fclass": "town", "population": 5000, "name": "Una" }, "geometry": { "type": "Point", "coordinates": [ 71.0391641, 20.8198898 ] } },
{ "type": "Feature", "properties": { "osm_id": "245691285", "code": 1003, "fclass": "village", "population": 15843, "name": "Gandeva" }, "geometry": { "type": "Point", "coordinates": [ 73.079887, 20.865059 ] } },
{ "type": "Feature", "properties": { "osm_id": "245691306", "code": 1003, "fclass": "village", "population": 5000, "name": "Sailu" }, "geometry": { "type": "Point", "coordinates": [ 78.7067438, 20.8375277 ] } },
{ "type": "Feature", "properties": { "osm_id": "245691507", "code": 1003, "fclass": "village", "population": 0, "name": "Ajang" }, "geometry": { "type": "Point", "coordinates": [ 74.8903378, 20.8799733 ] } },
{ "type": "Feature", "properties": { "osm_id": "245691573", "code": 1003, "fclass": "village", "population": 0, "name": "Mhasve" }, "geometry": { "type": "Point", "coordinates": [ 75.1493483, 20.8805842 ] } },
{ "type": "Feature", "properties": { "osm_id": "245691590", "code": 1002, "fclass": "town", "population": 67700, "name": "Malkapur" }, "geometry": { "type": "Point", "coordinates": [ 76.1984229, 20.8875432 ] } },
{ "type": "Feature", "properties": { "osm_id": "245691659", "code": 1003, "fclass": "village", "population": 0, "name": "Chichgad" }, "geometry": { "type": "Point", "coordinates": [ 80.3795316, 20.8950576 ] } },
{ "type": "Feature", "properties": { "osm_id": "245691673", "code": 1001, "fclass": "city", "population": 375550, "name": "Dhule" }, "geometry": { "type": "Point", "coordinates": [ 74.7732, 20.898 ] } },
{ "type": "Feature", "properties": { "osm_id": "245691743", "code": 1001, "fclass": "city", "population": 154600, "name": "Veraval" }, "geometry": { "type": "Point", "coordinates": [ 70.365279, 20.9101099 ] } },
{ "type": "Feature", "properties": { "osm_id": "245691788", "code": 1003, "fclass": "village", "population": 0, "name": "Kusumbe" }, "geometry": { "type": "Point", "coordinates": [ 74.5962882, 20.9133018 ] } },
{ "type": "Feature", "properties": { "osm_id": "245691842", "code": 1003, "fclass": "village", "population": 5000, "name": "Butibori" }, "geometry": { "type": "Point", "coordinates": [ 79.0070802, 20.9281928 ] } },
{ "type": "Feature", "properties": { "osm_id": "245691997", "code": 1003, "fclass": "village", "population": 0, "name": "Ner" }, "geometry": { "type": "Point", "coordinates": [ 74.5131182, 20.9427436 ] } },
{ "type": "Feature", "properties": { "osm_id": "245692062", "code": 1001, "fclass": "city", "population": 161000, "name": "Navsari" }, "geometry": { "type": "Point", "coordinates": [ 72.9323831, 20.952407 ] } },
{ "type": "Feature", "properties": { "osm_id": "245692256", "code": 1002, "fclass": "town", "population": 21700, "name": "Sakri" }, "geometry": { "type": "Point", "coordinates": [ 74.3154391, 20.9910829 ] } },
{ "type": "Feature", "properties": { "osm_id": "245692309", "code": 1003, "fclass": "village", "population": 0, "name": "Wadhona" }, "geometry": { "type": "Point", "coordinates": [ 78.3456355, 20.9979588 ] } }
]
}
